Record ID,Fiscal Year,Month Number,Month,Quarter,Period Date,Country,Currency,Business Unit,Client,Industry,Contract Type,Revenue Budget,Revenue Actual,Revenue Forecast,Total Cost Budget,Total Cost Actual,Total Cost Forecast,Gross Profit Budget,Gross Profit Actual,Gross Profit Forecast,Gross Margin Budget %,Gross Margin Actual Pct,Gross Margin Forecast %,Revenue Variance (Act vs Bud),Revenue Variance %,Cost Variance,Cost Variance %,Profit Variance,Profit Variance %,FTE Count,Billable FTE,Utilization %,
REV-00001,2026,1,Jan,Q1,2026-01-01,India,USD,Cloud Services,Apex Retail Group,Retail,Time & Material,"6,71,274","6,01,951","5,97,399","4,07,831","4,23,006","4,20,893","2,63,443","1,78,945","1,76,506",39.2%,29.7%,29.5%,"(69,323)",-10.3%,"15,175",3.7%,"(84,498)",-32.1%,12,9,75.0%,
REV-00002,2026,1,Jan,Q1,2026-01-01,India,USD,Cloud Services,BlueRiver Bank,Banking,Managed Services,"7,92,350","8,06,629","8,00,782","4,74,407","4,75,664","4,77,590","3,17,943","3,30,965","3,23,192",40.1%,41.0%,40.4%,"14,279",1.8%,"1,257",0.3%,"13,022",4.1%,16,13,81.3%,
REV-00003,2026,1,Jan,Q1,2026-01-01,India,USD,Cloud Services,Crestview Health,Healthcare,Fixed Price,"6,15,755","5,59,642","5,57,188","3,99,066","3,79,789","3,76,955","2,16,689","1,79,853","1,80,233",35.2%,32.1%,32.3%,"(56,113)",-9.1%,"(19,277)",-4.8%,"(36,836)",-17.0%,11,8,72.7%,
REV-00004,2026,1,Jan,Q1,2026-01-01,India,USD,Cloud Services,Delta Manufacturing,Manufacturing,Time & Material,"6,99,598","7,28,348","7,28,701","4,24,003","4,35,482","4,33,044","2,75,595","2,92,866","2,95,657",39.4%,40.2%,40.6%,"28,750",4.1%,"11,479",2.7%,"17,271",6.3%,13,11,84.6%,
REV-00005,2026,1,Jan,Q1,2026-01-01,India,USD,Cloud Services,Evergreen Telecom,Telecommunications,Managed Services,"7,23,733","7,31,516","7,28,066","4,48,913","4,49,737","4,49,843","2,74,820","2,81,779","2,78,223",38.0%,38.5%,38.2%,"7,783",1.1%,824,0.2%,"6,959",2.5%,14,12,85.7%,
REV-00006,2026,1,Jan,Q1,2026-01-01,India,USD,Data & Analytics,Apex Retail Group,Retail,Time & Material,"6,35,057","6,23,513","6,34,150","3,81,132","3,92,314","3,92,765","2,53,925","2,31,199","2,41,385",40.0%,37.1%,38.1%,"(11,544)",-1.8%,"11,182",2.9%,"(22,726)",-8.9%,11,9,81.8%,
REV-00007,2026,1,Jan,Q1,2026-01-01,India,USD,Data & Analytics,BlueRiver Bank,Banking,Managed Services,"7,25,148","7,87,983","7,98,601","4,36,598","4,67,749","4,67,248","2,88,550","3,20,234","3,31,353",39.8%,40.6%,41.5%,"62,835",8.7%,"31,151",7.1%,"31,684",11.0%,15,12,80.0%,
REV-00008,2026,1,Jan,Q1,2026-01-01,India,USD,Data & Analytics,Crestview Health,Healthcare,Fixed Price,"5,76,888","6,32,571","6,42,240","3,68,697","3,67,043","3,69,037","2,08,191","2,65,528","2,73,203",36.1%,42.0%,42.5%,"55,683",9.7%,"(1,654)",-0.4%,"57,337",27.5%,10,9,90.0%,
REV-00009,2026,1,Jan,Q1,2026-01-01,India,USD,Data & Analytics,Delta Manufacturing,Manufacturing,Time & Material,"6,54,761","6,86,240","6,81,065","4,06,187","4,11,944","4,12,630","2,48,574","2,74,296","2,68,435",38.0%,40.0%,39.4%,"31,479",4.8%,"5,757",1.4%,"25,722",10.3%,12,10,83.3%,
REV-00010,2026,1,Jan,Q1,2026-01-01,India,USD,Data & Analytics,Evergreen Telecom,Telecommunications,Managed Services,"7,14,304","7,45,649","7,30,056","4,37,438","4,39,900","4,39,648","2,76,866","3,05,749","2,90,408",38.8%,41.0%,39.8%,"31,345",4.4%,"2,462",0.6%,"28,883",10.4%,14,12,85.7%,
REV-00011,2026,1,Jan,Q1,2026-01-01,India,USD,Cybersecurity,Apex Retail Group,Retail,Time & Material,"6,29,797","6,41,096","6,50,565","3,76,944","3,89,927","3,86,098","2,52,853","2,51,169","2,64,467",40.1%,39.2%,40.7%,"11,299",1.8%,"12,983",3.4%,"(1,684)",-0.7%,11,9,81.8%,
REV-00012,2026,1,Jan,Q1,2026-01-01,India,USD,Cybersecurity,BlueRiver Bank,Banking,Managed Services,"7,29,769","8,02,320","8,12,416","4,54,164","4,51,839","4,47,600","2,75,605","3,50,481","3,64,816",37.8%,43.7%,44.9%,"72,551",9.9%,"(2,325)",-0.5%,"74,876",27.2%,13,12,92.3%,
REV-00013,2026,1,Jan,Q1,2026-01-01,India,USD,Cybersecurity,Crestview Health,Healthcare,Fixed Price,"5,75,856","5,47,256","5,34,312","3,64,355","3,48,432","3,45,565","2,11,501","1,98,824","1,88,747",36.7%,36.3%,35.3%,"(28,600)",-5.0%,"(15,923)",-4.4%,"(12,677)",-6.0%,11,9,81.8%,
REV-00014,2026,1,Jan,Q1,2026-01-01,India,USD,Cybersecurity,Delta Manufacturing,Manufacturing,Time & Material,"6,62,520","6,06,590","6,07,980","4,10,130","4,31,950","4,34,606","2,52,390","1,74,640","1,73,374",38.1%,28.8%,28.5%,"(55,930)",-8.4%,"21,820",5.3%,"(77,750)",-30.8%,13,10,76.9%,
REV-00015,2026,1,Jan,Q1,2026-01-01,India,USD,Cybersecurity,Evergreen Telecom,Telecommunications,Managed Services,"6,95,335","6,57,746","6,66,171","4,30,066","4,30,920","4,27,722","2,65,269","2,26,826","2,38,449",38.1%,34.5%,35.8%,"(37,589)",-5.4%,854,0.2%,"(38,443)",-14.5%,13,10,76.9%,
REV-00016,2026,1,Jan,Q1,2026-01-01,India,USD,Enterprise Applications,Apex Retail Group,Retail,Time & Material,"5,76,935","6,21,639","6,10,735","3,55,319","3,67,208","3,65,332","2,21,616","2,54,431","2,45,403",38.4%,40.9%,40.2%,"44,704",7.7%,"11,889",3.3%,"32,815",14.8%,12,10,83.3%,
REV-00017,2026,1,Jan,Q1,2026-01-01,India,USD,Enterprise Applications,BlueRiver Bank,Banking,Managed Services,"7,00,152","7,02,303","6,87,443","4,25,567","4,30,065","4,30,831","2,74,585","2,72,238","2,56,612",39.2%,38.8%,37.3%,"2,151",0.3%,"4,498",1.1%,"(2,347)",-0.9%,13,10,76.9%,
REV-00018,2026,1,Jan,Q1,2026-01-01,India,USD,Enterprise Applications,Crestview Health,Healthcare,Fixed Price,"5,34,330","5,04,540","5,06,321","3,48,984","3,53,578","3,58,004","1,85,346","1,50,962","1,48,317",34.7%,29.9%,29.3%,"(29,790)",-5.6%,"4,594",1.3%,"(34,384)",-18.6%,10,8,80.0%,
REV-00019,2026,1,Jan,Q1,2026-01-01,India,USD,Enterprise Applications,Delta Manufacturing,Manufacturing,Time & Material,"6,19,541","6,47,005","6,34,529","3,76,967","3,78,232","3,77,782","2,42,574","2,68,773","2,56,747",39.2%,41.5%,40.5%,"27,464",4.4%,"1,265",0.3%,"26,199",10.8%,12,10,83.3%,
REV-00020,2026,1,Jan,Q1,2026-01-01,India,USD,Enterprise Applications,Evergreen Telecom,Telecommunications,Managed Services,"6,55,156","6,32,853","6,35,202","4,12,001","3,93,964","3,95,985","2,43,155","2,38,889","2,39,217",37.1%,37.7%,37.7%,"(22,303)",-3.4%,"(18,037)",-4.4%,"(4,266)",-1.8%,12,10,83.3%,
REV-00021,2026,1,Jan,Q1,2026-01-01,India,USD,Digital Engineering,Apex Retail Group,Retail,Time & Material,"6,02,456","6,07,808","6,15,072","3,75,210","3,65,078","3,67,905","2,27,246","2,42,730","2,47,167",37.7%,39.9%,40.2%,"5,352",0.9%,"(10,132)",-2.7%,"15,484",6.8%,12,10,83.3%,
REV-00022,2026,1,Jan,Q1,2026-01-01,India,USD,Digital Engineering,BlueRiver Bank,Banking,Managed Services,"7,18,780","7,73,612","7,61,001","4,50,252","4,56,463","4,64,204","2,68,528","3,17,149","2,96,797",37.4%,41.0%,39.0%,"54,832",7.6%,"6,211",1.4%,"48,621",18.1%,15,13,86.7%,
REV-00023,2026,1,Jan,Q1,2026-01-01,India,USD,Digital Engineering,Crestview Health,Healthcare,Fixed Price,"5,46,733","5,52,413","5,48,026","3,55,912","3,41,447","3,45,167","1,90,821","2,10,966","2,02,859",34.9%,38.2%,37.0%,"5,680",1.0%,"(14,465)",-4.1%,"20,145",10.6%,12,9,75.0%,
REV-00024,2026,1,Jan,Q1,2026-01-01,India,USD,Digital Engineering,Delta Manufacturing,Manufacturing,Time & Material,"6,43,353","6,69,532","6,59,147","3,90,602","4,01,329","3,99,365","2,52,751","2,68,203","2,59,782",39.3%,40.1%,39.4%,"26,179",4.1%,"10,727",2.7%,"15,452",6.1%,12,10,83.3%,
REV-00025,2026,1,Jan,Q1,2026-01-01,India,USD,Digital Engineering,Evergreen Telecom,Telecommunications,Managed Services,"6,80,767","6,33,469","6,38,822","4,23,987","4,27,410","4,23,442","2,56,780","2,06,059","2,15,380",37.7%,32.5%,33.7%,"(47,298)",-6.9%,"3,423",0.8%,"(50,721)",-19.8%,14,11,78.6%,
REV-00026,2026,1,Jan,Q1,2026-01-01,India,USD,Managed Services,Apex Retail Group,Retail,Time & Material,"5,02,628","5,42,983","5,52,948","3,28,244","3,27,781","3,28,846","1,74,384","2,15,202","2,24,102",34.7%,39.6%,40.5%,"40,355",8.0%,(463),-0.1%,"40,818",23.4%,11,9,81.8%,
REV-00027,2026,1,Jan,Q1,2026-01-01,India,USD,Managed Services,BlueRiver Bank,Banking,Managed Services,"5,82,631","5,34,932","5,41,062","3,87,167","3,85,216","3,83,850","1,95,464","1,49,716","1,57,212",33.5%,28.0%,29.1%,"(47,699)",-8.2%,"(1,951)",-0.5%,"(45,748)",-23.4%,12,9,75.0%,
REV-00028,2026,1,Jan,Q1,2026-01-01,India,USD,Managed Services,Crestview Health,Healthcare,Fixed Price,"4,38,946","4,79,023","4,80,415","3,02,237","3,09,077","3,08,566","1,36,709","1,69,946","1,71,849",31.1%,35.5%,35.8%,"40,077",9.1%,"6,840",2.3%,"33,237",24.3%,8,7,87.5%,
REV-00029,2026,1,Jan,Q1,2026-01-01,India,USD,Managed Services,Delta Manufacturing,Manufacturing,Time & Material,"5,08,303","4,59,524","4,65,258","3,44,353","3,36,150","3,35,109","1,63,950","1,23,374","1,30,149",32.3%,26.8%,28.0%,"(48,779)",-9.6%,"(8,203)",-2.4%,"(40,576)",-24.7%,10,7,70.0%,
REV-00030,2026,1,Jan,Q1,2026-01-01,India,USD,Managed Services,Evergreen Telecom,Telecommunications,Managed Services,"5,52,198","5,41,253","5,40,346","3,66,126","3,89,302","3,94,189","1,86,072","1,51,951","1,46,157",33.7%,28.1%,27.0%,"(10,945)",-2.0%,"23,176",6.3%,"(34,121)",-18.3%,11,9,81.8%,
REV-00031,2026,1,Jan,Q1,2026-01-01,United States,USD,Cloud Services,Apex Retail Group,Retail,Time & Material,"11,54,571","11,79,302","11,61,891","7,12,491","7,35,307","7,38,145","4,42,080","4,43,995","4,23,746",38.3%,37.6%,36.5%,"24,731",2.1%,"22,816",3.2%,"1,915",0.4%,14,11,78.6%,
REV-00032,2026,1,Jan,Q1,2026-01-01,United States,USD,Cloud Services,BlueRiver Bank,Banking,Managed Services,"13,63,024","14,50,665","14,47,291","8,34,082","8,31,961","8,22,443","5,28,942","6,18,704","6,24,848",38.8%,42.6%,43.2%,"87,641",6.4%,"(2,121)",-0.3%,"89,762",17.0%,15,12,80.0%,
REV-00033,2026,1,Jan,Q1,2026-01-01,United States,USD,Cloud Services,Crestview Health,Healthcare,Fixed Price,"10,86,085","11,31,576","11,54,416","6,84,142","6,93,919","6,99,492","4,01,943","4,37,657","4,54,924",37.0%,38.7%,39.4%,"45,491",4.2%,"9,777",1.4%,"35,714",8.9%,11,10,90.9%,
REV-00034,2026,1,Jan,Q1,2026-01-01,United States,USD,Cloud Services,Delta Manufacturing,Manufacturing,Time & Material,"12,63,004","13,49,302","13,76,777","7,87,939","7,67,187","7,71,914","4,75,065","5,82,115","6,04,863",37.6%,43.1%,43.9%,"86,298",6.8%,"(20,752)",-2.6%,"1,07,050",22.5%,15,12,80.0%,
REV-00035,2026,1,Jan,Q1,2026-01-01,United States,USD,Cloud Services,Evergreen Telecom,Telecommunications,Managed Services,"12,63,223","11,71,130","11,50,076","7,80,563","7,67,569","7,69,811","4,82,660","4,03,561","3,80,265",38.2%,34.5%,33.1%,"(92,093)",-7.3%,"(12,994)",-1.7%,"(79,099)",-16.4%,15,12,80.0%,
REV-00036,2026,1,Jan,Q1,2026-01-01,United States,USD,Data & Analytics,Apex Retail Group,Retail,Time & Material,"11,19,426","12,04,716","12,15,231","6,86,606","6,85,457","6,88,223","4,32,820","5,19,259","5,27,008",38.7%,43.1%,43.4%,"85,290",7.6%,"(1,149)",-0.2%,"86,439",20.0%,13,11,84.6%,
REV-00037,2026,1,Jan,Q1,2026-01-01,United States,USD,Data & Analytics,BlueRiver Bank,Banking,Managed Services,"13,04,380","13,38,394","13,65,618","7,89,779","7,71,716","7,79,524","5,14,601","5,66,678","5,86,094",39.5%,42.3%,42.9%,"34,014",2.6%,"(18,063)",-2.3%,"52,077",10.1%,14,12,85.7%,
REV-00038,2026,1,Jan,Q1,2026-01-01,United States,USD,Data & Analytics,Crestview Health,Healthcare,Fixed Price,"9,91,456","10,69,454","10,45,651","6,20,953","6,02,589","6,02,526","3,70,503","4,66,865","4,43,125",37.4%,43.7%,42.4%,"77,998",7.9%,"(18,364)",-3.0%,"96,362",26.0%,12,10,83.3%,
REV-00039,2026,1,Jan,Q1,2026-01-01,United States,USD,Data & Analytics,Delta Manufacturing,Manufacturing,Time & Material,"11,43,443","12,32,757","12,12,280","6,98,966","7,02,294","7,08,564","4,44,477","5,30,463","5,03,716",38.9%,43.0%,41.6%,"89,314",7.8%,"3,328",0.5%,"85,986",19.3%,12,11,91.7%,
REV-00040,2026,1,Jan,Q1,2026-01-01,United States,USD,Data & Analytics,Evergreen Telecom,Telecommunications,Managed Services,"12,34,321","12,42,500","12,64,674","7,72,406","7,80,291","7,90,486","4,61,915","4,62,209","4,74,188",37.4%,37.2%,37.5%,"8,179",0.7%,"7,885",1.0%,294,0.1%,15,12,80.0%,
REV-00041,2026,1,Jan,Q1,2026-01-01,United States,USD,Cybersecurity,Apex Retail Group,Retail,Time & Material,"11,12,996","10,69,901","10,53,824","6,99,978","6,79,593","6,82,249","4,13,018","3,90,308","3,71,575",37.1%,36.5%,35.3%,"(43,095)",-3.9%,"(20,385)",-2.9%,"(22,710)",-5.5%,12,10,83.3%,
REV-00042,2026,1,Jan,Q1,2026-01-01,United States,USD,Cybersecurity,BlueRiver Bank,Banking,Managed Services,"12,46,259","12,95,917","12,97,085","7,83,702","8,11,955","8,19,324","4,62,557","4,83,962","4,77,761",37.1%,37.3%,36.8%,"49,658",4.0%,"28,253",3.6%,"21,405",4.6%,15,12,80.0%,
REV-00043,2026,1,Jan,Q1,2026-01-01,United States,USD,Cybersecurity,Crestview Health,Healthcare,Fixed Price,"9,88,035","10,73,631","10,99,905","6,25,767","6,20,136","6,20,615","3,62,268","4,53,495","4,79,290",36.7%,42.2%,43.6%,"85,596",8.7%,"(5,631)",-0.9%,"91,227",25.2%,11,9,81.8%,
REV-00044,2026,1,Jan,Q1,2026-01-01,United States,USD,Cybersecurity,Delta Manufacturing,Manufacturing,Time & Material,"11,47,925","10,69,309","10,57,844","7,21,339","7,29,482","7,24,614","4,26,586","3,39,827","3,33,230",37.2%,31.8%,31.5%,"(78,616)",-6.8%,"8,143",1.1%,"(86,759)",-20.3%,14,11,78.6%,
REV-00045,2026,1,Jan,Q1,2026-01-01,United States,USD,Cybersecurity,Evergreen Telecom,Telecommunications,Managed Services,"11,53,293","11,16,337","11,27,482","7,06,008","7,31,452","7,42,144","4,47,285","3,84,885","3,85,338",38.8%,34.5%,34.2%,"(36,956)",-3.2%,"25,444",3.6%,"(62,400)",-14.0%,12,9,75.0%,
REV-00046,2026,1,Jan,Q1,2026-01-01,United States,USD,Enterprise Applications,Apex Retail Group,Retail,Time & Material,"9,95,796","10,73,781","10,71,695","6,25,071","6,13,878","6,08,994","3,70,725","4,59,903","4,62,701",37.2%,42.8%,43.2%,"77,985",7.8%,"(11,193)",-1.8%,"89,178",24.1%,12,10,83.3%,
REV-00047,2026,1,Jan,Q1,2026-01-01,United States,USD,Enterprise Applications,BlueRiver Bank,Banking,Managed Services,"11,82,501","11,91,008","11,72,660","7,35,174","7,19,314","7,22,755","4,47,327","4,71,694","4,49,905",37.8%,39.6%,38.4%,"8,507",0.7%,"(15,860)",-2.2%,"24,367",5.4%,13,11,84.6%,
REV-00048,2026,1,Jan,Q1,2026-01-01,United States,USD,Enterprise Applications,Crestview Health,Healthcare,Fixed Price,"9,36,682","8,67,505","8,76,499","6,00,139","6,00,369","6,01,468","3,36,543","2,67,136","2,75,031",35.9%,30.8%,31.4%,"(69,177)",-7.4%,230,0.0%,"(69,407)",-20.6%,10,8,80.0%,
REV-00049,2026,1,Jan,Q1,2026-01-01,United States,USD,Enterprise Applications,Delta Manufacturing,Manufacturing,Time & Material,"10,74,503","10,58,902","10,65,018","6,69,067","6,53,776","6,46,979","4,05,436","4,05,126","4,18,039",37.7%,38.3%,39.3%,"(15,601)",-1.5%,"(15,291)",-2.3%,(310),-0.1%,12,10,83.3%,
REV-00050,2026,1,Jan,Q1,2026-01-01,United States,USD,Enterprise Applications,Evergreen Telecom,Telecommunications,Managed Services,"11,21,177","11,34,049","11,29,330","6,98,363","7,16,014","7,12,425","4,22,814","4,18,035","4,16,905",37.7%,36.9%,36.9%,"12,872",1.1%,"17,651",2.5%,"(4,779)",-1.1%,13,10,76.9%,
REV-00051,2026,1,Jan,Q1,2026-01-01,United States,USD,Digital Engineering,Apex Retail Group,Retail,Time & Material,"10,46,924","9,73,431","9,51,917","6,45,775","6,70,469","6,77,983","4,01,149","3,02,962","2,73,934",38.3%,31.1%,28.8%,"(73,493)",-7.0%,"24,694",3.8%,"(98,187)",-24.5%,12,9,75.0%,
REV-00052,2026,1,Jan,Q1,2026-01-01,United States,USD,Digital Engineering,BlueRiver Bank,Banking,Managed Services,"12,54,985","13,53,282","13,29,170","7,72,682","7,58,676","7,61,338","4,82,303","5,94,606","5,67,832",38.4%,43.9%,42.7%,"98,297",7.8%,"(14,006)",-1.8%,"1,12,303",23.3%,13,11,84.6%,
REV-00053,2026,1,Jan,Q1,2026-01-01,United States,USD,Digital Engineering,Crestview Health,Healthcare,Fixed Price,"9,29,392","9,24,999","9,13,790","5,80,115","6,30,476","6,22,647","3,49,277","2,94,523","2,91,143",37.6%,31.8%,31.9%,"(4,393)",-0.5%,"50,361",8.7%,"(54,754)",-15.7%,10,8,80.0%,
REV-00054,2026,1,Jan,Q1,2026-01-01,United States,USD,Digital Engineering,Delta Manufacturing,Manufacturing,Time & Material,"10,94,633","10,84,591","10,62,796","6,60,369","6,83,062","6,81,325","4,34,264","4,01,529","3,81,471",39.7%,37.0%,35.9%,"(10,042)",-0.9%,"22,693",3.4%,"(32,735)",-7.5%,14,11,78.6%,
REV-00055,2026,1,Jan,Q1,2026-01-01,United States,USD,Digital Engineering,Evergreen Telecom,Telecommunications,Managed Services,"11,85,132","11,76,911","11,69,805","7,41,723","7,64,436","7,58,677","4,43,409","4,12,475","4,11,128",37.4%,35.0%,35.1%,"(8,221)",-0.7%,"22,713",3.1%,"(30,934)",-7.0%,13,11,84.6%,
REV-00056,2026,1,Jan,Q1,2026-01-01,United States,USD,Managed Services,Apex Retail Group,Retail,Time & Material,"8,90,506","9,63,072","9,72,831","5,94,525","5,87,003","5,85,818","2,95,981","3,76,069","3,87,013",33.2%,39.0%,39.8%,"72,566",8.1%,"(7,522)",-1.3%,"80,088",27.1%,10,9,90.0%,
REV-00057,2026,1,Jan,Q1,2026-01-01,United States,USD,Managed Services,BlueRiver Bank,Banking,Managed Services,"9,69,433","10,02,313","10,19,938","6,52,854","6,42,818","6,52,153","3,16,579","3,59,495","3,67,785",32.7%,35.9%,36.1%,"32,880",3.4%,"(10,036)",-1.5%,"42,916",13.6%,12,10,83.3%,
REV-00058,2026,1,Jan,Q1,2026-01-01,United States,USD,Managed Services,Crestview Health,Healthcare,Fixed Price,"8,08,097","8,84,887","8,72,123","5,48,449","5,33,759","5,29,430","2,59,648","3,51,128","3,42,693",32.1%,39.7%,39.3%,"76,790",9.5%,"(14,690)",-2.7%,"91,480",35.2%,9,8,88.9%,
REV-00059,2026,1,Jan,Q1,2026-01-01,United States,USD,Managed Services,Delta Manufacturing,Manufacturing,Time & Material,"8,82,102","8,62,097","8,52,121","5,85,023","5,59,515","5,64,727","2,97,079","3,02,582","2,87,394",33.7%,35.1%,33.7%,"(20,005)",-2.3%,"(25,508)",-4.4%,"5,503",1.9%,10,8,80.0%,
REV-00060,2026,1,Jan,Q1,2026-01-01,United States,USD,Managed Services,Evergreen Telecom,Telecommunications,Managed Services,"9,66,258","10,51,126","10,45,452","6,30,963","6,18,255","6,20,871","3,35,295","4,32,871","4,24,581",34.7%,41.2%,40.6%,"84,868",8.8%,"(12,708)",-2.0%,"97,576",29.1%,11,10,90.9%,
REV-00061,2026,1,Jan,Q1,2026-01-01,United Kingdom,USD,Cloud Services,Apex Retail Group,Retail,Time & Material,"9,82,663","9,79,015","9,71,715","6,17,887","6,41,922","6,41,488","3,64,776","3,37,093","3,30,227",37.1%,34.4%,34.0%,"(3,648)",-0.4%,"24,035",3.9%,"(27,683)",-7.6%,14,11,78.6%,
REV-00062,2026,1,Jan,Q1,2026-01-01,United Kingdom,USD,Cloud Services,BlueRiver Bank,Banking,Managed Services,"11,49,004","10,60,620","10,48,372","7,09,112","6,66,273","6,61,516","4,39,892","3,94,347","3,86,856",38.3%,37.2%,36.9%,"(88,384)",-7.7%,"(42,839)",-6.0%,"(45,545)",-10.4%,17,13,76.5%,
REV-00063,2026,1,Jan,Q1,2026-01-01,United Kingdom,USD,Cloud Services,Crestview Health,Healthcare,Fixed Price,"8,75,341","8,29,618","8,49,222","5,70,604","5,64,006","5,62,900","3,04,737","2,65,612","2,86,322",34.8%,32.0%,33.7%,"(45,723)",-5.2%,"(6,598)",-1.2%,"(39,125)",-12.8%,12,9,75.0%,
REV-00064,2026,1,Jan,Q1,2026-01-01,United Kingdom,USD,Cloud Services,Delta Manufacturing,Manufacturing,Time & Material,"10,31,735","11,26,074","11,50,360","6,40,225","6,50,117","6,44,925","3,91,510","4,75,957","5,05,435",37.9%,42.3%,43.9%,"94,339",9.1%,"9,892",1.5%,"84,447",21.6%,13,11,84.6%,
REV-00065,2026,1,Jan,Q1,2026-01-01,United Kingdom,USD,Cloud Services,Evergreen Telecom,Telecommunications,Managed Services,"10,52,310","11,24,577","11,10,432","6,60,565","6,65,430","6,62,476","3,91,745","4,59,147","4,47,956",37.2%,40.8%,40.3%,"72,267",6.9%,"4,865",0.7%,"67,402",17.2%,13,11,84.6%,
REV-00066,2026,1,Jan,Q1,2026-01-01,United Kingdom,USD,Data & Analytics,Apex Retail Group,Retail,Time & Material,"9,04,991","9,75,064","9,70,233","5,49,473","5,61,007","5,53,544","3,55,518","4,14,057","4,16,689",39.3%,42.5%,42.9%,"70,073",7.7%,"11,534",2.1%,"58,539",16.5%,13,11,84.6%,
REV-00067,2026,1,Jan,Q1,2026-01-01,United Kingdom,USD,Data & Analytics,BlueRiver Bank,Banking,Managed Services,"10,59,846","11,20,859","11,31,188","6,45,539","6,20,337","6,14,850","4,14,307","5,00,522","5,16,338",39.1%,44.7%,45.6%,"61,013",5.8%,"(25,202)",-3.9%,"86,215",20.8%,15,12,80.0%,
REV-00068,2026,1,Jan,Q1,2026-01-01,United Kingdom,USD,Data & Analytics,Crestview Health,Healthcare,Fixed Price,"8,33,075","7,84,253","7,86,784","5,26,588","5,59,263","5,62,013","3,06,487","2,24,990","2,24,771",36.8%,28.7%,28.6%,"(48,822)",-5.9%,"32,675",6.2%,"(81,497)",-26.6%,11,8,72.7%,
REV-00069,2026,1,Jan,Q1,2026-01-01,United Kingdom,USD,Data & Analytics,Delta Manufacturing,Manufacturing,Time & Material,"9,79,595","8,83,509","8,78,656","6,02,447","5,79,949","5,81,979","3,77,148","3,03,560","2,96,677",38.5%,34.4%,33.8%,"(96,086)",-9.8%,"(22,498)",-3.7%,"(73,588)",-19.5%,13,10,76.9%,
REV-00070,2026,1,Jan,Q1,2026-01-01,United Kingdom,USD,Data & Analytics,Evergreen Telecom,Telecommunications,Managed Services,"10,09,147","10,86,949","10,68,904","6,27,732","6,33,608","6,35,534","3,81,415","4,53,341","4,33,370",37.8%,41.7%,40.5%,"77,802",7.7%,"5,876",0.9%,"71,926",18.9%,14,12,85.7%,
REV-00071,2026,1,Jan,Q1,2026-01-01,United Kingdom,USD,Cybersecurity,Apex Retail Group,Retail,Time & Material,"9,07,078","8,44,492","8,38,386","5,63,789","5,41,045","5,42,483","3,43,289","3,03,447","2,95,903",37.8%,35.9%,35.3%,"(62,586)",-6.9%,"(22,744)",-4.0%,"(39,842)",-11.6%,13,10,76.9%,
REV-00072,2026,1,Jan,Q1,2026-01-01,United Kingdom,USD,Cybersecurity,BlueRiver Bank,Banking,Managed Services,"10,52,741","10,36,881","10,56,194","6,44,490","6,79,119","6,79,601","4,08,251","3,57,762","3,76,593",38.8%,34.5%,35.7%,"(15,860)",-1.5%,"34,629",5.4%,"(50,489)",-12.4%,16,13,81.3%,
REV-00073,2026,1,Jan,Q1,2026-01-01,United Kingdom,USD,Cybersecurity,Crestview Health,Healthcare,Fixed Price,"8,10,375","8,86,953","8,99,673","5,14,273","5,27,104","5,26,566","2,96,102","3,59,849","3,73,107",36.5%,40.6%,41.5%,"76,578",9.4%,"12,831",2.5%,"63,747",21.5%,12,10,83.3%,
REV-00074,2026,1,Jan,Q1,2026-01-01,United Kingdom,USD,Cybersecurity,Delta Manufacturing,Manufacturing,Time & Material,"9,68,593","10,17,795","10,11,395","5,91,066","6,01,731","5,97,129","3,77,527","4,16,064","4,14,266",39.0%,40.9%,41.0%,"49,202",5.1%,"10,665",1.8%,"38,537",10.2%,13,11,84.6%,
REV-00075,2026,1,Jan,Q1,2026-01-01,United Kingdom,USD,Cybersecurity,Evergreen Telecom,Telecommunications,Managed Services,"9,83,600","9,21,214","9,21,625","5,93,961","5,82,921","5,81,651","3,89,639","3,38,293","3,39,974",39.6%,36.7%,36.9%,"(62,386)",-6.3%,"(11,040)",-1.9%,"(51,346)",-13.2%,14,11,78.6%,
REV-00076,2026,1,Jan,Q1,2026-01-01,United Kingdom,USD,Enterprise Applications,Apex Retail Group,Retail,Time & Material,"8,68,502","8,95,024","8,98,853","5,27,231","5,20,269","5,15,838","3,41,271","3,74,755","3,83,015",39.3%,41.9%,42.6%,"26,522",3.1%,"(6,962)",-1.3%,"33,484",9.8%,12,10,83.3%,
REV-00077,2026,1,Jan,Q1,2026-01-01,United Kingdom,USD,Enterprise Applications,BlueRiver Bank,Banking,Managed Services,"9,67,183","8,66,324","8,63,155","5,87,945","6,13,627","6,21,039","3,79,238","2,52,697","2,42,116",39.2%,29.2%,28.1%,"(1,00,859)",-10.4%,"25,682",4.4%,"(1,26,541)",-33.4%,13,10,76.9%,
REV-00078,2026,1,Jan,Q1,2026-01-01,United Kingdom,USD,Enterprise Applications,Crestview Health,Healthcare,Fixed Price,"7,43,989","6,77,080","6,89,925","4,79,166","4,75,424","4,80,742","2,64,823","2,01,656","2,09,183",35.6%,29.8%,30.3%,"(66,909)",-9.0%,"(3,742)",-0.8%,"(63,167)",-23.9%,10,8,80.0%,
REV-00079,2026,1,Jan,Q1,2026-01-01,United Kingdom,USD,Enterprise Applications,Delta Manufacturing,Manufacturing,Time & Material,"8,71,656","8,19,475","8,01,106","5,25,631","5,05,268","5,05,329","3,46,025","3,14,207","2,95,777",39.7%,38.3%,36.9%,"(52,181)",-6.0%,"(20,363)",-3.9%,"(31,818)",-9.2%,11,9,81.8%,
REV-00080,2026,1,Jan,Q1,2026-01-01,United Kingdom,USD,Enterprise Applications,Evergreen Telecom,Telecommunications,Managed Services,"9,37,965","9,29,597","9,24,760","5,87,557","5,90,500","5,87,592","3,50,408","3,39,097","3,37,168",37.4%,36.5%,36.5%,"(8,368)",-0.9%,"2,943",0.5%,"(11,311)",-3.2%,13,10,76.9%,
REV-00081,2026,1,Jan,Q1,2026-01-01,United Kingdom,USD,Digital Engineering,Apex Retail Group,Retail,Time & Material,"8,86,435","8,41,033","8,23,732","5,56,151","5,57,158","5,57,455","3,30,284","2,83,875","2,66,277",37.3%,33.8%,32.3%,"(45,402)",-5.1%,"1,007",0.2%,"(46,409)",-14.1%,11,8,72.7%,
REV-00082,2026,1,Jan,Q1,2026-01-01,United Kingdom,USD,Digital Engineering,BlueRiver Bank,Banking,Managed Services,"10,00,594","9,92,982","9,88,584","6,28,403","6,18,571","6,15,332","3,72,191","3,74,411","3,73,252",37.2%,37.7%,37.8%,"(7,612)",-0.8%,"(9,832)",-1.6%,"2,220",0.6%,13,10,76.9%,
REV-00083,2026,1,Jan,Q1,2026-01-01,United Kingdom,USD,Digital Engineering,Crestview Health,Healthcare,Fixed Price,"7,70,193","7,30,162","7,15,077","4,85,730","4,75,760","4,70,542","2,84,463","2,54,402","2,44,535",36.9%,34.8%,34.2%,"(40,031)",-5.2%,"(9,970)",-2.1%,"(30,061)",-10.6%,11,9,81.8%,
REV-00084,2026,1,Jan,Q1,2026-01-01,United Kingdom,USD,Digital Engineering,Delta Manufacturing,Manufacturing,Time & Material,"8,98,855","8,06,214","8,17,106","5,38,580","5,54,281","5,56,031","3,60,275","2,51,933","2,61,075",40.1%,31.2%,32.0%,"(92,641)",-10.3%,"15,701",2.9%,"(1,08,342)",-30.1%,11,9,81.8%,
REV-00085,2026,1,Jan,Q1,2026-01-01,United Kingdom,USD,Digital Engineering,Evergreen Telecom,Telecommunications,Managed Services,"9,57,747","9,51,936","9,35,418","5,79,865","5,94,204","5,97,487","3,77,882","3,57,732","3,37,931",39.5%,37.6%,36.1%,"(5,811)",-0.6%,"14,339",2.5%,"(20,150)",-5.3%,12,10,83.3%,
REV-00086,2026,1,Jan,Q1,2026-01-01,United Kingdom,USD,Managed Services,Apex Retail Group,Retail,Time & Material,"7,11,033","7,28,332","7,23,914","4,85,502","4,99,206","4,95,482","2,25,531","2,29,126","2,28,432",31.7%,31.5%,31.6%,"17,299",2.4%,"13,704",2.8%,"3,595",1.6%,10,8,80.0%,
REV-00087,2026,1,Jan,Q1,2026-01-01,United Kingdom,USD,Managed Services,BlueRiver Bank,Banking,Managed Services,"8,05,769","7,33,395","7,41,688","5,43,434","5,19,881","5,20,706","2,62,335","2,13,514","2,20,982",32.6%,29.1%,29.8%,"(72,374)",-9.0%,"(23,553)",-4.3%,"(48,821)",-18.6%,10,8,80.0%,
REV-00088,2026,1,Jan,Q1,2026-01-01,United Kingdom,USD,Managed Services,Crestview Health,Healthcare,Fixed Price,"6,32,274","5,74,815","5,82,344","4,36,666","4,47,702","4,47,108","1,95,608","1,27,113","1,35,236",30.9%,22.1%,23.2%,"(57,459)",-9.1%,"11,036",2.5%,"(68,495)",-35.0%,8,6,75.0%,
REV-00089,2026,1,Jan,Q1,2026-01-01,United Kingdom,USD,Managed Services,Delta Manufacturing,Manufacturing,Time & Material,"7,53,947","7,02,365","6,99,415","4,91,262","4,99,870","5,02,543","2,62,685","2,02,495","1,96,872",34.8%,28.8%,28.1%,"(51,582)",-6.8%,"8,608",1.8%,"(60,190)",-22.9%,10,8,80.0%,
REV-00090,2026,1,Jan,Q1,2026-01-01,United Kingdom,USD,Managed Services,Evergreen Telecom,Telecommunications,Managed Services,"7,65,843","7,46,415","7,53,243","5,03,534","5,04,125","5,09,575","2,62,309","2,42,290","2,43,668",34.3%,32.5%,32.3%,"(19,428)",-2.5%,591,0.1%,"(20,019)",-7.6%,11,9,81.8%,
REV-00091,2026,1,Jan,Q1,2026-01-01,Germany,USD,Cloud Services,Apex Retail Group,Retail,Time & Material,"9,22,405","8,70,074","8,87,603","5,75,193","6,14,631","6,11,334","3,47,212","2,55,443","2,76,269",37.6%,29.4%,31.1%,"(52,331)",-5.7%,"39,438",6.9%,"(91,769)",-26.4%,13,10,76.9%,
REV-00092,2026,1,Jan,Q1,2026-01-01,Germany,USD,Cloud Services,BlueRiver Bank,Banking,Managed Services,"10,99,409","10,03,120","10,19,378","6,79,536","6,81,997","6,83,241","4,19,873","3,21,123","3,36,137",38.2%,32.0%,33.0%,"(96,289)",-8.8%,"2,461",0.4%,"(98,750)",-23.5%,15,12,80.0%,
REV-00093,2026,1,Jan,Q1,2026-01-01,Germany,USD,Cloud Services,Crestview Health,Healthcare,Fixed Price,"8,69,577","9,09,089","9,27,324","5,56,976","5,59,936","5,60,827","3,12,601","3,49,153","3,66,497",35.9%,38.4%,39.5%,"39,512",4.5%,"2,960",0.5%,"36,552",11.7%,12,10,83.3%,
REV-00094,2026,1,Jan,Q1,2026-01-01,Germany,USD,Cloud Services,Delta Manufacturing,Manufacturing,Time & Material,"9,71,426","10,36,879","10,38,516","6,03,795","5,97,453","5,97,522","3,67,631","4,39,426","4,40,994",37.8%,42.4%,42.5%,"65,453",6.7%,"(6,342)",-1.1%,"71,795",19.5%,13,10,76.9%,
REV-00095,2026,1,Jan,Q1,2026-01-01,Germany,USD,Cloud Services,Evergreen Telecom,Telecommunications,Managed Services,"9,90,269","9,14,818","9,00,368","6,15,939","6,28,434","6,33,518","3,74,330","2,86,384","2,66,850",37.8%,31.3%,29.6%,"(75,451)",-7.6%,"12,495",2.0%,"(87,946)",-23.5%,14,11,78.6%,
REV-00096,2026,1,Jan,Q1,2026-01-01,Germany,USD,Data & Analytics,Apex Retail Group,Retail,Time & Material,"9,00,671","8,54,267","8,59,462","5,50,329","5,75,039","5,78,170","3,50,342","2,79,228","2,81,292",38.9%,32.7%,32.7%,"(46,404)",-5.2%,"24,710",4.5%,"(71,114)",-20.3%,13,10,76.9%,
REV-00097,2026,1,Jan,Q1,2026-01-01,Germany,USD,Data & Analytics,BlueRiver Bank,Banking,Managed Services,"9,84,476","9,50,625","9,58,803","5,96,020","6,07,776","6,04,522","3,88,456","3,42,849","3,54,281",39.5%,36.1%,37.0%,"(33,851)",-3.4%,"11,756",2.0%,"(45,607)",-11.7%,13,10,76.9%,
REV-00098,2026,1,Jan,Q1,2026-01-01,Germany,USD,Data & Analytics,Crestview Health,Healthcare,Fixed Price,"7,73,216","7,38,492","7,29,263","5,00,132","5,24,824","5,29,902","2,73,084","2,13,668","1,99,361",35.3%,28.9%,27.3%,"(34,724)",-4.5%,"24,692",4.9%,"(59,416)",-21.8%,10,8,80.0%,
REV-00099,2026,1,Jan,Q1,2026-01-01,Germany,USD,Data & Analytics,Delta Manufacturing,Manufacturing,Time & Material,"9,21,597","8,49,067","8,52,586","5,78,237","5,70,922","5,65,176","3,43,360","2,78,145","2,87,410",37.3%,32.8%,33.7%,"(72,530)",-7.9%,"(7,315)",-1.3%,"(65,215)",-19.0%,12,9,75.0%,
REV-00100,2026,1,Jan,Q1,2026-01-01,Germany,USD,Data & Analytics,Evergreen Telecom,Telecommunications,Managed Services,"9,31,845","9,49,527","9,65,844","5,66,766","5,71,515","5,72,530","3,65,079","3,78,012","3,93,314",39.2%,39.8%,40.7%,"17,682",1.9%,"4,749",0.8%,"12,933",3.5%,13,10,76.9%,
REV-00101,2026,1,Jan,Q1,2026-01-01,Germany,USD,Cybersecurity,Apex Retail Group,Retail,Time & Material,"8,72,444","8,21,646","8,27,592","5,46,186","5,31,455","5,32,523","3,26,258","2,90,191","2,95,069",37.4%,35.3%,35.7%,"(50,798)",-5.8%,"(14,731)",-2.7%,"(36,067)",-11.1%,12,10,83.3%,
REV-00102,2026,1,Jan,Q1,2026-01-01,Germany,USD,Cybersecurity,BlueRiver Bank,Banking,Managed Services,"10,11,701","10,03,474","9,83,132","6,33,231","6,07,692","6,07,965","3,78,470","3,95,782","3,75,167",37.4%,39.4%,38.2%,"(8,227)",-0.8%,"(25,539)",-4.0%,"17,312",4.6%,15,12,80.0%,
REV-00103,2026,1,Jan,Q1,2026-01-01,Germany,USD,Cybersecurity,Crestview Health,Healthcare,Fixed Price,"7,64,181","7,65,210","7,60,290","4,91,118","4,73,255","4,68,551","2,73,063","2,91,955","2,91,739",35.7%,38.2%,38.4%,"1,029",0.1%,"(17,863)",-3.6%,"18,892",6.9%,12,10,83.3%,
REV-00104,2026,1,Jan,Q1,2026-01-01,Germany,USD,Cybersecurity,Delta Manufacturing,Manufacturing,Time & Material,"8,89,845","9,77,683","9,54,049","5,41,371","5,33,366","5,30,863","3,48,474","4,44,317","4,23,186",39.2%,45.4%,44.4%,"87,838",9.9%,"(8,005)",-1.5%,"95,843",27.5%,13,12,92.3%,
REV-00105,2026,1,Jan,Q1,2026-01-01,Germany,USD,Cybersecurity,Evergreen Telecom,Telecommunications,Managed Services,"9,44,101","9,59,436","9,54,655","5,83,084","5,98,216","5,98,237","3,61,017","3,61,220","3,56,418",38.2%,37.6%,37.3%,"15,335",1.6%,"15,132",2.6%,203,0.1%,13,11,84.6%,
REV-00106,2026,1,Jan,Q1,2026-01-01,Germany,USD,Enterprise Applications,Apex Retail Group,Retail,Time & Material,"8,05,169","7,94,300","7,77,002","4,82,295","4,76,727","4,74,208","3,22,874","3,17,573","3,02,794",40.1%,40.0%,39.0%,"(10,869)",-1.3%,"(5,568)",-1.2%,"(5,301)",-1.6%,11,9,81.8%,
REV-00107,2026,1,Jan,Q1,2026-01-01,Germany,USD,Enterprise Applications,BlueRiver Bank,Banking,Managed Services,"9,45,668","9,72,883","9,91,998","5,81,254","5,84,739","5,81,223","3,64,414","3,88,144","4,10,775",38.5%,39.9%,41.4%,"27,215",2.9%,"3,485",0.6%,"23,730",6.5%,15,12,80.0%,
REV-00108,2026,1,Jan,Q1,2026-01-01,Germany,USD,Enterprise Applications,Crestview Health,Healthcare,Fixed Price,"7,51,080","7,05,078","6,98,583","4,75,436","4,74,194","4,71,288","2,75,644","2,30,884","2,27,295",36.7%,32.7%,32.5%,"(46,002)",-6.1%,"(1,242)",-0.3%,"(44,760)",-16.2%,10,8,80.0%,
REV-00109,2026,1,Jan,Q1,2026-01-01,Germany,USD,Enterprise Applications,Delta Manufacturing,Manufacturing,Time & Material,"8,24,781","8,55,411","8,76,691","4,97,584","4,64,209","4,66,396","3,27,197","3,91,202","4,10,295",39.7%,45.7%,46.8%,"30,630",3.7%,"(33,375)",-6.7%,"64,005",19.6%,11,9,81.8%,
REV-00110,2026,1,Jan,Q1,2026-01-01,Germany,USD,Enterprise Applications,Evergreen Telecom,Telecommunications,Managed Services,"9,05,427","9,55,775","9,66,037","5,61,611","5,43,197","5,38,482","3,43,816","4,12,578","4,27,555",38.0%,43.2%,44.3%,"50,348",5.6%,"(18,414)",-3.3%,"68,762",20.0%,13,11,84.6%,
REV-00111,2026,1,Jan,Q1,2026-01-01,Germany,USD,Digital Engineering,Apex Retail Group,Retail,Time & Material,"8,53,376","9,39,380","9,33,493","5,19,466","4,92,906","4,94,062","3,33,910","4,46,474","4,39,431",39.1%,47.5%,47.1%,"86,004",10.1%,"(26,560)",-5.1%,"1,12,564",33.7%,12,11,91.7%,
REV-00112,2026,1,Jan,Q1,2026-01-01,Germany,USD,Digital Engineering,BlueRiver Bank,Banking,Managed Services,"9,48,367","8,72,067","8,66,788","5,88,830","6,15,954","6,17,372","3,59,537","2,56,113","2,49,416",37.9%,29.4%,28.8%,"(76,300)",-8.0%,"27,124",4.6%,"(1,03,424)",-28.8%,14,10,71.4%,
REV-00113,2026,1,Jan,Q1,2026-01-01,Germany,USD,Digital Engineering,Crestview Health,Healthcare,Fixed Price,"7,46,092","8,14,352","8,25,958","4,77,008","4,54,501","4,57,126","2,69,084","3,59,851","3,68,832",36.1%,44.2%,44.7%,"68,260",9.1%,"(22,507)",-4.7%,"90,767",33.7%,10,8,80.0%,
REV-00114,2026,1,Jan,Q1,2026-01-01,Germany,USD,Digital Engineering,Delta Manufacturing,Manufacturing,Time & Material,"8,48,567","8,54,293","8,74,308","5,29,772","5,41,591","5,36,842","3,18,795","3,12,702","3,37,466",37.6%,36.6%,38.6%,"5,726",0.7%,"11,819",2.2%,"(6,093)",-1.9%,13,11,84.6%,
REV-00115,2026,1,Jan,Q1,2026-01-01,Germany,USD,Digital Engineering,Evergreen Telecom,Telecommunications,Managed Services,"9,33,082","8,67,783","8,78,194","5,66,887","5,83,671","5,78,352","3,66,195","2,84,112","2,99,842",39.2%,32.7%,34.1%,"(65,299)",-7.0%,"16,784",3.0%,"(82,083)",-22.4%,14,11,78.6%,
REV-00116,2026,1,Jan,Q1,2026-01-01,Germany,USD,Managed Services,Apex Retail Group,Retail,Time & Material,"6,73,627","6,83,092","6,70,044","4,39,125","4,37,980","4,37,265","2,34,502","2,45,112","2,32,779",34.8%,35.9%,34.7%,"9,465",1.4%,"(1,145)",-0.3%,"10,610",4.5%,10,8,80.0%,
REV-00117,2026,1,Jan,Q1,2026-01-01,Germany,USD,Managed Services,BlueRiver Bank,Banking,Managed Services,"7,75,360","8,51,638","8,39,463","5,20,314","5,17,972","5,15,498","2,55,046","3,33,666","3,23,965",32.9%,39.2%,38.6%,"76,278",9.8%,"(2,342)",-0.5%,"78,620",30.8%,11,9,81.8%,
REV-00118,2026,1,Jan,Q1,2026-01-01,Germany,USD,Managed Services,Crestview Health,Healthcare,Fixed Price,"6,22,403","6,10,925","6,24,054","4,23,342","4,14,372","4,17,942","1,99,061","1,96,553","2,06,112",32.0%,32.2%,33.0%,"(11,478)",-1.8%,"(8,970)",-2.1%,"(2,508)",-1.3%,9,7,77.8%,
REV-00119,2026,1,Jan,Q1,2026-01-01,Germany,USD,Managed Services,Delta Manufacturing,Manufacturing,Time & Material,"7,35,515","6,67,667","6,65,030","4,98,228","4,94,507","4,97,452","2,37,287","1,73,160","1,67,578",32.3%,25.9%,25.2%,"(67,848)",-9.2%,"(3,721)",-0.7%,"(64,127)",-27.0%,11,8,72.7%,
REV-00120,2026,1,Jan,Q1,2026-01-01,Germany,USD,Managed Services,Evergreen Telecom,Telecommunications,Managed Services,"7,71,718","7,80,099","7,81,336","5,09,670","5,09,962","5,09,883","2,62,048","2,70,137","2,71,453",34.0%,34.6%,34.7%,"8,381",1.1%,292,0.1%,"8,089",3.1%,11,9,81.8%,
REV-00121,2026,1,Jan,Q1,2026-01-01,Singapore,USD,Cloud Services,Apex Retail Group,Retail,Time & Material,"8,93,593","9,22,222","9,29,184","5,50,943","5,79,189","5,82,785","3,42,650","3,43,033","3,46,399",38.3%,37.2%,37.3%,"28,629",3.2%,"28,246",5.1%,383,0.1%,13,11,84.6%,
REV-00122,2026,1,Jan,Q1,2026-01-01,Singapore,USD,Cloud Services,BlueRiver Bank,Banking,Managed Services,"10,36,496","10,87,154","10,97,778","6,42,586","6,21,310","6,15,891","3,93,910","4,65,844","4,81,887",38.0%,42.8%,43.9%,"50,658",4.9%,"(21,276)",-3.3%,"71,934",18.3%,16,14,87.5%,
REV-00123,2026,1,Jan,Q1,2026-01-01,Singapore,USD,Cloud Services,Crestview Health,Healthcare,Fixed Price,"7,86,730","8,39,429","8,25,635","5,10,008","5,08,237","5,07,422","2,76,722","3,31,192","3,18,213",35.2%,39.5%,38.5%,"52,699",6.7%,"(1,771)",-0.3%,"54,470",19.7%,13,11,84.6%,
REV-00124,2026,1,Jan,Q1,2026-01-01,Singapore,USD,Cloud Services,Delta Manufacturing,Manufacturing,Time & Material,"9,01,066","8,53,604","8,54,392","5,61,192","5,74,355","5,77,607","3,39,874","2,79,249","2,76,785",37.7%,32.7%,32.4%,"(47,462)",-5.3%,"13,163",2.3%,"(60,625)",-17.8%,14,11,78.6%,
REV-00125,2026,1,Jan,Q1,2026-01-01,Singapore,USD,Cloud Services,Evergreen Telecom,Telecommunications,Managed Services,"9,99,219","9,34,273","9,19,770","6,21,075","6,16,014","6,19,447","3,78,144","3,18,259","3,00,323",37.8%,34.1%,32.7%,"(64,946)",-6.5%,"(5,061)",-0.8%,"(59,885)",-15.8%,15,12,80.0%,
REV-00126,2026,1,Jan,Q1,2026-01-01,Singapore,USD,Data & Analytics,Apex Retail Group,Retail,Time & Material,"8,63,472","8,70,248","8,55,808","5,34,164","5,61,998","5,63,690","3,29,308","3,08,250","2,92,118",38.1%,35.4%,34.1%,"6,776",0.8%,"27,834",5.2%,"(21,058)",-6.4%,14,11,78.6%,
REV-00127,2026,1,Jan,Q1,2026-01-01,Singapore,USD,Data & Analytics,BlueRiver Bank,Banking,Managed Services,"9,90,681","10,85,351","11,05,879","6,13,098","6,09,262","6,11,014","3,77,583","4,76,089","4,94,865",38.1%,43.9%,44.7%,"94,670",9.6%,"(3,836)",-0.6%,"98,506",26.1%,15,13,86.7%,
REV-00128,2026,1,Jan,Q1,2026-01-01,Singapore,USD,Data & Analytics,Crestview Health,Healthcare,Fixed Price,"7,70,032","7,02,800","7,09,420","4,95,199","4,98,898","4,97,268","2,74,833","2,03,902","2,12,152",35.7%,29.0%,29.9%,"(67,232)",-8.7%,"3,699",0.7%,"(70,931)",-25.8%,12,9,75.0%,
REV-00129,2026,1,Jan,Q1,2026-01-01,Singapore,USD,Data & Analytics,Delta Manufacturing,Manufacturing,Time & Material,"8,88,773","8,27,644","8,26,138","5,53,893","5,35,217","5,27,881","3,34,880","2,92,427","2,98,257",37.7%,35.3%,36.1%,"(61,129)",-6.9%,"(18,676)",-3.4%,"(42,453)",-12.7%,14,10,71.4%,
REV-00130,2026,1,Jan,Q1,2026-01-01,Singapore,USD,Data & Analytics,Evergreen Telecom,Telecommunications,Managed Services,"9,36,696","9,65,809","9,83,616","5,78,885","5,85,727","5,92,201","3,57,811","3,80,082","3,91,415",38.2%,39.4%,39.8%,"29,113",3.1%,"6,842",1.2%,"22,271",6.2%,14,12,85.7%,
REV-00131,2026,1,Jan,Q1,2026-01-01,Singapore,USD,Cybersecurity,Apex Retail Group,Retail,Time & Material,"8,09,336","7,92,588","7,87,647","4,95,150","4,90,308","4,86,614","3,14,186","3,02,280","3,01,033",38.8%,38.1%,38.2%,"(16,748)",-2.1%,"(4,842)",-1.0%,"(11,906)",-3.8%,13,11,84.6%,
REV-00132,2026,1,Jan,Q1,2026-01-01,Singapore,USD,Cybersecurity,BlueRiver Bank,Banking,Managed Services,"9,34,167","9,91,333","9,75,277","5,64,185","5,78,534","5,80,892","3,69,982","4,12,799","3,94,385",39.6%,41.6%,40.4%,"57,166",6.1%,"14,349",2.5%,"42,817",11.6%,13,11,84.6%,
REV-00133,2026,1,Jan,Q1,2026-01-01,Singapore,USD,Cybersecurity,Crestview Health,Healthcare,Fixed Price,"7,66,263","7,88,623","7,87,032","4,90,916","4,84,830","4,79,333","2,75,347","3,03,793","3,07,699",35.9%,38.5%,39.1%,"22,360",2.9%,"(6,086)",-1.2%,"28,446",10.3%,12,10,83.3%,
REV-00134,2026,1,Jan,Q1,2026-01-01,Singapore,USD,Cybersecurity,Delta Manufacturing,Manufacturing,Time & Material,"8,51,183","8,91,826","9,02,916","5,19,246","4,99,329","4,95,951","3,31,937","3,92,497","4,06,965",39.0%,44.0%,45.1%,"40,643",4.8%,"(19,917)",-3.8%,"60,560",18.2%,14,12,85.7%,
REV-00135,2026,1,Jan,Q1,2026-01-01,Singapore,USD,Cybersecurity,Evergreen Telecom,Telecommunications,Managed Services,"8,75,298","8,88,563","8,77,672","5,38,770","5,61,257","5,59,441","3,36,528","3,27,306","3,18,231",38.4%,36.8%,36.3%,"13,265",1.5%,"22,487",4.2%,"(9,222)",-2.7%,14,12,85.7%,
REV-00136,2026,1,Jan,Q1,2026-01-01,Singapore,USD,Enterprise Applications,Apex Retail Group,Retail,Time & Material,"7,54,467","7,50,865","7,49,102","4,66,574","4,73,760","4,70,698","2,87,893","2,77,105","2,78,404",38.2%,36.9%,37.2%,"(3,602)",-0.5%,"7,186",1.5%,"(10,788)",-3.7%,10,8,80.0%,
REV-00137,2026,1,Jan,Q1,2026-01-01,Singapore,USD,Enterprise Applications,BlueRiver Bank,Banking,Managed Services,"9,17,281","8,48,516","8,41,263","5,62,818","5,50,030","5,44,743","3,54,463","2,98,486","2,96,520",38.6%,35.2%,35.2%,"(68,765)",-7.5%,"(12,788)",-2.3%,"(55,977)",-15.8%,14,11,78.6%,
REV-00138,2026,1,Jan,Q1,2026-01-01,Singapore,USD,Enterprise Applications,Crestview Health,Healthcare,Fixed Price,"7,16,806","6,92,953","6,75,723","4,52,565","4,31,996","4,30,132","2,64,241","2,60,957","2,45,591",36.9%,37.7%,36.3%,"(23,853)",-3.3%,"(20,569)",-4.5%,"(3,284)",-1.2%,12,10,83.3%,
REV-00139,2026,1,Jan,Q1,2026-01-01,Singapore,USD,Enterprise Applications,Delta Manufacturing,Manufacturing,Time & Material,"7,84,177","7,71,837","7,78,804","4,78,901","4,65,023","4,63,844","3,05,276","3,06,814","3,14,960",38.9%,39.8%,40.4%,"(12,340)",-1.6%,"(13,878)",-2.9%,"1,538",0.5%,12,10,83.3%,
REV-00140,2026,1,Jan,Q1,2026-01-01,Singapore,USD,Enterprise Applications,Evergreen Telecom,Telecommunications,Managed Services,"8,31,857","8,63,820","8,48,281","5,16,872","5,22,396","5,26,661","3,14,985","3,41,424","3,21,620",37.9%,39.5%,37.9%,"31,963",3.8%,"5,524",1.1%,"26,439",8.4%,12,10,83.3%,
REV-00141,2026,1,Jan,Q1,2026-01-01,Singapore,USD,Digital Engineering,Apex Retail Group,Retail,Time & Material,"8,05,438","8,58,377","8,45,536","4,88,313","4,95,415","4,92,515","3,17,125","3,62,962","3,53,021",39.4%,42.3%,41.8%,"52,939",6.6%,"7,102",1.5%,"45,837",14.5%,13,11,84.6%,
REV-00142,2026,1,Jan,Q1,2026-01-01,Singapore,USD,Digital Engineering,BlueRiver Bank,Banking,Managed Services,"9,37,774","8,43,712","8,59,789","5,88,610","5,80,041","5,75,172","3,49,164","2,63,671","2,84,617",37.2%,31.3%,33.1%,"(94,062)",-10.0%,"(8,569)",-1.5%,"(85,493)",-24.5%,13,10,76.9%,
REV-00143,2026,1,Jan,Q1,2026-01-01,Singapore,USD,Digital Engineering,Crestview Health,Healthcare,Fixed Price,"7,21,616","7,25,330","7,14,443","4,68,211","4,63,846","4,64,539","2,53,405","2,61,484","2,49,904",35.1%,36.1%,35.0%,"3,714",0.5%,"(4,365)",-0.9%,"8,079",3.2%,10,8,80.0%,
REV-00144,2026,1,Jan,Q1,2026-01-01,Singapore,USD,Digital Engineering,Delta Manufacturing,Manufacturing,Time & Material,"8,51,922","8,42,395","8,55,893","5,14,015","5,10,198","5,03,729","3,37,907","3,32,197","3,52,164",39.7%,39.4%,41.1%,"(9,527)",-1.1%,"(3,817)",-0.7%,"(5,710)",-1.7%,12,10,83.3%,
REV-00145,2026,1,Jan,Q1,2026-01-01,Singapore,USD,Digital Engineering,Evergreen Telecom,Telecommunications,Managed Services,"8,88,435","8,72,552","8,94,102","5,39,651","5,20,095","5,17,878","3,48,784","3,52,457","3,76,224",39.3%,40.4%,42.1%,"(15,883)",-1.8%,"(19,556)",-3.6%,"3,673",1.1%,13,10,76.9%,
REV-00146,2026,1,Jan,Q1,2026-01-01,Singapore,USD,Managed Services,Apex Retail Group,Retail,Time & Material,"6,56,091","6,32,676","6,32,749","4,45,349","4,46,177","4,48,246","2,10,742","1,86,499","1,84,503",32.1%,29.5%,29.2%,"(23,415)",-3.6%,828,0.2%,"(24,243)",-11.5%,10,8,80.0%,
REV-00147,2026,1,Jan,Q1,2026-01-01,Singapore,USD,Managed Services,BlueRiver Bank,Banking,Managed Services,"7,49,855","6,87,463","6,89,402","5,07,009","5,12,471","5,09,126","2,42,846","1,74,992","1,80,276",32.4%,25.5%,26.1%,"(62,392)",-8.3%,"5,462",1.1%,"(67,854)",-27.9%,11,9,81.8%,
REV-00148,2026,1,Jan,Q1,2026-01-01,Singapore,USD,Managed Services,Crestview Health,Healthcare,Fixed Price,"6,12,628","5,95,438","6,05,888","4,17,192","4,35,212","4,39,725","1,95,436","1,60,226","1,66,163",31.9%,26.9%,27.4%,"(17,190)",-2.8%,"18,020",4.3%,"(35,210)",-18.0%,9,7,77.8%,
REV-00149,2026,1,Jan,Q1,2026-01-01,Singapore,USD,Managed Services,Delta Manufacturing,Manufacturing,Time & Material,"6,74,182","6,62,129","6,53,192","4,47,752","4,21,522","4,19,467","2,26,430","2,40,607","2,33,725",33.6%,36.3%,35.8%,"(12,053)",-1.8%,"(26,230)",-5.9%,"14,177",6.3%,11,9,81.8%,
REV-00150,2026,1,Jan,Q1,2026-01-01,Singapore,USD,Managed Services,Evergreen Telecom,Telecommunications,Managed Services,"7,32,429","7,96,357","8,02,947","4,92,425","4,87,975","4,89,024","2,40,004","3,08,382","3,13,923",32.8%,38.7%,39.1%,"63,928",8.7%,"(4,450)",-0.9%,"68,378",28.5%,11,9,81.8%,
REV-00151,2026,2,Feb,Q1,2026-02-01,India,USD,Cloud Services,Apex Retail Group,Retail,Time & Material,"7,01,625","6,46,759","6,46,850","4,34,234","4,33,916","4,30,938","2,67,391","2,12,843","2,15,912",38.1%,32.9%,33.4%,"(54,866)",-7.8%,(318),-0.1%,"(54,548)",-20.4%,15,12,80.0%,
REV-00152,2026,2,Feb,Q1,2026-02-01,India,USD,Cloud Services,BlueRiver Bank,Banking,Managed Services,"8,24,992","8,53,014","8,39,196","4,96,708","5,21,119","5,18,410","3,28,284","3,31,895","3,20,786",39.8%,38.9%,38.2%,"28,022",3.4%,"24,411",4.9%,"3,611",1.1%,15,12,80.0%,
REV-00153,2026,2,Feb,Q1,2026-02-01,India,USD,Cloud Services,Crestview Health,Healthcare,Fixed Price,"6,25,440","5,65,269","5,75,039","3,92,939","3,94,276","3,94,411","2,32,501","1,70,993","1,80,628",37.2%,30.2%,31.4%,"(60,171)",-9.6%,"1,337",0.3%,"(61,508)",-26.5%,12,9,75.0%,
REV-00154,2026,2,Feb,Q1,2026-02-01,India,USD,Cloud Services,Delta Manufacturing,Manufacturing,Time & Material,"7,40,035","7,52,998","7,59,136","4,43,742","4,44,708","4,40,010","2,96,293","3,08,290","3,19,126",40.0%,40.9%,42.0%,"12,963",1.8%,966,0.2%,"11,997",4.0%,14,11,78.6%,
REV-00155,2026,2,Feb,Q1,2026-02-01,India,USD,Cloud Services,Evergreen Telecom,Telecommunications,Managed Services,"7,58,297","7,35,163","7,39,313","4,61,103","4,63,940","4,59,355","2,97,194","2,71,223","2,79,958",39.2%,36.9%,37.9%,"(23,134)",-3.1%,"2,837",0.6%,"(25,971)",-8.7%,16,13,81.3%,
REV-00156,2026,2,Feb,Q1,2026-02-01,India,USD,Data & Analytics,Apex Retail Group,Retail,Time & Material,"6,72,976","6,35,845","6,24,370","4,05,586","4,03,991","4,02,417","2,67,390","2,31,854","2,21,953",39.7%,36.5%,35.5%,"(37,131)",-5.5%,"(1,595)",-0.4%,"(35,536)",-13.3%,14,11,78.6%,
REV-00157,2026,2,Feb,Q1,2026-02-01,India,USD,Data & Analytics,BlueRiver Bank,Banking,Managed Services,"7,79,938","7,55,368","7,36,673","4,86,390","4,87,612","4,82,658","2,93,548","2,67,756","2,54,015",37.6%,35.4%,34.5%,"(24,570)",-3.2%,"1,222",0.3%,"(25,792)",-8.8%,17,13,76.5%,
REV-00158,2026,2,Feb,Q1,2026-02-01,India,USD,Data & Analytics,Crestview Health,Healthcare,Fixed Price,"6,05,945","5,87,312","5,75,355","3,81,226","3,96,143","3,93,792","2,24,719","1,91,169","1,81,563",37.1%,32.5%,31.6%,"(18,633)",-3.1%,"14,917",3.9%,"(33,550)",-14.9%,11,8,72.7%,
REV-00159,2026,2,Feb,Q1,2026-02-01,India,USD,Data & Analytics,Delta Manufacturing,Manufacturing,Time & Material,"6,72,309","6,58,218","6,44,862","4,04,808","4,06,295","4,03,413","2,67,501","2,51,923","2,41,449",39.8%,38.3%,37.4%,"(14,091)",-2.1%,"1,487",0.4%,"(15,578)",-5.8%,13,10,76.9%,
REV-00160,2026,2,Feb,Q1,2026-02-01,India,USD,Data & Analytics,Evergreen Telecom,Telecommunications,Managed Services,"7,25,083","7,62,305","7,54,518","4,46,180","4,57,338","4,50,602","2,78,903","3,04,967","3,03,916",38.5%,40.0%,40.3%,"37,222",5.1%,"11,158",2.5%,"26,064",9.3%,15,12,80.0%,
REV-00161,2026,2,Feb,Q1,2026-02-01,India,USD,Cybersecurity,Apex Retail Group,Retail,Time & Material,"6,21,182","5,92,613","6,04,826","3,80,341","3,86,656","3,83,691","2,40,841","2,05,957","2,21,135",38.8%,34.8%,36.6%,"(28,569)",-4.6%,"6,315",1.7%,"(34,884)",-14.5%,13,10,76.9%,
REV-00162,2026,2,Feb,Q1,2026-02-01,India,USD,Cybersecurity,BlueRiver Bank,Banking,Managed Services,"7,35,755","7,39,553","7,45,877","4,47,101","4,56,654","4,62,032","2,88,654","2,82,899","2,83,845",39.2%,38.3%,38.1%,"3,798",0.5%,"9,553",2.1%,"(5,755)",-2.0%,16,13,81.3%,
REV-00163,2026,2,Feb,Q1,2026-02-01,India,USD,Cybersecurity,Crestview Health,Healthcare,Fixed Price,"6,06,719","6,44,704","6,47,947","3,93,742","3,84,987","3,82,376","2,12,977","2,59,717","2,65,571",35.1%,40.3%,41.0%,"37,985",6.3%,"(8,755)",-2.2%,"46,740",21.9%,12,10,83.3%,
REV-00164,2026,2,Feb,Q1,2026-02-01,India,USD,Cybersecurity,Delta Manufacturing,Manufacturing,Time & Material,"6,76,924","6,97,448","6,87,885","4,15,764","4,12,413","4,07,953","2,61,160","2,85,035","2,79,932",38.6%,40.9%,40.7%,"20,524",3.0%,"(3,351)",-0.8%,"23,875",9.1%,14,11,78.6%,
REV-00165,2026,2,Feb,Q1,2026-02-01,India,USD,Cybersecurity,Evergreen Telecom,Telecommunications,Managed Services,"7,00,820","7,34,210","7,38,759","4,36,591","4,45,754","4,42,363","2,64,229","2,88,456","2,96,396",37.7%,39.3%,40.1%,"33,390",4.8%,"9,163",2.1%,"24,227",9.2%,14,12,85.7%,
REV-00166,2026,2,Feb,Q1,2026-02-01,India,USD,Enterprise Applications,Apex Retail Group,Retail,Time & Material,"6,18,339","6,48,950","6,34,169","3,71,930","3,76,670","3,78,812","2,46,409","2,72,280","2,55,357",39.9%,42.0%,40.3%,"30,611",5.0%,"4,740",1.3%,"25,871",10.5%,13,11,84.6%,
REV-00167,2026,2,Feb,Q1,2026-02-01,India,USD,Enterprise Applications,BlueRiver Bank,Banking,Managed Services,"7,23,285","6,57,065","6,42,111","4,33,771","4,52,287","4,44,534","2,89,514","2,04,778","1,97,577",40.0%,31.2%,30.8%,"(66,220)",-9.2%,"18,516",4.3%,"(84,736)",-29.3%,13,10,76.9%,
REV-00168,2026,2,Feb,Q1,2026-02-01,India,USD,Enterprise Applications,Crestview Health,Healthcare,Fixed Price,"5,69,255","5,41,783","5,37,615","3,64,601","3,75,424","3,74,549","2,04,654","1,66,359","1,63,066",36.0%,30.7%,30.3%,"(27,472)",-4.8%,"10,823",3.0%,"(38,295)",-18.7%,12,9,75.0%,
REV-00169,2026,2,Feb,Q1,2026-02-01,India,USD,Enterprise Applications,Delta Manufacturing,Manufacturing,Time & Material,"6,30,137","6,42,352","6,53,979","3,91,416","3,79,917","3,76,779","2,38,721","2,62,435","2,77,200",37.9%,40.9%,42.4%,"12,215",1.9%,"(11,499)",-2.9%,"23,714",9.9%,11,9,81.8%,
REV-00170,2026,2,Feb,Q1,2026-02-01,India,USD,Enterprise Applications,Evergreen Telecom,Telecommunications,Managed Services,"6,78,068","6,11,094","6,14,245","4,16,991","4,19,122","4,18,419","2,61,077","1,91,972","1,95,826",38.5%,31.4%,31.9%,"(66,974)",-9.9%,"2,131",0.5%,"(69,105)",-26.5%,14,11,78.6%,
REV-00171,2026,2,Feb,Q1,2026-02-01,India,USD,Digital Engineering,Apex Retail Group,Retail,Time & Material,"6,42,296","6,77,009","6,73,989","4,00,122","4,03,132","4,07,101","2,42,174","2,73,877","2,66,888",37.7%,40.5%,39.6%,"34,713",5.4%,"3,010",0.8%,"31,703",13.1%,12,10,83.3%,
REV-00172,2026,2,Feb,Q1,2026-02-01,India,USD,Digital Engineering,BlueRiver Bank,Banking,Managed Services,"7,21,590","7,80,628","7,89,332","4,35,654","4,55,264","4,56,510","2,85,936","3,25,364","3,32,822",39.6%,41.7%,42.2%,"59,038",8.2%,"19,610",4.5%,"39,428",13.8%,13,11,84.6%,
REV-00173,2026,2,Feb,Q1,2026-02-01,India,USD,Digital Engineering,Crestview Health,Healthcare,Fixed Price,"5,54,605","5,96,203","6,05,913","3,60,455","3,62,246","3,64,066","1,94,150","2,33,957","2,41,847",35.0%,39.2%,39.9%,"41,598",7.5%,"1,791",0.5%,"39,807",20.5%,11,9,81.8%,
REV-00174,2026,2,Feb,Q1,2026-02-01,India,USD,Digital Engineering,Delta Manufacturing,Manufacturing,Time & Material,"6,42,929","6,98,931","6,91,683","3,90,247","3,71,047","3,73,822","2,52,682","3,27,884","3,17,861",39.3%,46.9%,46.0%,"56,002",8.7%,"(19,200)",-4.9%,"75,202",29.8%,13,11,84.6%,
REV-00175,2026,2,Feb,Q1,2026-02-01,India,USD,Digital Engineering,Evergreen Telecom,Telecommunications,Managed Services,"6,92,448","6,98,851","7,01,166","4,16,949","4,16,707","4,17,094","2,75,499","2,82,144","2,84,072",39.8%,40.4%,40.5%,"6,403",0.9%,(242),-0.1%,"6,645",2.4%,15,12,80.0%,
REV-00176,2026,2,Feb,Q1,2026-02-01,India,USD,Managed Services,Apex Retail Group,Retail,Time & Material,"5,01,389","5,29,544","5,39,726","3,32,214","3,27,294","3,25,553","1,69,175","2,02,250","2,14,173",33.7%,38.2%,39.7%,"28,155",5.6%,"(4,920)",-1.5%,"33,075",19.6%,10,8,80.0%,
REV-00177,2026,2,Feb,Q1,2026-02-01,India,USD,Managed Services,BlueRiver Bank,Banking,Managed Services,"6,13,817","6,31,737","6,16,083","3,99,978","4,10,952","4,16,302","2,13,839","2,20,785","1,99,781",34.8%,34.9%,32.4%,"17,920",2.9%,"10,974",2.7%,"6,946",3.2%,11,9,81.8%,
REV-00178,2026,2,Feb,Q1,2026-02-01,India,USD,Managed Services,Crestview Health,Healthcare,Fixed Price,"4,74,126","4,66,944","4,65,232","3,24,709","3,32,401","3,30,514","1,49,417","1,34,543","1,34,718",31.5%,28.8%,29.0%,"(7,182)",-1.5%,"7,692",2.4%,"(14,874)",-10.0%,10,8,80.0%,
REV-00179,2026,2,Feb,Q1,2026-02-01,India,USD,Managed Services,Delta Manufacturing,Manufacturing,Time & Material,"5,55,419","5,27,299","5,16,101","3,72,665","3,38,956","3,38,032","1,82,754","1,88,343","1,78,069",32.9%,35.7%,34.5%,"(28,120)",-5.1%,"(33,709)",-9.0%,"5,589",3.1%,10,8,80.0%,
REV-00180,2026,2,Feb,Q1,2026-02-01,India,USD,Managed Services,Evergreen Telecom,Telecommunications,Managed Services,"5,56,620","5,24,819","5,28,319","3,64,269","3,66,748","3,68,412","1,92,351","1,58,071","1,59,907",34.6%,30.1%,30.3%,"(31,801)",-5.7%,"2,479",0.7%,"(34,280)",-17.8%,11,9,81.8%,
REV-00181,2026,2,Feb,Q1,2026-02-01,United States,USD,Cloud Services,Apex Retail Group,Retail,Time & Material,"11,79,877","11,19,330","11,46,749","7,37,392","7,05,525","7,02,750","4,42,485","4,13,805","4,43,999",37.5%,37.0%,38.7%,"(60,547)",-5.1%,"(31,867)",-4.3%,"(28,680)",-6.5%,12,10,83.3%,
REV-00182,2026,2,Feb,Q1,2026-02-01,United States,USD,Cloud Services,BlueRiver Bank,Banking,Managed Services,"14,22,757","13,32,075","13,32,066","8,64,319","8,90,602","8,99,478","5,58,438","4,41,473","4,32,588",39.3%,33.1%,32.5%,"(90,682)",-6.4%,"26,283",3.0%,"(1,16,965)",-20.9%,15,12,80.0%,
REV-00183,2026,2,Feb,Q1,2026-02-01,United States,USD,Cloud Services,Crestview Health,Healthcare,Fixed Price,"11,29,726","12,40,821","12,10,464","7,34,758","7,32,910","7,26,623","3,94,968","5,07,911","4,83,841",35.0%,40.9%,40.0%,"1,11,095",9.8%,"(1,848)",-0.3%,"1,12,943",28.6%,14,12,85.7%,
REV-00184,2026,2,Feb,Q1,2026-02-01,United States,USD,Cloud Services,Delta Manufacturing,Manufacturing,Time & Material,"12,79,073","13,37,535","13,61,536","7,70,180","7,83,962","7,91,418","5,08,893","5,53,573","5,70,118",39.8%,41.4%,41.9%,"58,462",4.6%,"13,782",1.8%,"44,680",8.8%,16,13,81.3%,
REV-00185,2026,2,Feb,Q1,2026-02-01,United States,USD,Cloud Services,Evergreen Telecom,Telecommunications,Managed Services,"13,61,293","13,00,537","12,86,828","8,36,550","8,65,327","8,63,678","5,24,743","4,35,210","4,23,150",38.5%,33.5%,32.9%,"(60,756)",-4.5%,"28,777",3.4%,"(89,533)",-17.1%,16,12,75.0%,
REV-00186,2026,2,Feb,Q1,2026-02-01,United States,USD,Data & Analytics,Apex Retail Group,Retail,Time & Material,"11,66,474","11,66,855","11,96,012","7,18,593","7,41,493","7,42,669","4,47,881","4,25,362","4,53,343",38.4%,36.5%,37.9%,381,0.0%,"22,900",3.2%,"(22,519)",-5.0%,12,10,83.3%,
REV-00187,2026,2,Feb,Q1,2026-02-01,United States,USD,Data & Analytics,BlueRiver Bank,Banking,Managed Services,"13,42,072","12,10,283","12,26,416","8,17,771","7,82,650","7,75,473","5,24,301","4,27,633","4,50,943",39.1%,35.3%,36.8%,"(1,31,789)",-9.8%,"(35,121)",-4.3%,"(96,668)",-18.4%,16,12,75.0%,
REV-00188,2026,2,Feb,Q1,2026-02-01,United States,USD,Data & Analytics,Crestview Health,Healthcare,Fixed Price,"10,66,220","11,48,511","11,39,899","6,74,173","6,49,641","6,42,698","3,92,047","4,98,870","4,97,201",36.8%,43.4%,43.6%,"82,291",7.7%,"(24,532)",-3.6%,"1,06,823",27.2%,13,11,84.6%,
REV-00189,2026,2,Feb,Q1,2026-02-01,United States,USD,Data & Analytics,Delta Manufacturing,Manufacturing,Time & Material,"12,17,783","12,53,632","12,30,856","7,29,576","7,32,438","7,37,478","4,88,207","5,21,194","4,93,378",40.1%,41.6%,40.1%,"35,849",2.9%,"2,862",0.4%,"32,987",6.8%,14,11,78.6%,
REV-00190,2026,2,Feb,Q1,2026-02-01,United States,USD,Data & Analytics,Evergreen Telecom,Telecommunications,Managed Services,"12,58,655","12,16,305","11,99,256","7,64,065","7,50,284","7,46,762","4,94,590","4,66,021","4,52,494",39.3%,38.3%,37.7%,"(42,350)",-3.4%,"(13,781)",-1.8%,"(28,569)",-5.8%,15,12,80.0%,
REV-00191,2026,2,Feb,Q1,2026-02-01,United States,USD,Cybersecurity,Apex Retail Group,Retail,Time & Material,"10,97,364","10,20,840","10,39,772","6,78,193","6,90,655","6,96,384","4,19,171","3,30,185","3,43,388",38.2%,32.3%,33.0%,"(76,524)",-7.0%,"12,462",1.8%,"(88,986)",-21.2%,13,10,76.9%,
REV-00192,2026,2,Feb,Q1,2026-02-01,United States,USD,Cybersecurity,BlueRiver Bank,Banking,Managed Services,"13,20,057","13,35,478","13,42,663","8,00,809","8,21,176","8,19,280","5,19,248","5,14,302","5,23,383",39.3%,38.5%,39.0%,"15,421",1.2%,"20,367",2.5%,"(4,946)",-1.0%,16,13,81.3%,
REV-00193,2026,2,Feb,Q1,2026-02-01,United States,USD,Cybersecurity,Crestview Health,Healthcare,Fixed Price,"10,17,695","10,40,587","10,30,534","6,63,396","6,29,250","6,23,740","3,54,299","4,11,337","4,06,794",34.8%,39.5%,39.5%,"22,892",2.2%,"(34,146)",-5.1%,"57,038",16.1%,10,8,80.0%,
REV-00194,2026,2,Feb,Q1,2026-02-01,United States,USD,Cybersecurity,Delta Manufacturing,Manufacturing,Time & Material,"11,60,289","11,56,926","11,32,110","6,99,080","7,09,748","7,11,084","4,61,209","4,47,178","4,21,026",39.7%,38.7%,37.2%,"(3,363)",-0.3%,"10,668",1.5%,"(14,031)",-3.0%,12,9,75.0%,
REV-00195,2026,2,Feb,Q1,2026-02-01,United States,USD,Cybersecurity,Evergreen Telecom,Telecommunications,Managed Services,"11,88,977","11,91,609","12,09,354","7,16,165","7,36,634","7,30,923","4,72,812","4,54,975","4,78,431",39.8%,38.2%,39.6%,"2,632",0.2%,"20,469",2.9%,"(17,837)",-3.8%,13,10,76.9%,
REV-00196,2026,2,Feb,Q1,2026-02-01,United States,USD,Enterprise Applications,Apex Retail Group,Retail,Time & Material,"10,57,980","11,62,314","11,71,427","6,64,098","6,89,896","6,83,414","3,93,882","4,72,418","4,88,013",37.2%,40.6%,41.7%,"1,04,334",9.9%,"25,798",3.9%,"78,536",19.9%,11,9,81.8%,
REV-00197,2026,2,Feb,Q1,2026-02-01,United States,USD,Enterprise Applications,BlueRiver Bank,Banking,Managed Services,"11,78,402","12,85,262","13,12,680","7,36,135","7,46,633","7,39,404","4,42,267","5,38,629","5,73,276",37.5%,41.9%,43.7%,"1,06,860",9.1%,"10,498",1.4%,"96,362",21.8%,14,12,85.7%,
REV-00198,2026,2,Feb,Q1,2026-02-01,United States,USD,Enterprise Applications,Crestview Health,Healthcare,Fixed Price,"9,30,042","9,41,111","9,59,741","6,07,047","5,91,004","5,89,302","3,22,995","3,50,107","3,70,439",34.7%,37.2%,38.6%,"11,069",1.2%,"(16,043)",-2.6%,"27,112",8.4%,10,8,80.0%,
REV-00199,2026,2,Feb,Q1,2026-02-01,United States,USD,Enterprise Applications,Delta Manufacturing,Manufacturing,Time & Material,"10,57,287","10,96,653","11,12,025","6,51,962","6,66,464","6,71,276","4,05,325","4,30,189","4,40,749",38.3%,39.2%,39.6%,"39,366",3.7%,"14,502",2.2%,"24,864",6.1%,11,9,81.8%,
REV-00200,2026,2,Feb,Q1,2026-02-01,United States,USD,Enterprise Applications,Evergreen Telecom,Telecommunications,Managed Services,"11,78,172","12,20,024","12,41,973","7,11,866","6,93,983","6,86,603","4,66,306","5,26,041","5,55,370",39.6%,43.1%,44.7%,"41,852",3.6%,"(17,883)",-2.5%,"59,735",12.8%,12,10,83.3%,
REV-00201,2026,2,Feb,Q1,2026-02-01,United States,USD,Digital Engineering,Apex Retail Group,Retail,Time & Material,"10,87,776","11,72,418","11,60,009","6,55,121","6,28,961","6,35,169","4,32,655","5,43,457","5,24,840",39.8%,46.4%,45.2%,"84,642",7.8%,"(26,160)",-4.0%,"1,10,802",25.6%,12,10,83.3%,
REV-00202,2026,2,Feb,Q1,2026-02-01,United States,USD,Digital Engineering,BlueRiver Bank,Banking,Managed Services,"12,94,560","11,77,768","11,64,795","7,82,297","8,06,017","8,02,085","5,12,263","3,71,751","3,62,710",39.6%,31.6%,31.1%,"(1,16,792)",-9.0%,"23,720",3.0%,"(1,40,512)",-27.4%,16,12,75.0%,
REV-00203,2026,2,Feb,Q1,2026-02-01,United States,USD,Digital Engineering,Crestview Health,Healthcare,Fixed Price,"9,94,786","10,63,563","10,70,089","6,42,623","6,18,249","6,24,847","3,52,163","4,45,314","4,45,242",35.4%,41.9%,41.6%,"68,777",6.9%,"(24,374)",-3.8%,"93,151",26.5%,11,10,90.9%,
REV-00204,2026,2,Feb,Q1,2026-02-01,United States,USD,Digital Engineering,Delta Manufacturing,Manufacturing,Time & Material,"11,04,679","11,39,143","11,52,138","6,69,164","6,48,146","6,49,001","4,35,515","4,90,997","5,03,137",39.4%,43.1%,43.7%,"34,464",3.1%,"(21,018)",-3.1%,"55,482",12.7%,11,9,81.8%,
REV-00205,2026,2,Feb,Q1,2026-02-01,United States,USD,Digital Engineering,Evergreen Telecom,Telecommunications,Managed Services,"11,81,863","11,20,980","11,30,024","7,15,308","7,05,274","7,03,076","4,66,555","4,15,706","4,26,948",39.5%,37.1%,37.8%,"(60,883)",-5.2%,"(10,034)",-1.4%,"(50,849)",-10.9%,12,10,83.3%,
REV-00206,2026,2,Feb,Q1,2026-02-01,United States,USD,Managed Services,Apex Retail Group,Retail,Time & Material,"8,85,027","8,87,322","9,03,439","5,93,548","5,71,692","5,71,744","2,91,479","3,15,630","3,31,695",32.9%,35.6%,36.7%,"2,295",0.3%,"(21,856)",-3.7%,"24,151",8.3%,10,8,80.0%,
REV-00207,2026,2,Feb,Q1,2026-02-01,United States,USD,Managed Services,BlueRiver Bank,Banking,Managed Services,"10,31,157","10,81,786","10,82,491","6,97,187","6,78,703","6,81,326","3,33,970","4,03,083","4,01,165",32.4%,37.3%,37.1%,"50,629",4.9%,"(18,484)",-2.7%,"69,113",20.7%,11,9,81.8%,
REV-00208,2026,2,Feb,Q1,2026-02-01,United States,USD,Managed Services,Crestview Health,Healthcare,Fixed Price,"8,15,587","7,98,318","8,07,710","5,61,701","5,64,541","5,68,013","2,53,886","2,33,777","2,39,697",31.1%,29.3%,29.7%,"(17,269)",-2.1%,"2,840",0.5%,"(20,109)",-7.9%,9,7,77.8%,
REV-00209,2026,2,Feb,Q1,2026-02-01,United States,USD,Managed Services,Delta Manufacturing,Manufacturing,Time & Material,"9,24,724","9,35,101","9,16,654","6,15,291","6,12,911","6,15,787","3,09,433","3,22,190","3,00,867",33.5%,34.5%,32.8%,"10,377",1.1%,"(2,380)",-0.4%,"12,757",4.1%,11,9,81.8%,
REV-00210,2026,2,Feb,Q1,2026-02-01,United States,USD,Managed Services,Evergreen Telecom,Telecommunications,Managed Services,"10,09,877","9,87,793","9,70,791","6,77,353","6,96,594","6,90,408","3,32,524","2,91,199","2,80,383",32.9%,29.5%,28.9%,"(22,084)",-2.2%,"19,241",2.8%,"(41,325)",-12.4%,11,9,81.8%,
REV-00211,2026,2,Feb,Q1,2026-02-01,United Kingdom,USD,Cloud Services,Apex Retail Group,Retail,Time & Material,"9,89,315","10,57,343","10,75,087","6,17,519","6,36,601","6,35,128","3,71,796","4,20,742","4,39,959",37.6%,39.8%,40.9%,"68,028",6.9%,"19,082",3.1%,"48,946",13.2%,15,13,86.7%,
REV-00212,2026,2,Feb,Q1,2026-02-01,United Kingdom,USD,Cloud Services,BlueRiver Bank,Banking,Managed Services,"11,40,399","12,53,412","12,30,169","6,97,948","6,87,005","6,82,790","4,42,451","5,66,407","5,47,379",38.8%,45.2%,44.5%,"1,13,013",9.9%,"(10,943)",-1.6%,"1,23,956",28.0%,14,12,85.7%,
REV-00213,2026,2,Feb,Q1,2026-02-01,United Kingdom,USD,Cloud Services,Crestview Health,Healthcare,Fixed Price,"9,31,419","10,16,716","10,05,673","5,88,910","5,67,106","5,69,539","3,42,509","4,49,610","4,36,134",36.8%,44.2%,43.4%,"85,297",9.2%,"(21,804)",-3.7%,"1,07,101",31.3%,14,12,85.7%,
REV-00214,2026,2,Feb,Q1,2026-02-01,United Kingdom,USD,Cloud Services,Delta Manufacturing,Manufacturing,Time & Material,"10,46,482","10,08,042","10,00,327","6,27,269","6,21,301","6,20,159","4,19,213","3,86,741","3,80,168",40.1%,38.4%,38.0%,"(38,440)",-3.7%,"(5,968)",-1.0%,"(32,472)",-7.7%,14,11,78.6%,
REV-00215,2026,2,Feb,Q1,2026-02-01,United Kingdom,USD,Cloud Services,Evergreen Telecom,Telecommunications,Managed Services,"11,24,223","10,71,812","10,97,731","7,03,679","6,96,733","6,88,887","4,20,544","3,75,079","4,08,844",37.4%,35.0%,37.2%,"(52,411)",-4.7%,"(6,946)",-1.0%,"(45,465)",-10.8%,15,11,73.3%,
REV-00216,2026,2,Feb,Q1,2026-02-01,United Kingdom,USD,Data & Analytics,Apex Retail Group,Retail,Time & Material,"9,61,480","8,68,550","8,79,164","5,87,353","5,95,119","5,96,351","3,74,127","2,73,431","2,82,813",38.9%,31.5%,32.2%,"(92,930)",-9.7%,"7,766",1.3%,"(1,00,696)",-26.9%,12,9,75.0%,
REV-00217,2026,2,Feb,Q1,2026-02-01,United Kingdom,USD,Data & Analytics,BlueRiver Bank,Banking,Managed Services,"10,99,529","10,61,351","10,49,174","6,71,017","6,54,257","6,55,988","4,28,512","4,07,094","3,93,186",39.0%,38.4%,37.5%,"(38,178)",-3.5%,"(16,760)",-2.5%,"(21,418)",-5.0%,14,11,78.6%,
REV-00218,2026,2,Feb,Q1,2026-02-01,United Kingdom,USD,Data & Analytics,Crestview Health,Healthcare,Fixed Price,"8,56,275","7,76,699","7,61,930","5,51,916","5,67,301","5,62,237","3,04,359","2,09,398","1,99,693",35.5%,27.0%,26.2%,"(79,576)",-9.3%,"15,385",2.8%,"(94,961)",-31.2%,13,10,76.9%,
REV-00219,2026,2,Feb,Q1,2026-02-01,United Kingdom,USD,Data & Analytics,Delta Manufacturing,Manufacturing,Time & Material,"10,10,211","9,14,171","8,99,158","6,33,555","6,16,118","6,12,391","3,76,656","2,98,053","2,86,767",37.3%,32.6%,31.9%,"(96,040)",-9.5%,"(17,437)",-2.8%,"(78,603)",-20.9%,15,12,80.0%,
REV-00220,2026,2,Feb,Q1,2026-02-01,United Kingdom,USD,Data & Analytics,Evergreen Telecom,Telecommunications,Managed Services,"10,58,633","11,60,954","11,79,262","6,63,660","6,79,530","6,84,366","3,94,973","4,81,424","4,94,896",37.3%,41.5%,42.0%,"1,02,321",9.7%,"15,870",2.4%,"86,451",21.9%,16,13,81.3%,
REV-00221,2026,2,Feb,Q1,2026-02-01,United Kingdom,USD,Cybersecurity,Apex Retail Group,Retail,Time & Material,"9,21,456","9,22,690","9,16,855","5,68,802","5,82,357","5,83,077","3,52,654","3,40,333","3,33,778",38.3%,36.9%,36.4%,"1,234",0.1%,"13,555",2.4%,"(12,321)",-3.5%,14,12,85.7%,
REV-00222,2026,2,Feb,Q1,2026-02-01,United Kingdom,USD,Cybersecurity,BlueRiver Bank,Banking,Managed Services,"10,68,665","10,83,542","10,81,522","6,64,610","6,43,591","6,44,912","4,04,055","4,39,951","4,36,610",37.8%,40.6%,40.4%,"14,877",1.4%,"(21,019)",-3.2%,"35,896",8.9%,15,13,86.7%,
REV-00223,2026,2,Feb,Q1,2026-02-01,United Kingdom,USD,Cybersecurity,Crestview Health,Healthcare,Fixed Price,"8,29,498","9,08,506","8,97,036","5,35,699","5,26,921","5,20,630","2,93,799","3,81,585","3,76,406",35.4%,42.0%,42.0%,"79,008",9.5%,"(8,778)",-1.6%,"87,786",29.9%,11,9,81.8%,
REV-00224,2026,2,Feb,Q1,2026-02-01,United Kingdom,USD,Cybersecurity,Delta Manufacturing,Manufacturing,Time & Material,"9,83,895","10,53,746","10,68,929","6,16,738","5,89,018","5,82,297","3,67,157","4,64,728","4,86,632",37.3%,44.1%,45.5%,"69,851",7.1%,"(27,720)",-4.5%,"97,571",26.6%,15,12,80.0%,
REV-00225,2026,2,Feb,Q1,2026-02-01,United Kingdom,USD,Cybersecurity,Evergreen Telecom,Telecommunications,Managed Services,"10,07,154","9,21,739","9,41,857","6,32,509","6,26,820","6,25,924","3,74,645","2,94,919","3,15,933",37.2%,32.0%,33.5%,"(85,415)",-8.5%,"(5,689)",-0.9%,"(79,726)",-21.3%,13,10,76.9%,
REV-00226,2026,2,Feb,Q1,2026-02-01,United Kingdom,USD,Enterprise Applications,Apex Retail Group,Retail,Time & Material,"8,62,127","7,90,281","7,89,598","5,29,558","5,45,103","5,42,067","3,32,569","2,45,178","2,47,531",38.6%,31.0%,31.3%,"(71,846)",-8.3%,"15,545",2.9%,"(87,391)",-26.3%,11,8,72.7%,
REV-00227,2026,2,Feb,Q1,2026-02-01,United Kingdom,USD,Enterprise Applications,BlueRiver Bank,Banking,Managed Services,"9,73,142","10,20,966","10,21,275","5,92,630","5,58,546","5,57,981","3,80,512","4,62,420","4,63,294",39.1%,45.3%,45.4%,"47,824",4.9%,"(34,084)",-5.8%,"81,908",21.5%,12,10,83.3%,
REV-00228,2026,2,Feb,Q1,2026-02-01,United Kingdom,USD,Enterprise Applications,Crestview Health,Healthcare,Fixed Price,"7,73,263","7,87,452","7,73,014","4,84,687","4,69,282","4,69,285","2,88,576","3,18,170","3,03,729",37.3%,40.4%,39.3%,"14,189",1.8%,"(15,405)",-3.2%,"29,594",10.3%,11,9,81.8%,
REV-00229,2026,2,Feb,Q1,2026-02-01,United Kingdom,USD,Enterprise Applications,Delta Manufacturing,Manufacturing,Time & Material,"9,31,244","9,70,179","9,53,535","5,85,653","6,10,329","6,07,327","3,45,591","3,59,850","3,46,208",37.1%,37.1%,36.3%,"38,935",4.2%,"24,676",4.2%,"14,259",4.1%,13,11,84.6%,
REV-00230,2026,2,Feb,Q1,2026-02-01,United Kingdom,USD,Enterprise Applications,Evergreen Telecom,Telecommunications,Managed Services,"9,28,186","8,81,503","8,69,035","5,78,063","5,41,901","5,37,036","3,50,123","3,39,602","3,31,999",37.7%,38.5%,38.2%,"(46,683)",-5.0%,"(36,162)",-6.3%,"(10,521)",-3.0%,13,10,76.9%,
REV-00231,2026,2,Feb,Q1,2026-02-01,United Kingdom,USD,Digital Engineering,Apex Retail Group,Retail,Time & Material,"8,80,643","8,08,019","8,08,039","5,46,406","5,45,811","5,47,011","3,34,237","2,62,208","2,61,028",38.0%,32.5%,32.3%,"(72,624)",-8.2%,(595),-0.1%,"(72,029)",-21.6%,12,9,75.0%,
REV-00232,2026,2,Feb,Q1,2026-02-01,United Kingdom,USD,Digital Engineering,BlueRiver Bank,Banking,Managed Services,"10,71,345","11,82,590","11,62,379","6,62,976","6,77,844","6,84,092","4,08,369","5,04,746","4,78,287",38.1%,42.7%,41.1%,"1,11,245",10.4%,"14,868",2.2%,"96,377",23.6%,13,11,84.6%,
REV-00233,2026,2,Feb,Q1,2026-02-01,United Kingdom,USD,Digital Engineering,Crestview Health,Healthcare,Fixed Price,"8,17,536","8,90,158","9,07,827","5,19,489","5,26,543","5,20,722","2,98,047","3,63,615","3,87,105",36.5%,40.8%,42.6%,"72,622",8.9%,"7,054",1.4%,"65,568",22.0%,11,9,81.8%,
REV-00234,2026,2,Feb,Q1,2026-02-01,United Kingdom,USD,Digital Engineering,Delta Manufacturing,Manufacturing,Time & Material,"9,49,685","8,56,760","8,54,470","5,86,242","6,00,380","6,02,601","3,63,443","2,56,380","2,51,869",38.3%,29.9%,29.5%,"(92,925)",-9.8%,"14,138",2.4%,"(1,07,063)",-29.5%,14,11,78.6%,
REV-00235,2026,2,Feb,Q1,2026-02-01,United Kingdom,USD,Digital Engineering,Evergreen Telecom,Telecommunications,Managed Services,"10,03,936","10,74,771","10,93,871","6,07,322","5,77,103","5,68,802","3,96,614","4,97,668","5,25,069",39.5%,46.3%,48.0%,"70,835",7.1%,"(30,219)",-5.0%,"1,01,054",25.5%,15,13,86.7%,
REV-00236,2026,2,Feb,Q1,2026-02-01,United Kingdom,USD,Managed Services,Apex Retail Group,Retail,Time & Material,"7,63,812","8,08,749","8,21,679","5,12,348","4,83,854","4,81,930","2,51,464","3,24,895","3,39,749",32.9%,40.2%,41.3%,"44,937",5.9%,"(28,494)",-5.6%,"73,431",29.2%,10,9,90.0%,
REV-00237,2026,2,Feb,Q1,2026-02-01,United Kingdom,USD,Managed Services,BlueRiver Bank,Banking,Managed Services,"8,37,029","8,28,395","8,28,261","5,62,309","5,70,463","5,72,263","2,74,720","2,57,932","2,55,998",32.8%,31.1%,30.9%,"(8,634)",-1.0%,"8,154",1.5%,"(16,788)",-6.1%,11,9,81.8%,
REV-00238,2026,2,Feb,Q1,2026-02-01,United Kingdom,USD,Managed Services,Crestview Health,Healthcare,Fixed Price,"6,57,227","7,10,417","7,10,674","4,60,398","4,66,739","4,65,275","1,96,829","2,43,678","2,45,399",29.9%,34.3%,34.5%,"53,190",8.1%,"6,341",1.4%,"46,849",23.8%,8,7,87.5%,
REV-00239,2026,2,Feb,Q1,2026-02-01,United Kingdom,USD,Managed Services,Delta Manufacturing,Manufacturing,Time & Material,"7,54,540","8,00,353","7,83,514","4,96,072","5,10,593","5,07,011","2,58,468","2,89,760","2,76,503",34.3%,36.2%,35.3%,"45,813",6.1%,"14,521",2.9%,"31,292",12.1%,10,9,90.0%,
REV-00240,2026,2,Feb,Q1,2026-02-01,United Kingdom,USD,Managed Services,Evergreen Telecom,Telecommunications,Managed Services,"7,89,848","8,16,779","8,18,279","5,25,946","5,22,969","5,27,108","2,63,902","2,93,810","2,91,171",33.4%,36.0%,35.6%,"26,931",3.4%,"(2,977)",-0.6%,"29,908",11.3%,11,9,81.8%,
REV-00241,2026,2,Feb,Q1,2026-02-01,Germany,USD,Cloud Services,Apex Retail Group,Retail,Time & Material,"9,39,979","8,61,697","8,65,409","5,70,743","5,55,990","5,60,743","3,69,236","3,05,707","3,04,666",39.3%,35.5%,35.2%,"(78,282)",-8.3%,"(14,753)",-2.6%,"(63,529)",-17.2%,15,12,80.0%,
REV-00242,2026,2,Feb,Q1,2026-02-01,Germany,USD,Cloud Services,BlueRiver Bank,Banking,Managed Services,"11,19,350","11,90,897","11,67,293","6,74,200","6,60,603","6,63,159","4,45,150","5,30,294","5,04,134",39.8%,44.5%,43.2%,"71,547",6.4%,"(13,597)",-2.0%,"85,144",19.1%,16,14,87.5%,
REV-00243,2026,2,Feb,Q1,2026-02-01,Germany,USD,Cloud Services,Crestview Health,Healthcare,Fixed Price,"8,86,839","7,94,595","7,89,689","5,66,752","5,32,914","5,32,833","3,20,087","2,61,681","2,56,856",36.1%,32.9%,32.5%,"(92,244)",-10.4%,"(33,838)",-6.0%,"(58,406)",-18.2%,13,10,76.9%,
REV-00244,2026,2,Feb,Q1,2026-02-01,Germany,USD,Cloud Services,Delta Manufacturing,Manufacturing,Time & Material,"9,83,069","9,66,260","9,42,216","6,14,056","6,45,145","6,51,542","3,69,013","3,21,115","2,90,674",37.5%,33.2%,30.9%,"(16,809)",-1.7%,"31,089",5.1%,"(47,898)",-13.0%,15,12,80.0%,
REV-00245,2026,2,Feb,Q1,2026-02-01,Germany,USD,Cloud Services,Evergreen Telecom,Telecommunications,Managed Services,"10,61,296","11,50,783","11,73,664","6,66,162","6,59,073","6,63,405","3,95,134","4,91,710","5,10,259",37.2%,42.7%,43.5%,"89,487",8.4%,"(7,089)",-1.1%,"96,576",24.4%,15,13,86.7%,
REV-00246,2026,2,Feb,Q1,2026-02-01,Germany,USD,Data & Analytics,Apex Retail Group,Retail,Time & Material,"9,14,475","8,89,841","8,72,968","5,67,311","5,41,221","5,39,768","3,47,164","3,48,620","3,33,200",38.0%,39.2%,38.2%,"(24,634)",-2.7%,"(26,090)",-4.6%,"1,456",0.4%,14,12,85.7%,
REV-00247,2026,2,Feb,Q1,2026-02-01,Germany,USD,Data & Analytics,BlueRiver Bank,Banking,Managed Services,"10,20,725","10,74,764","10,72,657","6,18,599","6,17,500","6,22,792","4,02,126","4,57,264","4,49,865",39.4%,42.5%,41.9%,"54,039",5.3%,"(1,099)",-0.2%,"55,138",13.7%,16,14,87.5%,
REV-00248,2026,2,Feb,Q1,2026-02-01,Germany,USD,Data & Analytics,Crestview Health,Healthcare,Fixed Price,"7,94,949","8,69,795","8,91,395","4,97,605","4,64,594","4,62,807","2,97,344","4,05,201","4,28,588",37.4%,46.6%,48.1%,"74,846",9.4%,"(33,011)",-6.6%,"1,07,857",36.3%,12,10,83.3%,
REV-00249,2026,2,Feb,Q1,2026-02-01,Germany,USD,Data & Analytics,Delta Manufacturing,Manufacturing,Time & Material,"9,44,461","8,70,827","8,52,488","5,80,291","5,67,332","5,66,030","3,64,170","3,03,495","2,86,458",38.6%,34.9%,33.6%,"(73,634)",-7.8%,"(12,959)",-2.2%,"(60,675)",-16.7%,14,11,78.6%,
REV-00250,2026,2,Feb,Q1,2026-02-01,Germany,USD,Data & Analytics,Evergreen Telecom,Telecommunications,Managed Services,"9,97,200","10,64,517","10,61,160","6,20,229","6,31,181","6,31,906","3,76,971","4,33,336","4,29,254",37.8%,40.7%,40.5%,"67,317",6.8%,"10,952",1.8%,"56,365",15.0%,15,13,86.7%,
REV-00251,2026,2,Feb,Q1,2026-02-01,Germany,USD,Cybersecurity,Apex Retail Group,Retail,Time & Material,"9,04,122","9,22,110","9,15,968","5,42,822","5,38,717","5,33,580","3,61,300","3,83,393","3,82,388",40.0%,41.6%,41.7%,"17,988",2.0%,"(4,105)",-0.8%,"22,093",6.1%,13,11,84.6%,
REV-00252,2026,2,Feb,Q1,2026-02-01,Germany,USD,Cybersecurity,BlueRiver Bank,Banking,Managed Services,"10,48,846","10,12,676","9,97,447","6,48,227","6,73,262","6,72,737","4,00,619","3,39,414","3,24,710",38.2%,33.5%,32.6%,"(36,170)",-3.4%,"25,035",3.9%,"(61,205)",-15.3%,14,11,78.6%,
REV-00253,2026,2,Feb,Q1,2026-02-01,Germany,USD,Cybersecurity,Crestview Health,Healthcare,Fixed Price,"8,05,797","7,87,840","7,88,026","5,23,689","5,07,756","5,09,482","2,82,108","2,80,084","2,78,544",35.0%,35.6%,35.3%,"(17,957)",-2.2%,"(15,933)",-3.0%,"(2,024)",-0.7%,11,9,81.8%,
REV-00254,2026,2,Feb,Q1,2026-02-01,Germany,USD,Cybersecurity,Delta Manufacturing,Manufacturing,Time & Material,"9,05,962","8,30,513","8,40,316","5,57,204","5,53,698","5,56,138","3,48,758","2,76,815","2,84,178",38.5%,33.3%,33.8%,"(75,449)",-8.3%,"(3,506)",-0.6%,"(71,943)",-20.6%,14,11,78.6%,
REV-00255,2026,2,Feb,Q1,2026-02-01,Germany,USD,Cybersecurity,Evergreen Telecom,Telecommunications,Managed Services,"9,95,419","9,85,470","9,73,794","6,23,112","6,24,066","6,17,488","3,72,307","3,61,404","3,56,306",37.4%,36.7%,36.6%,"(9,949)",-1.0%,954,0.2%,"(10,903)",-2.9%,14,12,85.7%,
REV-00256,2026,2,Feb,Q1,2026-02-01,Germany,USD,Enterprise Applications,Apex Retail Group,Retail,Time & Material,"8,13,166","8,83,537","8,61,514","5,03,021","5,08,238","5,13,893","3,10,145","3,75,299","3,47,621",38.1%,42.5%,40.4%,"70,371",8.7%,"5,217",1.0%,"65,154",21.0%,12,10,83.3%,
REV-00257,2026,2,Feb,Q1,2026-02-01,Germany,USD,Enterprise Applications,BlueRiver Bank,Banking,Managed Services,"9,66,580","10,05,840","9,85,243","5,88,762","5,82,851","5,86,983","3,77,818","4,22,989","3,98,260",39.1%,42.1%,40.4%,"39,260",4.1%,"(5,911)",-1.0%,"45,171",12.0%,14,11,78.6%,
REV-00258,2026,2,Feb,Q1,2026-02-01,Germany,USD,Enterprise Applications,Crestview Health,Healthcare,Fixed Price,"7,55,419","8,26,138","8,18,711","4,90,351","4,64,843","4,69,808","2,65,068","3,61,295","3,48,903",35.1%,43.7%,42.6%,"70,719",9.4%,"(25,508)",-5.2%,"96,227",36.3%,12,10,83.3%,
REV-00259,2026,2,Feb,Q1,2026-02-01,Germany,USD,Enterprise Applications,Delta Manufacturing,Manufacturing,Time & Material,"8,53,101","8,82,459","8,72,062","5,23,213","5,06,037","5,12,436","3,29,888","3,76,422","3,59,626",38.7%,42.7%,41.2%,"29,358",3.4%,"(17,176)",-3.3%,"46,534",14.1%,13,11,84.6%,
REV-00260,2026,2,Feb,Q1,2026-02-01,Germany,USD,Enterprise Applications,Evergreen Telecom,Telecommunications,Managed Services,"9,12,591","8,77,717","8,69,785","5,65,279","5,94,049","5,88,376","3,47,312","2,83,668","2,81,409",38.1%,32.3%,32.4%,"(34,874)",-3.8%,"28,770",5.1%,"(63,644)",-18.3%,12,10,83.3%,
REV-00261,2026,2,Feb,Q1,2026-02-01,Germany,USD,Digital Engineering,Apex Retail Group,Retail,Time & Material,"8,44,110","8,39,503","8,22,868","5,17,273","5,03,907","4,99,054","3,26,837","3,35,596","3,23,814",38.7%,40.0%,39.4%,"(4,607)",-0.5%,"(13,366)",-2.6%,"8,759",2.7%,12,9,75.0%,
REV-00262,2026,2,Feb,Q1,2026-02-01,Germany,USD,Digital Engineering,BlueRiver Bank,Banking,Managed Services,"9,89,698","10,76,476","10,99,195","6,08,393","6,08,395","6,05,968","3,81,305","4,68,081","4,93,227",38.5%,43.5%,44.9%,"86,778",8.8%,2,0.0%,"86,776",22.8%,14,12,85.7%,
REV-00263,2026,2,Feb,Q1,2026-02-01,Germany,USD,Digital Engineering,Crestview Health,Healthcare,Fixed Price,"7,78,648","7,04,957","6,95,947","5,07,730","5,27,003","5,22,938","2,70,918","1,77,954","1,73,009",34.8%,25.2%,24.9%,"(73,691)",-9.5%,"19,273",3.8%,"(92,964)",-34.3%,11,8,72.7%,
REV-00264,2026,2,Feb,Q1,2026-02-01,Germany,USD,Digital Engineering,Delta Manufacturing,Manufacturing,Time & Material,"8,76,667","8,88,896","8,84,688","5,27,929","5,37,395","5,33,554","3,48,738","3,51,501","3,51,134",39.8%,39.5%,39.7%,"12,229",1.4%,"9,466",1.8%,"2,763",0.8%,12,10,83.3%,
REV-00265,2026,2,Feb,Q1,2026-02-01,Germany,USD,Digital Engineering,Evergreen Telecom,Telecommunications,Managed Services,"9,25,545","9,63,453","9,86,438","5,63,361","5,59,715","5,61,962","3,62,184","4,03,738","4,24,476",39.1%,41.9%,43.0%,"37,908",4.1%,"(3,646)",-0.6%,"41,554",11.5%,14,11,78.6%,
REV-00266,2026,2,Feb,Q1,2026-02-01,Germany,USD,Managed Services,Apex Retail Group,Retail,Time & Material,"6,86,149","6,84,847","6,85,452","4,51,469","4,31,818","4,28,792","2,34,680","2,53,029","2,56,660",34.2%,36.9%,37.4%,"(1,302)",-0.2%,"(19,651)",-4.4%,"18,349",7.8%,10,8,80.0%,
REV-00267,2026,2,Feb,Q1,2026-02-01,Germany,USD,Managed Services,BlueRiver Bank,Banking,Managed Services,"8,19,879","9,01,309","9,07,977","5,40,781","5,45,492","5,44,198","2,79,098","3,55,817","3,63,779",34.0%,39.5%,40.1%,"81,430",9.9%,"4,711",0.9%,"76,719",27.5%,11,9,81.8%,
REV-00268,2026,2,Feb,Q1,2026-02-01,Germany,USD,Managed Services,Crestview Health,Healthcare,Fixed Price,"6,43,985","5,90,525","5,95,304","4,53,387","4,63,425","4,66,704","1,90,598","1,27,100","1,28,600",29.6%,21.5%,21.6%,"(53,460)",-8.3%,"10,038",2.2%,"(63,498)",-33.3%,9,7,77.8%,
REV-00269,2026,2,Feb,Q1,2026-02-01,Germany,USD,Managed Services,Delta Manufacturing,Manufacturing,Time & Material,"7,21,019","7,80,229","7,65,444","4,76,264","4,76,938","4,73,839","2,44,755","3,03,291","2,91,605",33.9%,38.9%,38.1%,"59,210",8.2%,674,0.1%,"58,536",23.9%,10,8,80.0%,
REV-00270,2026,2,Feb,Q1,2026-02-01,Germany,USD,Managed Services,Evergreen Telecom,Telecommunications,Managed Services,"7,54,663","6,91,937","6,79,430","5,06,705","5,20,962","5,19,390","2,47,958","1,70,975","1,60,040",32.9%,24.7%,23.6%,"(62,726)",-8.3%,"14,257",2.8%,"(76,983)",-31.0%,10,8,80.0%,
REV-00271,2026,2,Feb,Q1,2026-02-01,Singapore,USD,Cloud Services,Apex Retail Group,Retail,Time & Material,"9,19,897","9,01,606","8,92,763","5,77,376","6,07,007","6,06,685","3,42,521","2,94,599","2,86,078",37.2%,32.7%,32.0%,"(18,291)",-2.0%,"29,631",5.1%,"(47,922)",-14.0%,14,11,78.6%,
REV-00272,2026,2,Feb,Q1,2026-02-01,Singapore,USD,Cloud Services,BlueRiver Bank,Banking,Managed Services,"10,85,520","11,71,527","11,68,770","6,70,372","6,62,884","6,65,571","4,15,148","5,08,643","5,03,199",38.2%,43.4%,43.1%,"86,007",7.9%,"(7,488)",-1.1%,"93,495",22.5%,18,16,88.9%,
REV-00273,2026,2,Feb,Q1,2026-02-01,Singapore,USD,Cloud Services,Crestview Health,Healthcare,Fixed Price,"8,61,916","8,13,823","8,23,408","5,46,847","5,43,779","5,46,525","3,15,069","2,70,044","2,76,883",36.6%,33.2%,33.6%,"(48,093)",-5.6%,"(3,068)",-0.6%,"(45,025)",-14.3%,12,9,75.0%,
REV-00274,2026,2,Feb,Q1,2026-02-01,Singapore,USD,Cloud Services,Delta Manufacturing,Manufacturing,Time & Material,"9,46,695","8,91,765","8,99,981","5,75,341","6,10,430","6,08,707","3,71,354","2,81,335","2,91,274",39.2%,31.5%,32.4%,"(54,930)",-5.8%,"35,089",6.1%,"(90,019)",-24.2%,14,11,78.6%,
REV-00275,2026,2,Feb,Q1,2026-02-01,Singapore,USD,Cloud Services,Evergreen Telecom,Telecommunications,Managed Services,"10,38,797","11,44,811","11,29,756","6,41,512","6,23,994","6,23,139","3,97,285","5,20,817","5,06,617",38.2%,45.5%,44.8%,"1,06,014",10.2%,"(17,518)",-2.7%,"1,23,532",31.1%,15,13,86.7%,
REV-00276,2026,2,Feb,Q1,2026-02-01,Singapore,USD,Data & Analytics,Apex Retail Group,Retail,Time & Material,"8,45,488","8,25,651","8,42,868","5,30,691","5,29,251","5,23,313","3,14,797","2,96,400","3,19,555",37.2%,35.9%,37.9%,"(19,837)",-2.3%,"(1,440)",-0.3%,"(18,397)",-5.8%,13,11,84.6%,
REV-00277,2026,2,Feb,Q1,2026-02-01,Singapore,USD,Data & Analytics,BlueRiver Bank,Banking,Managed Services,"10,15,620","10,36,361","10,42,768","6,09,964","5,95,442","5,98,612","4,05,656","4,40,919","4,44,156",39.9%,42.5%,42.6%,"20,741",2.0%,"(14,522)",-2.4%,"35,263",8.7%,16,13,81.3%,
REV-00278,2026,2,Feb,Q1,2026-02-01,Singapore,USD,Data & Analytics,Crestview Health,Healthcare,Fixed Price,"7,91,448","7,75,944","7,85,078","4,98,462","4,99,596","4,98,518","2,92,986","2,76,348","2,86,560",37.0%,35.6%,36.5%,"(15,504)",-2.0%,"1,134",0.2%,"(16,638)",-5.7%,11,9,81.8%,
REV-00279,2026,2,Feb,Q1,2026-02-01,Singapore,USD,Data & Analytics,Delta Manufacturing,Manufacturing,Time & Material,"8,90,662","8,13,210","8,12,443","5,44,896","5,30,513","5,27,912","3,45,766","2,82,697","2,84,531",38.8%,34.8%,35.0%,"(77,452)",-8.7%,"(14,383)",-2.6%,"(63,069)",-18.2%,15,11,73.3%,
REV-00280,2026,2,Feb,Q1,2026-02-01,Singapore,USD,Data & Analytics,Evergreen Telecom,Telecommunications,Managed Services,"9,71,689","10,25,509","10,39,850","5,92,093","5,78,604","5,74,773","3,79,596","4,46,905","4,65,077",39.1%,43.6%,44.7%,"53,820",5.5%,"(13,489)",-2.3%,"67,309",17.7%,15,13,86.7%,
REV-00281,2026,2,Feb,Q1,2026-02-01,Singapore,USD,Cybersecurity,Apex Retail Group,Retail,Time & Material,"8,25,798","8,45,749","8,24,735","5,11,594","5,28,683","5,25,104","3,14,204","3,17,066","2,99,631",38.0%,37.5%,36.3%,"19,951",2.4%,"17,089",3.3%,"2,862",0.9%,12,10,83.3%,
REV-00282,2026,2,Feb,Q1,2026-02-01,Singapore,USD,Cybersecurity,BlueRiver Bank,Banking,Managed Services,"10,04,907","9,76,175","9,69,611","6,07,264","6,30,571","6,31,352","3,97,643","3,45,604","3,38,259",39.6%,35.4%,34.9%,"(28,732)",-2.9%,"23,307",3.8%,"(52,039)",-13.1%,16,13,81.3%,
REV-00283,2026,2,Feb,Q1,2026-02-01,Singapore,USD,Cybersecurity,Crestview Health,Healthcare,Fixed Price,"7,86,528","8,47,649","8,64,237","5,08,412","5,03,934","5,03,219","2,78,116","3,43,715","3,61,018",35.4%,40.5%,41.8%,"61,121",7.8%,"(4,478)",-0.9%,"65,599",23.6%,11,9,81.8%,
REV-00284,2026,2,Feb,Q1,2026-02-01,Singapore,USD,Cybersecurity,Delta Manufacturing,Manufacturing,Time & Material,"8,68,213","9,25,538","9,10,063","5,21,471","5,10,779","5,15,409","3,46,742","4,14,759","3,94,654",39.9%,44.8%,43.4%,"57,325",6.6%,"(10,692)",-2.1%,"68,017",19.6%,14,12,85.7%,
REV-00285,2026,2,Feb,Q1,2026-02-01,Singapore,USD,Cybersecurity,Evergreen Telecom,Telecommunications,Managed Services,"9,55,538","10,05,307","9,96,222","5,71,982","5,75,048","5,77,068","3,83,556","4,30,259","4,19,154",40.1%,42.8%,42.1%,"49,769",5.2%,"3,066",0.5%,"46,703",12.2%,14,11,78.6%,
REV-00286,2026,2,Feb,Q1,2026-02-01,Singapore,USD,Enterprise Applications,Apex Retail Group,Retail,Time & Material,"8,18,138","7,35,927","7,52,624","5,01,966","5,36,889","5,39,366","3,16,172","1,99,038","2,13,258",38.6%,27.0%,28.3%,"(82,211)",-10.0%,"34,923",7.0%,"(1,17,134)",-37.0%,12,9,75.0%,
REV-00287,2026,2,Feb,Q1,2026-02-01,Singapore,USD,Enterprise Applications,BlueRiver Bank,Banking,Managed Services,"9,05,920","8,79,243","8,99,314","5,60,327","5,30,169","5,28,142","3,45,593","3,49,074","3,71,172",38.1%,39.7%,41.3%,"(26,677)",-2.9%,"(30,158)",-5.4%,"3,481",1.0%,13,11,84.6%,
REV-00288,2026,2,Feb,Q1,2026-02-01,Singapore,USD,Enterprise Applications,Crestview Health,Healthcare,Fixed Price,"7,34,482","6,72,478","6,69,505","4,71,220","4,50,566","4,52,356","2,63,262","2,21,912","2,17,149",35.8%,33.0%,32.4%,"(62,004)",-8.4%,"(20,654)",-4.4%,"(41,350)",-15.7%,12,9,75.0%,
REV-00289,2026,2,Feb,Q1,2026-02-01,Singapore,USD,Enterprise Applications,Delta Manufacturing,Manufacturing,Time & Material,"8,46,260","8,18,577","8,00,471","5,27,935","5,35,511","5,31,933","3,18,325","2,83,066","2,68,538",37.6%,34.6%,33.5%,"(27,683)",-3.3%,"7,576",1.4%,"(35,259)",-11.1%,12,9,75.0%,
REV-00290,2026,2,Feb,Q1,2026-02-01,Singapore,USD,Enterprise Applications,Evergreen Telecom,Telecommunications,Managed Services,"8,59,534","8,74,767","8,96,529","5,26,624","5,38,390","5,43,007","3,32,910","3,36,377","3,53,522",38.7%,38.5%,39.4%,"15,233",1.8%,"11,766",2.2%,"3,467",1.0%,12,10,83.3%,
REV-00291,2026,2,Feb,Q1,2026-02-01,Singapore,USD,Digital Engineering,Apex Retail Group,Retail,Time & Material,"8,25,114","8,24,319","8,28,926","5,07,900","5,20,223","5,16,937","3,17,214","3,04,096","3,11,989",38.4%,36.9%,37.6%,(795),-0.1%,"12,323",2.4%,"(13,118)",-4.1%,13,11,84.6%,
REV-00292,2026,2,Feb,Q1,2026-02-01,Singapore,USD,Digital Engineering,BlueRiver Bank,Banking,Managed Services,"9,57,089","10,53,937","10,73,897","5,79,787","5,56,743","5,61,323","3,77,302","4,97,194","5,12,574",39.4%,47.2%,47.7%,"96,848",10.1%,"(23,044)",-4.0%,"1,19,892",31.8%,13,11,84.6%,
REV-00293,2026,2,Feb,Q1,2026-02-01,Singapore,USD,Digital Engineering,Crestview Health,Healthcare,Fixed Price,"7,40,786","7,72,193","7,74,360","4,73,975","4,52,962","4,58,761","2,66,811","3,19,231","3,15,599",36.0%,41.3%,40.8%,"31,407",4.2%,"(21,013)",-4.4%,"52,420",19.6%,12,10,83.3%,
REV-00294,2026,2,Feb,Q1,2026-02-01,Singapore,USD,Digital Engineering,Delta Manufacturing,Manufacturing,Time & Material,"8,46,332","8,63,763","8,82,117","5,07,480","5,06,422","5,08,799","3,38,852","3,57,341","3,73,318",40.0%,41.4%,42.3%,"17,431",2.1%,"(1,058)",-0.2%,"18,489",5.5%,12,10,83.3%,
REV-00295,2026,2,Feb,Q1,2026-02-01,Singapore,USD,Digital Engineering,Evergreen Telecom,Telecommunications,Managed Services,"9,28,347","8,69,613","8,50,090","5,76,054","5,31,832","5,27,524","3,52,293","3,37,781","3,22,566",37.9%,38.8%,37.9%,"(58,734)",-6.3%,"(44,222)",-7.7%,"(14,512)",-4.1%,15,11,73.3%,
REV-00296,2026,2,Feb,Q1,2026-02-01,Singapore,USD,Managed Services,Apex Retail Group,Retail,Time & Material,"6,99,337","7,29,497","7,39,172","4,71,895","4,72,329","4,66,094","2,27,442","2,57,168","2,73,078",32.5%,35.3%,36.9%,"30,160",4.3%,434,0.1%,"29,726",13.1%,10,8,80.0%,
REV-00297,2026,2,Feb,Q1,2026-02-01,Singapore,USD,Managed Services,BlueRiver Bank,Banking,Managed Services,"7,71,889","7,12,227","7,23,544","5,20,304","5,23,190","5,30,778","2,51,585","1,89,037","1,92,766",32.6%,26.5%,26.6%,"(59,662)",-7.7%,"2,886",0.6%,"(62,548)",-24.9%,11,9,81.8%,
REV-00298,2026,2,Feb,Q1,2026-02-01,Singapore,USD,Managed Services,Crestview Health,Healthcare,Fixed Price,"5,97,082","5,35,820","5,46,729","4,09,806","4,01,206","3,98,276","1,87,276","1,34,614","1,48,453",31.4%,25.1%,27.2%,"(61,262)",-10.3%,"(8,600)",-2.1%,"(52,662)",-28.1%,9,7,77.8%,
REV-00299,2026,2,Feb,Q1,2026-02-01,Singapore,USD,Managed Services,Delta Manufacturing,Manufacturing,Time & Material,"7,27,071","7,17,213","7,18,626","4,93,863","4,81,256","4,86,414","2,33,208","2,35,957","2,32,212",32.1%,32.9%,32.3%,"(9,858)",-1.4%,"(12,607)",-2.6%,"2,749",1.2%,10,8,80.0%,
REV-00300,2026,2,Feb,Q1,2026-02-01,Singapore,USD,Managed Services,Evergreen Telecom,Telecommunications,Managed Services,"7,45,714","7,36,708","7,52,124","5,00,790","4,74,468","4,73,800","2,44,924","2,62,240","2,78,324",32.8%,35.6%,37.0%,"(9,006)",-1.2%,"(26,322)",-5.3%,"17,316",7.1%,10,8,80.0%,
REV-00301,2026,3,Mar,Q1,2026-03-01,India,USD,Cloud Services,Apex Retail Group,Retail,Time & Material,"7,18,826","6,46,442","6,40,725","4,40,524","4,46,220","4,46,421","2,78,302","2,00,222","1,94,304",38.7%,31.0%,30.3%,"(72,384)",-10.1%,"5,696",1.3%,"(78,080)",-28.1%,15,11,73.3%,
REV-00302,2026,3,Mar,Q1,2026-03-01,India,USD,Cloud Services,BlueRiver Bank,Banking,Managed Services,"8,35,289","7,89,526","7,96,282","5,02,194","5,19,520","5,21,259","3,33,095","2,70,006","2,75,023",39.9%,34.2%,34.5%,"(45,763)",-5.5%,"17,326",3.5%,"(63,089)",-18.9%,16,13,81.3%,
REV-00303,2026,3,Mar,Q1,2026-03-01,India,USD,Cloud Services,Crestview Health,Healthcare,Fixed Price,"6,68,672","6,37,455","6,28,722","4,28,418","4,50,338","4,52,047","2,40,254","1,87,117","1,76,675",35.9%,29.4%,28.1%,"(31,217)",-4.7%,"21,920",5.1%,"(53,137)",-22.1%,12,9,75.0%,
REV-00304,2026,3,Mar,Q1,2026-03-01,India,USD,Cloud Services,Delta Manufacturing,Manufacturing,Time & Material,"7,75,517","7,53,412","7,58,985","4,66,231","4,86,636","4,84,710","3,09,286","2,66,776","2,74,275",39.9%,35.4%,36.1%,"(22,105)",-2.9%,"20,405",4.4%,"(42,510)",-13.7%,16,13,81.3%,
REV-00305,2026,3,Mar,Q1,2026-03-01,India,USD,Cloud Services,Evergreen Telecom,Telecommunications,Managed Services,"7,93,126","8,58,312","8,73,022","4,85,206","4,95,484","4,89,551","3,07,920","3,62,828","3,83,471",38.8%,42.3%,43.9%,"65,186",8.2%,"10,278",2.1%,"54,908",17.8%,16,13,81.3%,
REV-00306,2026,3,Mar,Q1,2026-03-01,India,USD,Data & Analytics,Apex Retail Group,Retail,Time & Material,"6,66,037","6,27,455","6,21,552","4,08,552","4,02,316","3,98,172","2,57,485","2,25,139","2,23,380",38.7%,35.9%,35.9%,"(38,582)",-5.8%,"(6,236)",-1.5%,"(32,346)",-12.6%,13,10,76.9%,
REV-00307,2026,3,Mar,Q1,2026-03-01,India,USD,Data & Analytics,BlueRiver Bank,Banking,Managed Services,"8,25,681","9,06,586","9,27,261","4,98,294","4,72,582","4,76,130","3,27,387","4,34,004","4,51,131",39.7%,47.9%,48.7%,"80,905",9.8%,"(25,712)",-5.2%,"1,06,617",32.6%,16,14,87.5%,
REV-00308,2026,3,Mar,Q1,2026-03-01,India,USD,Data & Analytics,Crestview Health,Healthcare,Fixed Price,"6,21,261","6,47,525","6,48,735","3,94,170","3,91,300","3,93,846","2,27,091","2,56,225","2,54,889",36.6%,39.6%,39.3%,"26,264",4.2%,"(2,870)",-0.7%,"29,134",12.8%,13,10,76.9%,
REV-00309,2026,3,Mar,Q1,2026-03-01,India,USD,Data & Analytics,Delta Manufacturing,Manufacturing,Time & Material,"7,15,207","7,10,490","7,01,601","4,48,033","4,39,012","4,37,441","2,67,174","2,71,478","2,64,160",37.4%,38.2%,37.7%,"(4,717)",-0.7%,"(9,021)",-2.0%,"4,304",1.6%,14,12,85.7%,
REV-00310,2026,3,Mar,Q1,2026-03-01,India,USD,Data & Analytics,Evergreen Telecom,Telecommunications,Managed Services,"7,57,566","7,57,627","7,42,664","4,63,848","4,69,941","4,66,725","2,93,718","2,87,686","2,75,939",38.8%,38.0%,37.2%,61,0.0%,"6,093",1.3%,"(6,032)",-2.1%,15,12,80.0%,
REV-00311,2026,3,Mar,Q1,2026-03-01,India,USD,Cybersecurity,Apex Retail Group,Retail,Time & Material,"6,84,250","7,52,463","7,36,804","4,29,756","4,49,260","4,51,195","2,54,494","3,03,203","2,85,609",37.2%,40.3%,38.8%,"68,213",10.0%,"19,504",4.5%,"48,709",19.1%,13,11,84.6%,
REV-00312,2026,3,Mar,Q1,2026-03-01,India,USD,Cybersecurity,BlueRiver Bank,Banking,Managed Services,"7,95,982","8,47,181","8,36,911","4,83,331","4,75,074","4,75,117","3,12,651","3,72,107","3,61,794",39.3%,43.9%,43.2%,"51,199",6.4%,"(8,257)",-1.7%,"59,456",19.0%,14,12,85.7%,
REV-00313,2026,3,Mar,Q1,2026-03-01,India,USD,Cybersecurity,Crestview Health,Healthcare,Fixed Price,"6,16,914","6,47,860","6,42,430","3,96,715","4,17,804","4,14,328","2,20,199","2,30,056","2,28,102",35.7%,35.5%,35.5%,"30,946",5.0%,"21,089",5.3%,"9,857",4.5%,13,11,84.6%,
REV-00314,2026,3,Mar,Q1,2026-03-01,India,USD,Cybersecurity,Delta Manufacturing,Manufacturing,Time & Material,"7,02,232","6,66,095","6,60,083","4,27,650","4,39,347","4,39,535","2,74,582","2,26,748","2,20,548",39.1%,34.0%,33.4%,"(36,137)",-5.1%,"11,697",2.7%,"(47,834)",-17.4%,15,12,80.0%,
REV-00315,2026,3,Mar,Q1,2026-03-01,India,USD,Cybersecurity,Evergreen Telecom,Telecommunications,Managed Services,"7,46,513","6,78,872","6,71,554","4,69,476","4,96,431","4,95,163","2,77,037","1,82,441","1,76,391",37.1%,26.9%,26.3%,"(67,641)",-9.1%,"26,955",5.7%,"(94,596)",-34.1%,14,11,78.6%,
REV-00316,2026,3,Mar,Q1,2026-03-01,India,USD,Enterprise Applications,Apex Retail Group,Retail,Time & Material,"6,12,881","5,76,388","5,72,888","3,82,910","3,84,322","3,81,628","2,29,971","1,92,066","1,91,260",37.5%,33.3%,33.4%,"(36,493)",-6.0%,"1,412",0.4%,"(37,905)",-16.5%,11,8,72.7%,
REV-00317,2026,3,Mar,Q1,2026-03-01,India,USD,Enterprise Applications,BlueRiver Bank,Banking,Managed Services,"7,53,500","6,76,614","6,80,208","4,58,304","4,70,433","4,67,844","2,95,196","2,06,181","2,12,364",39.2%,30.5%,31.2%,"(76,886)",-10.2%,"12,129",2.6%,"(89,015)",-30.2%,15,12,80.0%,
REV-00318,2026,3,Mar,Q1,2026-03-01,India,USD,Enterprise Applications,Crestview Health,Healthcare,Fixed Price,"5,61,684","5,48,806","5,35,906","3,58,680","3,76,844","3,77,205","2,03,004","1,71,962","1,58,701",36.1%,31.3%,29.6%,"(12,878)",-2.3%,"18,164",5.1%,"(31,042)",-15.3%,11,9,81.8%,
REV-00319,2026,3,Mar,Q1,2026-03-01,India,USD,Enterprise Applications,Delta Manufacturing,Manufacturing,Time & Material,"6,47,582","6,30,036","6,25,850","3,97,601","4,33,372","4,26,964","2,49,981","1,96,664","1,98,886",38.6%,31.2%,31.8%,"(17,546)",-2.7%,"35,771",9.0%,"(53,317)",-21.3%,14,11,78.6%,
REV-00320,2026,3,Mar,Q1,2026-03-01,India,USD,Enterprise Applications,Evergreen Telecom,Telecommunications,Managed Services,"7,12,666","7,45,011","7,33,185","4,45,578","4,62,217","4,65,488","2,67,088","2,82,794","2,67,697",37.5%,38.0%,36.5%,"32,345",4.5%,"16,639",3.7%,"15,706",5.9%,15,13,86.7%,
REV-00321,2026,3,Mar,Q1,2026-03-01,India,USD,Digital Engineering,Apex Retail Group,Retail,Time & Material,"6,67,407","7,36,629","7,22,895","4,02,701","4,17,444","4,14,308","2,64,706","3,19,185","3,08,587",39.7%,43.3%,42.7%,"69,222",10.4%,"14,743",3.7%,"54,479",20.6%,14,12,85.7%,
REV-00322,2026,3,Mar,Q1,2026-03-01,India,USD,Digital Engineering,BlueRiver Bank,Banking,Managed Services,"7,70,765","7,85,216","8,02,053","4,80,098","4,69,587","4,74,101","2,90,667","3,15,629","3,27,952",37.7%,40.2%,40.9%,"14,451",1.9%,"(10,511)",-2.2%,"24,962",8.6%,16,14,87.5%,
REV-00323,2026,3,Mar,Q1,2026-03-01,India,USD,Digital Engineering,Crestview Health,Healthcare,Fixed Price,"5,76,907","5,67,694","5,55,982","3,69,670","3,73,225","3,76,602","2,07,237","1,94,469","1,79,380",35.9%,34.3%,32.3%,"(9,213)",-1.6%,"3,555",1.0%,"(12,768)",-6.2%,11,9,81.8%,
REV-00324,2026,3,Mar,Q1,2026-03-01,India,USD,Digital Engineering,Delta Manufacturing,Manufacturing,Time & Material,"6,88,665","6,74,085","6,73,273","4,21,257","4,28,194","4,28,013","2,67,408","2,45,891","2,45,260",38.8%,36.5%,36.4%,"(14,580)",-2.1%,"6,937",1.6%,"(21,517)",-8.0%,13,11,84.6%,
REV-00325,2026,3,Mar,Q1,2026-03-01,India,USD,Digital Engineering,Evergreen Telecom,Telecommunications,Managed Services,"7,14,255","7,63,458","7,55,948","4,37,684","4,35,945","4,38,258","2,76,571","3,27,513","3,17,690",38.7%,42.9%,42.0%,"49,203",6.9%,"(1,739)",-0.4%,"50,942",18.4%,14,11,78.6%,
REV-00326,2026,3,Mar,Q1,2026-03-01,India,USD,Managed Services,Apex Retail Group,Retail,Time & Material,"5,24,098","5,10,059","5,00,872","3,44,968","3,48,590","3,50,177","1,79,130","1,61,469","1,50,695",34.2%,31.7%,30.1%,"(14,039)",-2.7%,"3,622",1.0%,"(17,661)",-9.9%,10,8,80.0%,
REV-00327,2026,3,Mar,Q1,2026-03-01,India,USD,Managed Services,BlueRiver Bank,Banking,Managed Services,"6,07,601","5,75,802","5,89,029","4,08,293","4,33,188","4,31,698","1,99,308","1,42,614","1,57,331",32.8%,24.8%,26.7%,"(31,799)",-5.2%,"24,895",6.1%,"(56,694)",-28.4%,11,9,81.8%,
REV-00328,2026,3,Mar,Q1,2026-03-01,India,USD,Managed Services,Crestview Health,Healthcare,Fixed Price,"4,81,584","5,05,005","5,02,532","3,34,010","3,36,768","3,33,905","1,47,574","1,68,237","1,68,627",30.6%,33.3%,33.6%,"23,421",4.9%,"2,758",0.8%,"20,663",14.0%,10,8,80.0%,
REV-00329,2026,3,Mar,Q1,2026-03-01,India,USD,Managed Services,Delta Manufacturing,Manufacturing,Time & Material,"5,68,205","5,29,905","5,35,416","3,73,682","3,82,235","3,83,789","1,94,523","1,47,670","1,51,627",34.2%,27.9%,28.3%,"(38,300)",-6.7%,"8,553",2.3%,"(46,853)",-24.1%,12,9,75.0%,
REV-00330,2026,3,Mar,Q1,2026-03-01,India,USD,Managed Services,Evergreen Telecom,Telecommunications,Managed Services,"5,88,037","5,46,760","5,33,888","3,89,885","3,90,374","3,94,412","1,98,152","1,56,386","1,39,476",33.7%,28.6%,26.1%,"(41,277)",-7.0%,489,0.1%,"(41,766)",-21.1%,12,9,75.0%,
REV-00331,2026,3,Mar,Q1,2026-03-01,United States,USD,Cloud Services,Apex Retail Group,Retail,Time & Material,"13,02,181","12,79,960","12,52,363","8,18,641","8,19,687","8,19,164","4,83,540","4,60,273","4,33,199",37.1%,36.0%,34.6%,"(22,221)",-1.7%,"1,046",0.1%,"(23,267)",-4.8%,16,13,81.3%,
REV-00332,2026,3,Mar,Q1,2026-03-01,United States,USD,Cloud Services,BlueRiver Bank,Banking,Managed Services,"14,44,679","14,79,222","14,61,013","8,88,968","8,76,590","8,76,752","5,55,711","6,02,632","5,84,261",38.5%,40.7%,40.0%,"34,543",2.4%,"(12,378)",-1.4%,"46,921",8.4%,17,14,82.4%,
REV-00333,2026,3,Mar,Q1,2026-03-01,United States,USD,Cloud Services,Crestview Health,Healthcare,Fixed Price,"11,24,688","10,73,798","10,94,856","7,16,800","7,22,159","7,27,789","4,07,888","3,51,639","3,67,067",36.3%,32.7%,33.5%,"(50,890)",-4.5%,"5,359",0.7%,"(56,249)",-13.8%,13,10,76.9%,
REV-00334,2026,3,Mar,Q1,2026-03-01,United States,USD,Cloud Services,Delta Manufacturing,Manufacturing,Time & Material,"13,26,912","12,88,018","12,57,056","7,97,526","7,84,749","7,82,834","5,29,386","5,03,269","4,74,222",39.9%,39.1%,37.7%,"(38,894)",-2.9%,"(12,777)",-1.6%,"(26,117)",-4.9%,16,12,75.0%,
REV-00335,2026,3,Mar,Q1,2026-03-01,United States,USD,Cloud Services,Evergreen Telecom,Telecommunications,Managed Services,"13,72,432","12,57,595","12,81,789","8,43,761","8,45,183","8,43,225","5,28,671","4,12,412","4,38,564",38.5%,32.8%,34.2%,"(1,14,837)",-8.4%,"1,422",0.2%,"(1,16,259)",-22.0%,14,11,78.6%,
REV-00336,2026,3,Mar,Q1,2026-03-01,United States,USD,Data & Analytics,Apex Retail Group,Retail,Time & Material,"11,62,535","11,48,769","11,36,469","7,30,027","7,82,221","7,84,545","4,32,508","3,66,548","3,51,924",37.2%,31.9%,31.0%,"(13,766)",-1.2%,"52,194",7.1%,"(65,960)",-15.3%,15,12,80.0%,
REV-00337,2026,3,Mar,Q1,2026-03-01,United States,USD,Data & Analytics,BlueRiver Bank,Banking,Managed Services,"14,16,911","12,74,074","12,54,759","8,57,865","8,66,435","8,64,490","5,59,046","4,07,639","3,90,269",39.5%,32.0%,31.1%,"(1,42,837)",-10.1%,"8,570",1.0%,"(1,51,407)",-27.1%,16,13,81.3%,
REV-00338,2026,3,Mar,Q1,2026-03-01,United States,USD,Data & Analytics,Crestview Health,Healthcare,Fixed Price,"10,82,042","10,53,878","10,48,627","6,75,834","6,71,087","6,71,794","4,06,208","3,82,791","3,76,833",37.5%,36.3%,35.9%,"(28,164)",-2.6%,"(4,747)",-0.7%,"(23,417)",-5.8%,12,10,83.3%,
REV-00339,2026,3,Mar,Q1,2026-03-01,United States,USD,Data & Analytics,Delta Manufacturing,Manufacturing,Time & Material,"12,65,860","11,70,661","11,45,666","7,63,385","7,63,466","7,68,311","5,02,475","4,07,195","3,77,355",39.7%,34.8%,32.9%,"(95,199)",-7.5%,81,0.0%,"(95,280)",-19.0%,14,11,78.6%,
REV-00340,2026,3,Mar,Q1,2026-03-01,United States,USD,Data & Analytics,Evergreen Telecom,Telecommunications,Managed Services,"13,15,699","12,26,732","12,28,409","8,17,517","8,04,185","7,98,307","4,98,182","4,22,547","4,30,102",37.9%,34.4%,35.0%,"(88,967)",-6.8%,"(13,332)",-1.6%,"(75,635)",-15.2%,16,12,75.0%,
REV-00341,2026,3,Mar,Q1,2026-03-01,United States,USD,Cybersecurity,Apex Retail Group,Retail,Time & Material,"11,80,552","12,94,809","12,99,027","7,33,227","7,61,619","7,57,001","4,47,325","5,33,190","5,42,026",37.9%,41.2%,41.7%,"1,14,257",9.7%,"28,392",3.9%,"85,865",19.2%,14,11,78.6%,
REV-00342,2026,3,Mar,Q1,2026-03-01,United States,USD,Cybersecurity,BlueRiver Bank,Banking,Managed Services,"13,57,761","14,21,355","13,96,021","8,23,811","8,22,998","8,22,443","5,33,950","5,98,357","5,73,578",39.3%,42.1%,41.1%,"63,594",4.7%,(813),-0.1%,"64,407",12.1%,15,12,80.0%,
REV-00343,2026,3,Mar,Q1,2026-03-01,United States,USD,Cybersecurity,Crestview Health,Healthcare,Fixed Price,"10,93,562","10,04,882","9,95,225","6,92,940","7,21,795","7,25,024","4,00,622","2,83,087","2,70,201",36.6%,28.2%,27.1%,"(88,680)",-8.1%,"28,855",4.2%,"(1,17,535)",-29.3%,11,9,81.8%,
REV-00344,2026,3,Mar,Q1,2026-03-01,United States,USD,Cybersecurity,Delta Manufacturing,Manufacturing,Time & Material,"12,17,661","11,91,137","11,96,753","7,29,839","7,20,050","7,20,298","4,87,822","4,71,087","4,76,455",40.1%,39.5%,39.8%,"(26,524)",-2.2%,"(9,789)",-1.3%,"(16,735)",-3.4%,15,12,80.0%,
REV-00345,2026,3,Mar,Q1,2026-03-01,United States,USD,Cybersecurity,Evergreen Telecom,Telecommunications,Managed Services,"12,44,961","12,30,723","12,21,849","7,50,528","7,25,789","7,26,929","4,94,433","5,04,934","4,94,920",39.7%,41.0%,40.5%,"(14,238)",-1.1%,"(24,739)",-3.3%,"10,501",2.1%,14,11,78.6%,
REV-00346,2026,3,Mar,Q1,2026-03-01,United States,USD,Enterprise Applications,Apex Retail Group,Retail,Time & Material,"11,25,260","10,22,485","10,33,371","6,94,399","7,14,446","7,07,910","4,30,861","3,08,039","3,25,461",38.3%,30.1%,31.5%,"(1,02,775)",-9.1%,"20,047",2.9%,"(1,22,822)",-28.5%,13,10,76.9%,
REV-00347,2026,3,Mar,Q1,2026-03-01,United States,USD,Enterprise Applications,BlueRiver Bank,Banking,Managed Services,"12,28,004","11,98,474","11,73,601","7,65,374","7,44,439","7,38,495","4,62,630","4,54,035","4,35,106",37.7%,37.9%,37.1%,"(29,530)",-2.4%,"(20,935)",-2.7%,"(8,595)",-1.9%,13,11,84.6%,
REV-00348,2026,3,Mar,Q1,2026-03-01,United States,USD,Enterprise Applications,Crestview Health,Healthcare,Fixed Price,"9,81,552","9,53,155","9,53,260","6,30,882","5,97,436","6,02,257","3,50,670","3,55,719","3,51,003",35.7%,37.3%,36.8%,"(28,397)",-2.9%,"(33,446)",-5.3%,"5,049",1.4%,12,9,75.0%,
REV-00349,2026,3,Mar,Q1,2026-03-01,United States,USD,Enterprise Applications,Delta Manufacturing,Manufacturing,Time & Material,"11,54,412","11,87,731","11,67,225","6,92,832","6,97,615","6,97,621","4,61,580","4,90,116","4,69,604",40.0%,41.3%,40.2%,"33,319",2.9%,"4,783",0.7%,"28,536",6.2%,12,10,83.3%,
REV-00350,2026,3,Mar,Q1,2026-03-01,United States,USD,Enterprise Applications,Evergreen Telecom,Telecommunications,Managed Services,"12,35,123","11,78,501","12,00,802","7,56,246","7,13,337","7,12,881","4,78,877","4,65,164","4,87,921",38.8%,39.5%,40.6%,"(56,622)",-4.6%,"(42,909)",-5.7%,"(13,713)",-2.9%,13,10,76.9%,
REV-00351,2026,3,Mar,Q1,2026-03-01,United States,USD,Digital Engineering,Apex Retail Group,Retail,Time & Material,"11,63,299","10,85,450","10,87,285","7,30,480","7,37,874","7,36,274","4,32,819","3,47,576","3,51,011",37.2%,32.0%,32.3%,"(77,849)",-6.7%,"7,394",1.0%,"(85,243)",-19.7%,14,10,71.4%,
REV-00352,2026,3,Mar,Q1,2026-03-01,United States,USD,Digital Engineering,BlueRiver Bank,Banking,Managed Services,"12,70,127","11,59,906","11,58,654","7,84,386","8,01,542","7,95,029","4,85,741","3,58,364","3,63,625",38.2%,30.9%,31.4%,"(1,10,221)",-8.7%,"17,156",2.2%,"(1,27,377)",-26.2%,15,12,80.0%,
REV-00353,2026,3,Mar,Q1,2026-03-01,United States,USD,Digital Engineering,Crestview Health,Healthcare,Fixed Price,"10,07,119","10,25,673","10,30,184","6,30,400","6,12,745","6,20,377","3,76,719","4,12,928","4,09,807",37.4%,40.3%,39.8%,"18,554",1.8%,"(17,655)",-2.8%,"36,209",9.6%,11,9,81.8%,
REV-00354,2026,3,Mar,Q1,2026-03-01,United States,USD,Digital Engineering,Delta Manufacturing,Manufacturing,Time & Material,"11,84,396","11,92,049","11,93,724","7,16,460","6,99,612","7,06,995","4,67,936","4,92,437","4,86,729",39.5%,41.3%,40.8%,"7,653",0.6%,"(16,848)",-2.4%,"24,501",5.2%,12,10,83.3%,
REV-00355,2026,3,Mar,Q1,2026-03-01,United States,USD,Digital Engineering,Evergreen Telecom,Telecommunications,Managed Services,"12,35,043","12,72,599","12,55,435","7,59,223","7,56,442","7,57,544","4,75,820","5,16,157","4,97,891",38.5%,40.6%,39.7%,"37,556",3.0%,"(2,781)",-0.4%,"40,337",8.5%,14,11,78.6%,
REV-00356,2026,3,Mar,Q1,2026-03-01,United States,USD,Managed Services,Apex Retail Group,Retail,Time & Material,"9,26,992","9,05,639","9,18,078","6,31,692","6,41,376","6,40,435","2,95,300","2,64,263","2,77,643",31.9%,29.2%,30.2%,"(21,353)",-2.3%,"9,684",1.5%,"(31,037)",-10.5%,10,8,80.0%,
REV-00357,2026,3,Mar,Q1,2026-03-01,United States,USD,Managed Services,BlueRiver Bank,Banking,Managed Services,"10,69,893","10,24,455","10,05,714","7,15,170","7,46,384","7,47,258","3,54,723","2,78,071","2,58,456",33.2%,27.1%,25.7%,"(45,438)",-4.2%,"31,214",4.4%,"(76,652)",-21.6%,11,9,81.8%,
REV-00358,2026,3,Mar,Q1,2026-03-01,United States,USD,Managed Services,Crestview Health,Healthcare,Fixed Price,"8,31,121","7,98,125","7,97,348","5,87,412","5,98,876","5,99,815","2,43,709","1,99,249","1,97,533",29.3%,25.0%,24.8%,"(32,996)",-4.0%,"11,464",2.0%,"(44,460)",-18.2%,9,7,77.8%,
REV-00359,2026,3,Mar,Q1,2026-03-01,United States,USD,Managed Services,Delta Manufacturing,Manufacturing,Time & Material,"9,75,540","10,57,652","10,31,674","6,39,161","6,37,566","6,35,288","3,36,379","4,20,086","3,96,386",34.5%,39.7%,38.4%,"82,112",8.4%,"(1,595)",-0.2%,"83,707",24.9%,11,10,90.9%,
REV-00360,2026,3,Mar,Q1,2026-03-01,United States,USD,Managed Services,Evergreen Telecom,Telecommunications,Managed Services,"10,00,481","10,98,262","10,97,152","6,75,857","6,79,391","6,89,471","3,24,624","4,18,871","4,07,681",32.4%,38.1%,37.2%,"97,781",9.8%,"3,534",0.5%,"94,247",29.0%,11,9,81.8%,
REV-00361,2026,3,Mar,Q1,2026-03-01,United Kingdom,USD,Cloud Services,Apex Retail Group,Retail,Time & Material,"10,67,195","11,30,305","11,54,995","6,58,890","6,83,290","6,77,526","4,08,305","4,47,015","4,77,469",38.3%,39.5%,41.3%,"63,110",5.9%,"24,400",3.7%,"38,710",9.5%,13,11,84.6%,
REV-00362,2026,3,Mar,Q1,2026-03-01,United Kingdom,USD,Cloud Services,BlueRiver Bank,Banking,Managed Services,"12,39,074","12,45,381","12,32,778","7,67,480","7,96,806","7,97,857","4,71,594","4,48,575","4,34,921",38.1%,36.0%,35.3%,"6,307",0.5%,"29,326",3.8%,"(23,019)",-4.9%,16,13,81.3%,
REV-00363,2026,3,Mar,Q1,2026-03-01,United Kingdom,USD,Cloud Services,Crestview Health,Healthcare,Fixed Price,"9,49,616","8,73,475","8,85,494","6,12,881","5,96,325","6,00,686","3,36,735","2,77,150","2,84,808",35.5%,31.7%,32.2%,"(76,141)",-8.0%,"(16,556)",-2.7%,"(59,585)",-17.7%,13,10,76.9%,
REV-00364,2026,3,Mar,Q1,2026-03-01,United Kingdom,USD,Cloud Services,Delta Manufacturing,Manufacturing,Time & Material,"11,11,443","10,97,233","10,88,004","6,75,544","6,92,153","6,84,414","4,35,899","4,05,080","4,03,590",39.2%,36.9%,37.1%,"(14,210)",-1.3%,"16,609",2.5%,"(30,819)",-7.1%,16,13,81.3%,
REV-00365,2026,3,Mar,Q1,2026-03-01,United Kingdom,USD,Cloud Services,Evergreen Telecom,Telecommunications,Managed Services,"11,53,182","10,63,214","10,69,451","7,08,066","7,19,355","7,25,037","4,45,116","3,43,859","3,44,414",38.6%,32.3%,32.2%,"(89,968)",-7.8%,"11,289",1.6%,"(1,01,257)",-22.7%,16,13,81.3%,
REV-00366,2026,3,Mar,Q1,2026-03-01,United Kingdom,USD,Data & Analytics,Apex Retail Group,Retail,Time & Material,"10,03,115","10,11,214","9,90,830","6,14,490","6,15,293","6,19,063","3,88,625","3,95,921","3,71,767",38.7%,39.2%,37.5%,"8,099",0.8%,803,0.1%,"7,296",1.9%,15,13,86.7%,
REV-00367,2026,3,Mar,Q1,2026-03-01,United Kingdom,USD,Data & Analytics,BlueRiver Bank,Banking,Managed Services,"11,61,626","11,79,243","11,68,581","7,07,811","6,81,603","6,82,751","4,53,815","4,97,640","4,85,830",39.1%,42.2%,41.6%,"17,617",1.5%,"(26,208)",-3.7%,"43,825",9.7%,16,14,87.5%,
REV-00368,2026,3,Mar,Q1,2026-03-01,United Kingdom,USD,Data & Analytics,Crestview Health,Healthcare,Fixed Price,"8,79,698","8,67,805","8,69,137","5,58,156","5,70,740","5,68,114","3,21,542","2,97,065","3,01,023",36.6%,34.2%,34.6%,"(11,893)",-1.4%,"12,584",2.3%,"(24,477)",-7.6%,11,9,81.8%,
REV-00369,2026,3,Mar,Q1,2026-03-01,United Kingdom,USD,Data & Analytics,Delta Manufacturing,Manufacturing,Time & Material,"10,53,208","10,67,666","10,45,604","6,46,854","6,53,058","6,49,088","4,06,354","4,14,608","3,96,516",38.6%,38.8%,37.9%,"14,458",1.4%,"6,204",1.0%,"8,254",2.0%,14,12,85.7%,
REV-00370,2026,3,Mar,Q1,2026-03-01,United Kingdom,USD,Data & Analytics,Evergreen Telecom,Telecommunications,Managed Services,"11,06,834","10,48,658","10,41,520","6,76,386","6,98,009","7,04,064","4,30,448","3,50,649","3,37,456",38.9%,33.4%,32.4%,"(58,176)",-5.3%,"21,623",3.2%,"(79,799)",-18.5%,15,11,73.3%,
REV-00371,2026,3,Mar,Q1,2026-03-01,United Kingdom,USD,Cybersecurity,Apex Retail Group,Retail,Time & Material,"9,63,403","10,05,309","9,86,540","5,93,918","5,94,099","6,00,546","3,69,485","4,11,210","3,85,994",38.4%,40.9%,39.1%,"41,906",4.3%,181,0.0%,"41,725",11.3%,13,11,84.6%,
REV-00372,2026,3,Mar,Q1,2026-03-01,United Kingdom,USD,Cybersecurity,BlueRiver Bank,Banking,Managed Services,"10,99,514","11,31,529","11,34,414","6,81,858","6,89,259","6,93,393","4,17,656","4,42,270","4,41,021",38.0%,39.1%,38.9%,"32,015",2.9%,"7,401",1.1%,"24,614",5.9%,15,12,80.0%,
REV-00373,2026,3,Mar,Q1,2026-03-01,United Kingdom,USD,Cybersecurity,Crestview Health,Healthcare,Fixed Price,"8,73,338","8,76,893","8,70,703","5,66,159","5,59,857","5,59,245","3,07,179","3,17,036","3,11,458",35.2%,36.2%,35.8%,"3,555",0.4%,"(6,302)",-1.1%,"9,857",3.2%,13,11,84.6%,
REV-00374,2026,3,Mar,Q1,2026-03-01,United Kingdom,USD,Cybersecurity,Delta Manufacturing,Manufacturing,Time & Material,"10,25,695","9,49,225","9,61,806","6,31,684","6,42,666","6,41,587","3,94,011","3,06,559","3,20,219",38.4%,32.3%,33.3%,"(76,470)",-7.5%,"10,982",1.7%,"(87,452)",-22.2%,13,10,76.9%,
REV-00375,2026,3,Mar,Q1,2026-03-01,United Kingdom,USD,Cybersecurity,Evergreen Telecom,Telecommunications,Managed Services,"10,71,677","10,03,847","9,88,398","6,44,215","6,37,132","6,33,849","4,27,462","3,66,715","3,54,549",39.9%,36.5%,35.9%,"(67,830)",-6.3%,"(7,083)",-1.1%,"(60,747)",-14.2%,14,11,78.6%,
REV-00376,2026,3,Mar,Q1,2026-03-01,United Kingdom,USD,Enterprise Applications,Apex Retail Group,Retail,Time & Material,"9,30,504","9,99,678","10,22,372","5,77,476","5,55,629","5,60,424","3,53,028","4,44,049","4,61,948",37.9%,44.4%,45.2%,"69,174",7.4%,"(21,847)",-3.8%,"91,021",25.8%,13,11,84.6%,
REV-00377,2026,3,Mar,Q1,2026-03-01,United Kingdom,USD,Enterprise Applications,BlueRiver Bank,Banking,Managed Services,"10,77,218","11,18,019","11,10,325","6,76,068","6,65,148","6,65,735","4,01,150","4,52,871","4,44,590",37.2%,40.5%,40.0%,"40,801",3.8%,"(10,920)",-1.6%,"51,721",12.9%,15,13,86.7%,
REV-00378,2026,3,Mar,Q1,2026-03-01,United Kingdom,USD,Enterprise Applications,Crestview Health,Healthcare,Fixed Price,"8,30,517","8,06,890","8,25,445","5,26,782","5,24,395","5,20,900","3,03,735","2,82,495","3,04,545",36.6%,35.0%,36.9%,"(23,627)",-2.8%,"(2,387)",-0.5%,"(21,240)",-7.0%,12,10,83.3%,
REV-00379,2026,3,Mar,Q1,2026-03-01,United Kingdom,USD,Enterprise Applications,Delta Manufacturing,Manufacturing,Time & Material,"9,52,279","8,55,540","8,69,741","5,75,850","5,80,886","5,84,974","3,76,429","2,74,654","2,84,767",39.5%,32.1%,32.7%,"(96,739)",-10.2%,"5,036",0.9%,"(1,01,775)",-27.0%,12,10,83.3%,
REV-00380,2026,3,Mar,Q1,2026-03-01,United Kingdom,USD,Enterprise Applications,Evergreen Telecom,Telecommunications,Managed Services,"9,85,267","8,96,721","8,83,295","5,90,388","6,10,012","6,05,844","3,94,879","2,86,709","2,77,451",40.1%,32.0%,31.4%,"(88,546)",-9.0%,"19,624",3.3%,"(1,08,170)",-27.4%,14,11,78.6%,
REV-00381,2026,3,Mar,Q1,2026-03-01,United Kingdom,USD,Digital Engineering,Apex Retail Group,Retail,Time & Material,"9,52,749","8,65,384","8,76,363","5,84,010","5,63,837","5,63,087","3,68,739","3,01,547","3,13,276",38.7%,34.8%,35.7%,"(87,365)",-9.2%,"(20,173)",-3.5%,"(67,192)",-18.2%,13,10,76.9%,
REV-00382,2026,3,Mar,Q1,2026-03-01,United Kingdom,USD,Digital Engineering,BlueRiver Bank,Banking,Managed Services,"11,21,580","11,83,867","11,78,752","6,78,919","7,07,122","7,04,871","4,42,661","4,76,745","4,73,881",39.5%,40.3%,40.2%,"62,287",5.6%,"28,203",4.2%,"34,084",7.7%,15,12,80.0%,
REV-00383,2026,3,Mar,Q1,2026-03-01,United Kingdom,USD,Digital Engineering,Crestview Health,Healthcare,Fixed Price,"8,41,829","8,39,379","8,39,198","5,38,260","5,52,959","5,55,103","3,03,569","2,86,420","2,84,095",36.1%,34.1%,33.9%,"(2,450)",-0.3%,"14,699",2.7%,"(17,149)",-5.6%,12,9,75.0%,
REV-00384,2026,3,Mar,Q1,2026-03-01,United Kingdom,USD,Digital Engineering,Delta Manufacturing,Manufacturing,Time & Material,"9,68,141","9,74,287","9,72,497","6,08,452","6,51,964","6,55,660","3,59,689","3,22,323","3,16,837",37.2%,33.1%,32.6%,"6,146",0.6%,"43,512",7.2%,"(37,366)",-10.4%,14,11,78.6%,
REV-00385,2026,3,Mar,Q1,2026-03-01,United Kingdom,USD,Digital Engineering,Evergreen Telecom,Telecommunications,Managed Services,"10,66,443","9,70,377","9,81,500","6,51,925","6,54,831","6,48,047","4,14,518","3,15,546","3,33,453",38.9%,32.5%,34.0%,"(96,066)",-9.0%,"2,906",0.4%,"(98,972)",-23.9%,15,11,73.3%,
REV-00386,2026,3,Mar,Q1,2026-03-01,United Kingdom,USD,Managed Services,Apex Retail Group,Retail,Time & Material,"7,90,616","8,70,172","8,57,529","5,17,502","5,07,951","5,12,125","2,73,114","3,62,221","3,45,404",34.5%,41.6%,40.3%,"79,556",10.1%,"(9,551)",-1.8%,"89,107",32.6%,11,10,90.9%,
REV-00387,2026,3,Mar,Q1,2026-03-01,United Kingdom,USD,Managed Services,BlueRiver Bank,Banking,Managed Services,"9,24,263","8,95,786","8,99,343","6,15,989","6,25,306","6,32,423","3,08,274","2,70,480","2,66,920",33.4%,30.2%,29.7%,"(28,477)",-3.1%,"9,317",1.5%,"(37,794)",-12.3%,13,11,84.6%,
REV-00388,2026,3,Mar,Q1,2026-03-01,United Kingdom,USD,Managed Services,Crestview Health,Healthcare,Fixed Price,"7,15,916","7,57,345","7,55,044","4,90,200","5,00,449","5,02,893","2,25,716","2,56,896","2,52,151",31.5%,33.9%,33.4%,"41,429",5.8%,"10,249",2.1%,"31,180",13.8%,10,9,90.0%,
REV-00389,2026,3,Mar,Q1,2026-03-01,United Kingdom,USD,Managed Services,Delta Manufacturing,Manufacturing,Time & Material,"7,81,757","7,91,014","8,04,376","5,33,253","5,56,290","5,55,450","2,48,504","2,34,724","2,48,926",31.8%,29.7%,30.9%,"9,257",1.2%,"23,037",4.3%,"(13,780)",-5.5%,10,9,90.0%,
REV-00390,2026,3,Mar,Q1,2026-03-01,United Kingdom,USD,Managed Services,Evergreen Telecom,Telecommunications,Managed Services,"8,30,247","8,27,442","8,42,393","5,41,343","5,61,111","5,58,303","2,88,904","2,66,331","2,84,090",34.8%,32.2%,33.7%,"(2,805)",-0.3%,"19,768",3.7%,"(22,573)",-7.8%,12,10,83.3%,
REV-00391,2026,3,Mar,Q1,2026-03-01,Germany,USD,Cloud Services,Apex Retail Group,Retail,Time & Material,"10,25,150","10,99,235","10,84,837","6,36,138","6,33,843","6,25,369","3,89,012","4,65,392","4,59,468",37.9%,42.3%,42.4%,"74,085",7.2%,"(2,295)",-0.4%,"76,380",19.6%,14,12,85.7%,
REV-00392,2026,3,Mar,Q1,2026-03-01,Germany,USD,Cloud Services,BlueRiver Bank,Banking,Managed Services,"11,77,418","12,33,576","12,12,761","7,20,275","7,52,273","7,54,309","4,57,143","4,81,303","4,58,452",38.8%,39.0%,37.8%,"56,158",4.8%,"31,998",4.4%,"24,160",5.3%,18,14,77.8%,
REV-00393,2026,3,Mar,Q1,2026-03-01,Germany,USD,Cloud Services,Crestview Health,Healthcare,Fixed Price,"9,24,201","9,98,921","10,13,577","5,97,098","5,94,187","5,98,880","3,27,103","4,04,734","4,14,697",35.4%,40.5%,40.9%,"74,720",8.1%,"(2,911)",-0.5%,"77,631",23.7%,14,12,85.7%,
REV-00394,2026,3,Mar,Q1,2026-03-01,Germany,USD,Cloud Services,Delta Manufacturing,Manufacturing,Time & Material,"10,34,449","10,68,605","10,48,656","6,41,513","6,64,890","6,67,912","3,92,936","4,03,715","3,80,744",38.0%,37.8%,36.3%,"34,156",3.3%,"23,377",3.6%,"10,779",2.7%,14,11,78.6%,
REV-00395,2026,3,Mar,Q1,2026-03-01,Germany,USD,Cloud Services,Evergreen Telecom,Telecommunications,Managed Services,"11,03,123","11,56,193","11,38,716","6,61,083","6,70,571","6,68,007","4,42,040","4,85,622","4,70,709",40.1%,42.0%,41.3%,"53,070",4.8%,"9,488",1.4%,"43,582",9.9%,16,13,81.3%,
REV-00396,2026,3,Mar,Q1,2026-03-01,Germany,USD,Data & Analytics,Apex Retail Group,Retail,Time & Material,"9,18,630","9,64,653","9,79,919","5,63,729","5,73,200","5,68,186","3,54,901","3,91,453","4,11,733",38.6%,40.6%,42.0%,"46,023",5.0%,"9,471",1.7%,"36,552",10.3%,14,11,78.6%,
REV-00397,2026,3,Mar,Q1,2026-03-01,Germany,USD,Data & Analytics,BlueRiver Bank,Banking,Managed Services,"11,23,514","12,40,932","12,27,749","7,02,072","7,29,506","7,24,033","4,21,442","5,11,426","5,03,716",37.5%,41.2%,41.0%,"1,17,418",10.5%,"27,434",3.9%,"89,984",21.4%,17,14,82.4%,
REV-00398,2026,3,Mar,Q1,2026-03-01,Germany,USD,Data & Analytics,Crestview Health,Healthcare,Fixed Price,"8,63,371","9,25,651","9,40,369","5,40,313","5,31,843","5,25,331","3,23,058","3,93,808","4,15,038",37.4%,42.5%,44.1%,"62,280",7.2%,"(8,470)",-1.6%,"70,750",21.9%,13,11,84.6%,
REV-00399,2026,3,Mar,Q1,2026-03-01,Germany,USD,Data & Analytics,Delta Manufacturing,Manufacturing,Time & Material,"9,92,782","9,68,807","9,72,115","6,10,614","6,14,285","6,13,705","3,82,168","3,54,522","3,58,410",38.5%,36.6%,36.9%,"(23,975)",-2.4%,"3,671",0.6%,"(27,646)",-7.2%,14,12,85.7%,
REV-00400,2026,3,Mar,Q1,2026-03-01,Germany,USD,Data & Analytics,Evergreen Telecom,Telecommunications,Managed Services,"10,49,630","10,85,035","10,87,561","6,42,830","6,61,916","6,63,066","4,06,800","4,23,119","4,24,495",38.8%,39.0%,39.0%,"35,405",3.4%,"19,086",3.0%,"16,319",4.0%,16,14,87.5%,
REV-00401,2026,3,Mar,Q1,2026-03-01,Germany,USD,Cybersecurity,Apex Retail Group,Retail,Time & Material,"8,94,345","8,89,258","9,02,670","5,36,450","5,41,632","5,44,911","3,57,895","3,47,626","3,57,759",40.0%,39.1%,39.6%,"(5,087)",-0.6%,"5,182",1.0%,"(10,269)",-2.9%,13,10,76.9%,
REV-00402,2026,3,Mar,Q1,2026-03-01,Germany,USD,Cybersecurity,BlueRiver Bank,Banking,Managed Services,"10,41,279","10,22,787","10,28,744","6,52,486","6,70,761","6,66,451","3,88,793","3,52,026","3,62,293",37.3%,34.4%,35.2%,"(18,492)",-1.8%,"18,275",2.8%,"(36,767)",-9.5%,14,11,78.6%,
REV-00403,2026,3,Mar,Q1,2026-03-01,Germany,USD,Cybersecurity,Crestview Health,Healthcare,Fixed Price,"8,53,262","9,17,350","9,24,509","5,44,417","5,47,150","5,40,896","3,08,845","3,70,200","3,83,613",36.2%,40.4%,41.5%,"64,088",7.5%,"2,733",0.5%,"61,355",19.9%,13,11,84.6%,
REV-00404,2026,3,Mar,Q1,2026-03-01,Germany,USD,Cybersecurity,Delta Manufacturing,Manufacturing,Time & Material,"9,33,672","10,12,802","10,01,278","5,84,170","6,08,559","6,10,414","3,49,502","4,04,243","3,90,864",37.4%,39.9%,39.0%,"79,130",8.5%,"24,389",4.2%,"54,741",15.7%,14,12,85.7%,
REV-00405,2026,3,Mar,Q1,2026-03-01,Germany,USD,Cybersecurity,Evergreen Telecom,Telecommunications,Managed Services,"10,44,878","10,64,504","10,60,237","6,37,187","6,21,979","6,28,926","4,07,691","4,42,525","4,31,311",39.0%,41.6%,40.7%,"19,626",1.9%,"(15,208)",-2.4%,"34,834",8.5%,14,12,85.7%,
REV-00406,2026,3,Mar,Q1,2026-03-01,Germany,USD,Enterprise Applications,Apex Retail Group,Retail,Time & Material,"8,69,731","9,31,196","9,49,061","5,26,493","5,48,681","5,48,524","3,43,238","3,82,515","4,00,537",39.5%,41.1%,42.2%,"61,465",7.1%,"22,188",4.2%,"39,277",11.4%,12,10,83.3%,
REV-00407,2026,3,Mar,Q1,2026-03-01,Germany,USD,Enterprise Applications,BlueRiver Bank,Banking,Managed Services,"10,13,829","11,04,167","11,19,410","6,28,331","6,53,552","6,50,055","3,85,498","4,50,615","4,69,355",38.0%,40.8%,41.9%,"90,338",8.9%,"25,221",4.0%,"65,117",16.9%,13,11,84.6%,
REV-00408,2026,3,Mar,Q1,2026-03-01,Germany,USD,Enterprise Applications,Crestview Health,Healthcare,Fixed Price,"7,60,076","7,60,044","7,60,074","4,85,182","4,69,527","4,63,968","2,74,894","2,90,517","2,96,106",36.2%,38.2%,39.0%,(32),0.0%,"(15,655)",-3.2%,"15,623",5.7%,10,8,80.0%,
REV-00409,2026,3,Mar,Q1,2026-03-01,Germany,USD,Enterprise Applications,Delta Manufacturing,Manufacturing,Time & Material,"8,74,263","8,53,820","8,59,847","5,45,181","5,70,581","5,68,027","3,29,082","2,83,239","2,91,820",37.6%,33.2%,33.9%,"(20,443)",-2.3%,"25,400",4.7%,"(45,843)",-13.9%,12,9,75.0%,
REV-00410,2026,3,Mar,Q1,2026-03-01,Germany,USD,Enterprise Applications,Evergreen Telecom,Telecommunications,Managed Services,"9,55,677","10,00,558","9,99,282","5,71,991","6,13,396","6,18,791","3,83,686","3,87,162","3,80,491",40.1%,38.7%,38.1%,"44,881",4.7%,"41,405",7.2%,"3,476",0.9%,13,11,84.6%,
REV-00411,2026,3,Mar,Q1,2026-03-01,Germany,USD,Digital Engineering,Apex Retail Group,Retail,Time & Material,"8,94,638","8,30,032","8,11,964","5,40,488","5,30,566","5,25,717","3,54,150","2,99,466","2,86,247",39.6%,36.1%,35.3%,"(64,606)",-7.2%,"(9,922)",-1.8%,"(54,684)",-15.4%,13,10,76.9%,
REV-00412,2026,3,Mar,Q1,2026-03-01,Germany,USD,Digital Engineering,BlueRiver Bank,Banking,Managed Services,"10,51,251","9,77,564","9,59,855","6,50,777","6,79,265","6,76,788","4,00,474","2,98,299","2,83,067",38.1%,30.5%,29.5%,"(73,687)",-7.0%,"28,488",4.4%,"(1,02,175)",-25.5%,15,12,80.0%,
REV-00413,2026,3,Mar,Q1,2026-03-01,Germany,USD,Digital Engineering,Crestview Health,Healthcare,Fixed Price,"8,32,419","8,73,870","8,60,428","5,40,284","5,63,340","5,58,571","2,92,135","3,10,530","3,01,857",35.1%,35.5%,35.1%,"41,451",5.0%,"23,056",4.3%,"18,395",6.3%,12,10,83.3%,
REV-00414,2026,3,Mar,Q1,2026-03-01,Germany,USD,Digital Engineering,Delta Manufacturing,Manufacturing,Time & Material,"9,07,420","9,85,433","9,87,863","5,62,633","5,78,324","5,79,596","3,44,787","4,07,109","4,08,267",38.0%,41.3%,41.3%,"78,013",8.6%,"15,691",2.8%,"62,322",18.1%,13,11,84.6%,
REV-00415,2026,3,Mar,Q1,2026-03-01,Germany,USD,Digital Engineering,Evergreen Telecom,Telecommunications,Managed Services,"9,58,932","10,55,739","10,44,749","5,94,797","6,34,081","6,41,461","3,64,135","4,21,658","4,03,288",38.0%,39.9%,38.6%,"96,807",10.1%,"39,284",6.6%,"57,523",15.8%,13,11,84.6%,
REV-00416,2026,3,Mar,Q1,2026-03-01,Germany,USD,Managed Services,Apex Retail Group,Retail,Time & Material,"7,41,388","7,20,656","7,13,491","4,84,817","4,92,404","4,95,468","2,56,571","2,28,252","2,18,023",34.6%,31.7%,30.6%,"(20,732)",-2.8%,"7,587",1.6%,"(28,319)",-11.0%,11,9,81.8%,
REV-00417,2026,3,Mar,Q1,2026-03-01,Germany,USD,Managed Services,BlueRiver Bank,Banking,Managed Services,"8,40,763","8,21,191","8,35,153","5,71,935","5,94,544","5,91,025","2,68,828","2,26,647","2,44,128",32.0%,27.6%,29.2%,"(19,572)",-2.3%,"22,609",4.0%,"(42,181)",-15.7%,13,11,84.6%,
REV-00418,2026,3,Mar,Q1,2026-03-01,Germany,USD,Managed Services,Crestview Health,Healthcare,Fixed Price,"6,52,492","6,53,149","6,49,453","4,59,358","4,45,549","4,41,105","1,93,134","2,07,600","2,08,348",29.6%,31.8%,32.1%,657,0.1%,"(13,809)",-3.0%,"14,466",7.5%,10,8,80.0%,
REV-00419,2026,3,Mar,Q1,2026-03-01,Germany,USD,Managed Services,Delta Manufacturing,Manufacturing,Time & Material,"7,56,513","7,95,388","8,02,307","5,01,140","5,31,827","5,36,647","2,55,373","2,63,561","2,65,660",33.8%,33.1%,33.1%,"38,875",5.1%,"30,687",6.1%,"8,188",3.2%,10,9,90.0%,
REV-00420,2026,3,Mar,Q1,2026-03-01,Germany,USD,Managed Services,Evergreen Telecom,Telecommunications,Managed Services,"8,32,252","8,10,448","7,95,600","5,46,784","5,20,429","5,15,808","2,85,468","2,90,019","2,79,792",34.3%,35.8%,35.2%,"(21,804)",-2.6%,"(26,355)",-4.8%,"4,551",1.6%,12,9,75.0%,
REV-00421,2026,3,Mar,Q1,2026-03-01,Singapore,USD,Cloud Services,Apex Retail Group,Retail,Time & Material,"9,28,384","8,40,499","8,28,035","5,82,727","6,12,826","6,19,905","3,45,657","2,27,673","2,08,130",37.2%,27.1%,25.1%,"(87,885)",-9.5%,"30,099",5.2%,"(1,17,984)",-34.1%,13,10,76.9%,
REV-00422,2026,3,Mar,Q1,2026-03-01,Singapore,USD,Cloud Services,BlueRiver Bank,Banking,Managed Services,"11,39,282","12,49,727","12,30,751","6,96,961","6,71,966","6,77,668","4,42,321","5,77,761","5,53,083",38.8%,46.2%,44.9%,"1,10,445",9.7%,"(24,995)",-3.6%,"1,35,440",30.6%,17,14,82.4%,
REV-00423,2026,3,Mar,Q1,2026-03-01,Singapore,USD,Cloud Services,Crestview Health,Healthcare,Fixed Price,"8,64,833","9,14,969","9,23,493","5,64,671","5,59,152","5,56,517","3,00,162","3,55,817","3,66,976",34.7%,38.9%,39.7%,"50,136",5.8%,"(5,519)",-1.0%,"55,655",18.5%,13,11,84.6%,
REV-00424,2026,3,Mar,Q1,2026-03-01,Singapore,USD,Cloud Services,Delta Manufacturing,Manufacturing,Time & Material,"9,83,923","9,50,258","9,55,689","6,12,812","6,23,048","6,24,817","3,71,111","3,27,210","3,30,872",37.7%,34.4%,34.6%,"(33,665)",-3.4%,"10,236",1.7%,"(43,901)",-11.8%,16,13,81.3%,
REV-00425,2026,3,Mar,Q1,2026-03-01,Singapore,USD,Cloud Services,Evergreen Telecom,Telecommunications,Managed Services,"10,82,393","10,67,505","10,71,068","6,57,561","6,92,726","6,89,106","4,24,832","3,74,779","3,81,962",39.2%,35.1%,35.7%,"(14,888)",-1.4%,"35,165",5.3%,"(50,053)",-11.8%,15,13,86.7%,
REV-00426,2026,3,Mar,Q1,2026-03-01,Singapore,USD,Data & Analytics,Apex Retail Group,Retail,Time & Material,"9,17,148","8,46,853","8,65,072","5,71,385","5,73,133","5,66,242","3,45,763","2,73,720","2,98,830",37.7%,32.3%,34.5%,"(70,295)",-7.7%,"1,748",0.3%,"(72,043)",-20.8%,13,10,76.9%,
REV-00427,2026,3,Mar,Q1,2026-03-01,Singapore,USD,Data & Analytics,BlueRiver Bank,Banking,Managed Services,"10,88,030","10,75,865","10,96,054","6,82,181","6,96,645","6,95,904","4,05,849","3,79,220","4,00,150",37.3%,35.2%,36.5%,"(12,165)",-1.1%,"14,464",2.1%,"(26,629)",-6.6%,17,14,82.4%,
REV-00428,2026,3,Mar,Q1,2026-03-01,Singapore,USD,Data & Analytics,Crestview Health,Healthcare,Fixed Price,"8,24,411","7,95,418","7,90,330","5,33,151","5,56,494","5,54,416","2,91,260","2,38,924","2,35,914",35.3%,30.0%,29.9%,"(28,993)",-3.5%,"23,343",4.4%,"(52,336)",-18.0%,11,9,81.8%,
REV-00429,2026,3,Mar,Q1,2026-03-01,Singapore,USD,Data & Analytics,Delta Manufacturing,Manufacturing,Time & Material,"9,36,789","9,04,797","9,13,477","5,83,142","6,05,317","6,01,276","3,53,647","2,99,480","3,12,201",37.8%,33.1%,34.2%,"(31,992)",-3.4%,"22,175",3.8%,"(54,167)",-15.3%,14,11,78.6%,
REV-00430,2026,3,Mar,Q1,2026-03-01,Singapore,USD,Data & Analytics,Evergreen Telecom,Telecommunications,Managed Services,"9,69,342","9,37,974","9,19,065","6,06,582","6,32,610","6,23,524","3,62,760","3,05,364","2,95,541",37.4%,32.6%,32.2%,"(31,368)",-3.2%,"26,028",4.3%,"(57,396)",-15.8%,15,11,73.3%,
REV-00431,2026,3,Mar,Q1,2026-03-01,Singapore,USD,Cybersecurity,Apex Retail Group,Retail,Time & Material,"8,64,227","8,16,173","8,23,158","5,33,112","5,10,836","5,10,819","3,31,115","3,05,337","3,12,339",38.3%,37.4%,37.9%,"(48,054)",-5.6%,"(22,276)",-4.2%,"(25,778)",-7.8%,14,11,78.6%,
REV-00432,2026,3,Mar,Q1,2026-03-01,Singapore,USD,Cybersecurity,BlueRiver Bank,Banking,Managed Services,"10,57,489","10,43,925","10,43,795","6,43,983","6,50,943","6,58,596","4,13,506","3,92,982","3,85,199",39.1%,37.6%,36.9%,"(13,564)",-1.3%,"6,960",1.1%,"(20,524)",-5.0%,14,12,85.7%,
REV-00433,2026,3,Mar,Q1,2026-03-01,Singapore,USD,Cybersecurity,Crestview Health,Healthcare,Fixed Price,"8,01,461","8,33,088","8,38,527","5,13,893","5,16,091","5,20,942","2,87,568","3,16,997","3,17,585",35.9%,38.1%,37.9%,"31,627",3.9%,"2,198",0.4%,"29,429",10.2%,13,10,76.9%,
REV-00434,2026,3,Mar,Q1,2026-03-01,Singapore,USD,Cybersecurity,Delta Manufacturing,Manufacturing,Time & Material,"9,13,746","9,02,912","9,06,173","5,73,831","5,65,580","5,66,505","3,39,915","3,37,332","3,39,668",37.2%,37.4%,37.5%,"(10,834)",-1.2%,"(8,251)",-1.4%,"(2,583)",-0.8%,14,11,78.6%,
REV-00435,2026,3,Mar,Q1,2026-03-01,Singapore,USD,Cybersecurity,Evergreen Telecom,Telecommunications,Managed Services,"9,45,787","10,03,146","9,88,123","5,90,630","6,06,139","6,09,225","3,55,157","3,97,007","3,78,898",37.6%,39.6%,38.3%,"57,359",6.1%,"15,509",2.6%,"41,850",11.8%,13,11,84.6%,
REV-00436,2026,3,Mar,Q1,2026-03-01,Singapore,USD,Enterprise Applications,Apex Retail Group,Retail,Time & Material,"8,45,003","8,97,013","8,90,541","5,29,529","5,24,283","5,29,958","3,15,474","3,72,730","3,60,583",37.3%,41.6%,40.5%,"52,010",6.2%,"(5,246)",-1.0%,"57,256",18.1%,12,10,83.3%,
REV-00437,2026,3,Mar,Q1,2026-03-01,Singapore,USD,Enterprise Applications,BlueRiver Bank,Banking,Managed Services,"9,50,210","9,73,431","9,75,244","5,88,869","5,91,040","5,87,567","3,61,341","3,82,391","3,87,677",38.0%,39.3%,39.8%,"23,221",2.4%,"2,171",0.4%,"21,050",5.8%,15,12,80.0%,
REV-00438,2026,3,Mar,Q1,2026-03-01,Singapore,USD,Enterprise Applications,Crestview Health,Healthcare,Fixed Price,"7,47,344","8,05,099","8,01,617","4,68,287","4,64,023","4,60,897","2,79,057","3,41,076","3,40,720",37.3%,42.4%,42.5%,"57,755",7.7%,"(4,264)",-0.9%,"62,019",22.2%,10,9,90.0%,
REV-00439,2026,3,Mar,Q1,2026-03-01,Singapore,USD,Enterprise Applications,Delta Manufacturing,Manufacturing,Time & Material,"8,56,716","9,44,202","9,25,249","5,30,474","5,21,292","5,26,655","3,26,242","4,22,910","3,98,594",38.1%,44.8%,43.1%,"87,486",10.2%,"(9,182)",-1.7%,"96,668",29.6%,12,10,83.3%,
REV-00440,2026,3,Mar,Q1,2026-03-01,Singapore,USD,Enterprise Applications,Evergreen Telecom,Telecommunications,Managed Services,"8,86,036","9,14,685","9,10,048","5,43,230","5,89,828","5,83,271","3,42,806","3,24,857","3,26,777",38.7%,35.5%,35.9%,"28,649",3.2%,"46,598",8.6%,"(17,949)",-5.2%,14,12,85.7%,
REV-00441,2026,3,Mar,Q1,2026-03-01,Singapore,USD,Digital Engineering,Apex Retail Group,Retail,Time & Material,"8,32,235","8,34,981","8,34,200","5,11,038","5,36,012","5,41,677","3,21,197","2,98,969","2,92,523",38.6%,35.8%,35.1%,"2,746",0.3%,"24,974",4.9%,"(22,228)",-6.9%,12,9,75.0%,
REV-00442,2026,3,Mar,Q1,2026-03-01,Singapore,USD,Digital Engineering,BlueRiver Bank,Banking,Managed Services,"9,95,910","10,40,393","10,49,274","6,23,451","6,11,269","6,11,303","3,72,459","4,29,124","4,37,971",37.4%,41.2%,41.7%,"44,483",4.5%,"(12,182)",-2.0%,"56,665",15.2%,13,11,84.6%,
REV-00443,2026,3,Mar,Q1,2026-03-01,Singapore,USD,Digital Engineering,Crestview Health,Healthcare,Fixed Price,"7,88,107","7,05,424","6,99,146","5,09,817","5,04,011","5,06,500","2,78,290","2,01,413","1,92,646",35.3%,28.6%,27.6%,"(82,683)",-10.5%,"(5,806)",-1.1%,"(76,877)",-27.6%,11,8,72.7%,
REV-00444,2026,3,Mar,Q1,2026-03-01,Singapore,USD,Digital Engineering,Delta Manufacturing,Manufacturing,Time & Material,"8,80,609","8,74,146","8,95,024","5,32,483","5,37,434","5,37,050","3,48,126","3,36,712","3,57,974",39.5%,38.5%,40.0%,"(6,463)",-0.7%,"4,951",0.9%,"(11,414)",-3.3%,13,10,76.9%,
REV-00445,2026,3,Mar,Q1,2026-03-01,Singapore,USD,Digital Engineering,Evergreen Telecom,Telecommunications,Managed Services,"9,61,693","8,81,738","8,71,143","5,86,781","5,75,342","5,78,038","3,74,912","3,06,396","2,93,105",39.0%,34.7%,33.6%,"(79,955)",-8.3%,"(11,439)",-1.9%,"(68,516)",-18.3%,14,11,78.6%,
REV-00446,2026,3,Mar,Q1,2026-03-01,Singapore,USD,Managed Services,Apex Retail Group,Retail,Time & Material,"6,96,868","7,38,844","7,27,751","4,72,009","4,65,529","4,63,948","2,24,859","2,73,315","2,63,803",32.3%,37.0%,36.2%,"41,976",6.0%,"(6,480)",-1.4%,"48,456",21.5%,10,8,80.0%,
REV-00447,2026,3,Mar,Q1,2026-03-01,Singapore,USD,Managed Services,BlueRiver Bank,Banking,Managed Services,"8,26,708","8,02,472","8,20,979","5,39,232","5,45,502","5,47,291","2,87,476","2,56,970","2,73,688",34.8%,32.0%,33.3%,"(24,236)",-2.9%,"6,270",1.2%,"(30,506)",-10.6%,13,10,76.9%,
REV-00448,2026,3,Mar,Q1,2026-03-01,Singapore,USD,Managed Services,Crestview Health,Healthcare,Fixed Price,"6,39,051","6,95,000","6,83,051","4,32,581","4,26,170","4,24,845","2,06,470","2,68,830","2,58,206",32.3%,38.7%,37.8%,"55,949",8.8%,"(6,411)",-1.5%,"62,360",30.2%,9,8,88.9%,
REV-00449,2026,3,Mar,Q1,2026-03-01,Singapore,USD,Managed Services,Delta Manufacturing,Manufacturing,Time & Material,"7,48,221","7,46,235","7,35,391","4,92,117","4,92,522","4,96,152","2,56,104","2,53,713","2,39,239",34.2%,34.0%,32.5%,"(1,986)",-0.3%,405,0.1%,"(2,391)",-0.9%,11,9,81.8%,
REV-00450,2026,3,Mar,Q1,2026-03-01,Singapore,USD,Managed Services,Evergreen Telecom,Telecommunications,Managed Services,"7,91,144","8,20,710","8,19,660","5,35,969","5,35,700","5,41,839","2,55,175","2,85,010","2,77,821",32.3%,34.7%,33.9%,"29,566",3.7%,(269),-0.1%,"29,835",11.7%,12,10,83.3%,
REV-00451,2026,4,Apr,Q2,2026-04-01,India,USD,Cloud Services,Apex Retail Group,Retail,Time & Material,"7,63,756","6,85,865","6,70,535","4,61,212","4,66,976","4,63,181","3,02,544","2,18,889","2,07,354",39.6%,31.9%,30.9%,"(77,891)",-10.2%,"5,764",1.2%,"(83,655)",-27.7%,16,12,75.0%,
REV-00452,2026,4,Apr,Q2,2026-04-01,India,USD,Cloud Services,BlueRiver Bank,Banking,Managed Services,"8,74,037","7,84,038","7,84,892","5,29,343","5,24,779","5,28,288","3,44,694","2,59,259","2,56,604",39.4%,33.1%,32.7%,"(89,999)",-10.3%,"(4,564)",-0.9%,"(85,435)",-24.8%,16,12,75.0%,
REV-00453,2026,4,Apr,Q2,2026-04-01,India,USD,Cloud Services,Crestview Health,Healthcare,Fixed Price,"6,61,911","6,23,209","6,08,250","4,30,590","4,29,848","4,31,836","2,31,321","1,93,361","1,76,414",34.9%,31.0%,29.0%,"(38,702)",-5.8%,(742),-0.2%,"(37,960)",-16.4%,12,10,83.3%,
REV-00454,2026,4,Apr,Q2,2026-04-01,India,USD,Cloud Services,Delta Manufacturing,Manufacturing,Time & Material,"7,57,400","8,07,412","8,03,353","4,54,132","4,54,915","4,54,913","3,03,268","3,52,497","3,48,440",40.0%,43.7%,43.4%,"50,012",6.6%,783,0.2%,"49,229",16.2%,15,13,86.7%,
REV-00455,2026,4,Apr,Q2,2026-04-01,India,USD,Cloud Services,Evergreen Telecom,Telecommunications,Managed Services,"8,27,687","8,08,896","8,04,555","5,03,194","4,94,708","4,99,010","3,24,493","3,14,188","3,05,545",39.2%,38.8%,38.0%,"(18,791)",-2.3%,"(8,486)",-1.7%,"(10,305)",-3.2%,17,14,82.4%,
REV-00456,2026,4,Apr,Q2,2026-04-01,India,USD,Data & Analytics,Apex Retail Group,Retail,Time & Material,"7,04,273","6,47,413","6,63,573","4,41,669","4,37,512","4,37,600","2,62,604","2,09,901","2,25,973",37.3%,32.4%,34.1%,"(56,860)",-8.1%,"(4,157)",-0.9%,"(52,703)",-20.1%,13,10,76.9%,
REV-00457,2026,4,Apr,Q2,2026-04-01,India,USD,Data & Analytics,BlueRiver Bank,Banking,Managed Services,"7,98,697","7,77,806","7,79,592","4,79,299","4,76,147","4,76,989","3,19,398","3,01,659","3,02,603",40.0%,38.8%,38.8%,"(20,891)",-2.6%,"(3,152)",-0.7%,"(17,739)",-5.6%,16,12,75.0%,
REV-00458,2026,4,Apr,Q2,2026-04-01,India,USD,Data & Analytics,Crestview Health,Healthcare,Fixed Price,"6,62,468","6,66,354","6,53,780","4,19,724","4,35,413","4,35,537","2,42,744","2,30,941","2,18,243",36.6%,34.7%,33.4%,"3,886",0.6%,"15,689",3.7%,"(11,803)",-4.9%,14,11,78.6%,
REV-00459,2026,4,Apr,Q2,2026-04-01,India,USD,Data & Analytics,Delta Manufacturing,Manufacturing,Time & Material,"7,16,967","7,11,924","7,06,482","4,38,547","4,40,012","4,37,154","2,78,420","2,71,912","2,69,328",38.8%,38.2%,38.1%,"(5,043)",-0.7%,"1,465",0.3%,"(6,508)",-2.3%,15,13,86.7%,
REV-00460,2026,4,Apr,Q2,2026-04-01,India,USD,Data & Analytics,Evergreen Telecom,Telecommunications,Managed Services,"7,49,524","6,77,328","6,82,831","4,65,053","4,37,281","4,41,016","2,84,471","2,40,047","2,41,815",38.0%,35.4%,35.4%,"(72,196)",-9.6%,"(27,772)",-6.0%,"(44,424)",-15.6%,15,11,73.3%,
REV-00461,2026,4,Apr,Q2,2026-04-01,India,USD,Cybersecurity,Apex Retail Group,Retail,Time & Material,"6,76,966","6,90,178","6,94,299","4,16,147","4,31,752","4,32,509","2,60,819","2,58,426","2,61,790",38.5%,37.4%,37.7%,"13,212",2.0%,"15,605",3.7%,"(2,393)",-0.9%,15,12,80.0%,
REV-00462,2026,4,Apr,Q2,2026-04-01,India,USD,Cybersecurity,BlueRiver Bank,Banking,Managed Services,"8,21,058","7,54,841","7,67,949","5,09,233","5,07,077","5,01,822","3,11,825","2,47,764","2,66,127",38.0%,32.8%,34.7%,"(66,217)",-8.1%,"(2,156)",-0.4%,"(64,061)",-20.5%,16,12,75.0%,
REV-00463,2026,4,Apr,Q2,2026-04-01,India,USD,Cybersecurity,Crestview Health,Healthcare,Fixed Price,"6,18,385","6,59,704","6,65,209","3,85,776","3,85,077","3,86,013","2,32,609","2,74,627","2,79,196",37.6%,41.6%,42.0%,"41,319",6.7%,(699),-0.2%,"42,018",18.1%,12,10,83.3%,
REV-00464,2026,4,Apr,Q2,2026-04-01,India,USD,Cybersecurity,Delta Manufacturing,Manufacturing,Time & Material,"6,93,610","6,34,012","6,35,520","4,18,652","4,22,014","4,20,877","2,74,958","2,11,998","2,14,643",39.6%,33.4%,33.8%,"(59,598)",-8.6%,"3,362",0.8%,"(62,960)",-22.9%,13,10,76.9%,
REV-00465,2026,4,Apr,Q2,2026-04-01,India,USD,Cybersecurity,Evergreen Telecom,Telecommunications,Managed Services,"7,63,125","7,07,944","7,20,779","4,77,415","4,67,422","4,64,197","2,85,710","2,40,522","2,56,582",37.4%,34.0%,35.6%,"(55,181)",-7.2%,"(9,993)",-2.1%,"(45,188)",-15.8%,14,11,78.6%,
REV-00466,2026,4,Apr,Q2,2026-04-01,India,USD,Enterprise Applications,Apex Retail Group,Retail,Time & Material,"6,38,640","6,92,868","6,97,897","4,00,416","3,94,951","3,99,365","2,38,224","2,97,917","2,98,532",37.3%,43.0%,42.8%,"54,228",8.5%,"(5,465)",-1.4%,"59,693",25.1%,13,11,84.6%,
REV-00467,2026,4,Apr,Q2,2026-04-01,India,USD,Enterprise Applications,BlueRiver Bank,Banking,Managed Services,"7,63,527","7,94,926","7,86,930","4,73,040","4,79,601","4,83,498","2,90,487","3,15,325","3,03,432",38.0%,39.7%,38.6%,"31,399",4.1%,"6,561",1.4%,"24,838",8.6%,14,11,78.6%,
REV-00468,2026,4,Apr,Q2,2026-04-01,India,USD,Enterprise Applications,Crestview Health,Healthcare,Fixed Price,"5,99,299","5,52,420","5,51,449","3,81,464","3,75,374","3,78,008","2,17,835","1,77,046","1,73,441",36.3%,32.0%,31.5%,"(46,879)",-7.8%,"(6,090)",-1.6%,"(40,789)",-18.7%,13,10,76.9%,
REV-00469,2026,4,Apr,Q2,2026-04-01,India,USD,Enterprise Applications,Delta Manufacturing,Manufacturing,Time & Material,"6,53,410","5,91,042","5,91,046","3,91,644","3,86,193","3,84,701","2,61,766","2,04,849","2,06,345",40.1%,34.7%,34.9%,"(62,368)",-9.5%,"(5,451)",-1.4%,"(56,917)",-21.7%,12,9,75.0%,
REV-00470,2026,4,Apr,Q2,2026-04-01,India,USD,Enterprise Applications,Evergreen Telecom,Telecommunications,Managed Services,"7,07,960","6,79,669","6,71,801","4,27,003","4,07,521","4,07,479","2,80,957","2,72,148","2,64,322",39.7%,40.0%,39.3%,"(28,291)",-4.0%,"(19,482)",-4.6%,"(8,809)",-3.1%,13,10,76.9%,
REV-00471,2026,4,Apr,Q2,2026-04-01,India,USD,Digital Engineering,Apex Retail Group,Retail,Time & Material,"6,58,469","6,00,366","5,91,318","4,04,969","4,03,252","4,03,373","2,53,500","1,97,114","1,87,945",38.5%,32.8%,31.8%,"(58,103)",-8.8%,"(1,717)",-0.4%,"(56,386)",-22.2%,12,9,75.0%,
REV-00472,2026,4,Apr,Q2,2026-04-01,India,USD,Digital Engineering,BlueRiver Bank,Banking,Managed Services,"7,47,463","7,68,941","7,80,922","4,65,829","4,79,027","4,78,867","2,81,634","2,89,914","3,02,055",37.7%,37.7%,38.7%,"21,478",2.9%,"13,198",2.8%,"8,280",2.9%,15,13,86.7%,
REV-00473,2026,4,Apr,Q2,2026-04-01,India,USD,Digital Engineering,Crestview Health,Healthcare,Fixed Price,"6,28,109","5,63,063","5,53,822","4,06,606","3,97,302","3,93,177","2,21,503","1,65,761","1,60,645",35.3%,29.4%,29.0%,"(65,046)",-10.4%,"(9,304)",-2.3%,"(55,742)",-25.2%,12,9,75.0%,
REV-00474,2026,4,Apr,Q2,2026-04-01,India,USD,Digital Engineering,Delta Manufacturing,Manufacturing,Time & Material,"6,97,672","7,56,573","7,74,075","4,26,871","4,20,179","4,24,986","2,70,801","3,36,394","3,49,089",38.8%,44.5%,45.1%,"58,901",8.4%,"(6,692)",-1.6%,"65,593",24.2%,13,11,84.6%,
REV-00475,2026,4,Apr,Q2,2026-04-01,India,USD,Digital Engineering,Evergreen Telecom,Telecommunications,Managed Services,"7,09,746","7,46,179","7,32,863","4,45,201","4,30,174","4,29,861","2,64,545","3,16,005","3,03,002",37.3%,42.3%,41.3%,"36,433",5.1%,"(15,027)",-3.4%,"51,460",19.5%,14,12,85.7%,
REV-00476,2026,4,Apr,Q2,2026-04-01,India,USD,Managed Services,Apex Retail Group,Retail,Time & Material,"5,39,136","5,71,841","5,68,540","3,55,824","3,46,982","3,44,539","1,83,312","2,24,859","2,24,001",34.0%,39.3%,39.4%,"32,705",6.1%,"(8,842)",-2.5%,"41,547",22.7%,11,9,81.8%,
REV-00477,2026,4,Apr,Q2,2026-04-01,India,USD,Managed Services,BlueRiver Bank,Banking,Managed Services,"6,16,132","6,30,309","6,38,022","4,09,412","3,99,595","4,04,400","2,06,720","2,30,714","2,33,622",33.6%,36.6%,36.6%,"14,177",2.3%,"(9,817)",-2.4%,"23,994",11.6%,13,10,76.9%,
REV-00478,2026,4,Apr,Q2,2026-04-01,India,USD,Managed Services,Crestview Health,Healthcare,Fixed Price,"4,96,798","4,93,364","4,87,908","3,41,046","3,56,968","3,58,881","1,55,752","1,36,396","1,29,027",31.4%,27.6%,26.4%,"(3,434)",-0.7%,"15,922",4.7%,"(19,356)",-12.4%,10,8,80.0%,
REV-00479,2026,4,Apr,Q2,2026-04-01,India,USD,Managed Services,Delta Manufacturing,Manufacturing,Time & Material,"5,79,211","5,57,374","5,58,573","3,96,089","4,16,070","4,14,632","1,83,122","1,41,304","1,43,941",31.6%,25.4%,25.8%,"(21,837)",-3.8%,"19,981",5.0%,"(41,818)",-22.8%,12,9,75.0%,
REV-00480,2026,4,Apr,Q2,2026-04-01,India,USD,Managed Services,Evergreen Telecom,Telecommunications,Managed Services,"6,00,286","6,00,379","5,91,143","3,91,185","3,99,438","3,95,991","2,09,101","2,00,941","1,95,152",34.8%,33.5%,33.0%,93,0.0%,"8,253",2.1%,"(8,160)",-3.9%,11,9,81.8%,
REV-00481,2026,4,Apr,Q2,2026-04-01,United States,USD,Cloud Services,Apex Retail Group,Retail,Time & Material,"12,53,243","12,03,500","11,81,016","7,55,875","6,98,169","6,96,613","4,97,368","5,05,331","4,84,403",39.7%,42.0%,41.0%,"(49,743)",-4.0%,"(57,706)",-7.6%,"7,963",1.6%,15,11,73.3%,
REV-00482,2026,4,Apr,Q2,2026-04-01,United States,USD,Cloud Services,BlueRiver Bank,Banking,Managed Services,"15,37,795","13,98,600","14,25,610","9,36,690","8,96,675","9,02,873","6,01,105","5,01,925","5,22,737",39.1%,35.9%,36.7%,"(1,39,195)",-9.1%,"(40,015)",-4.3%,"(99,180)",-16.5%,18,13,72.2%,
REV-00483,2026,4,Apr,Q2,2026-04-01,United States,USD,Cloud Services,Crestview Health,Healthcare,Fixed Price,"11,51,805","11,17,360","11,03,698","7,17,322","7,02,103","6,99,567","4,34,483","4,15,257","4,04,131",37.7%,37.2%,36.6%,"(34,445)",-3.0%,"(15,219)",-2.1%,"(19,226)",-4.4%,14,12,85.7%,
REV-00484,2026,4,Apr,Q2,2026-04-01,United States,USD,Cloud Services,Delta Manufacturing,Manufacturing,Time & Material,"13,57,701","13,57,459","13,41,707","8,16,935","8,11,438","8,02,240","5,40,766","5,46,021","5,39,467",39.8%,40.2%,40.2%,(242),0.0%,"(5,497)",-0.7%,"5,255",1.0%,15,13,86.7%,
REV-00485,2026,4,Apr,Q2,2026-04-01,United States,USD,Cloud Services,Evergreen Telecom,Telecommunications,Managed Services,"13,75,191","13,80,606","13,51,369","8,62,717","8,48,086","8,45,928","5,12,474","5,32,520","5,05,441",37.3%,38.6%,37.4%,"5,415",0.4%,"(14,631)",-1.7%,"20,046",3.9%,16,13,81.3%,
REV-00486,2026,4,Apr,Q2,2026-04-01,United States,USD,Data & Analytics,Apex Retail Group,Retail,Time & Material,"12,45,974","11,44,614","11,38,023","7,72,746","7,80,996","7,81,352","4,73,228","3,63,618","3,56,671",38.0%,31.8%,31.3%,"(1,01,360)",-8.1%,"8,250",1.1%,"(1,09,610)",-23.2%,14,10,71.4%,
REV-00487,2026,4,Apr,Q2,2026-04-01,United States,USD,Data & Analytics,BlueRiver Bank,Banking,Managed Services,"14,46,821","14,12,474","14,05,141","8,79,394","8,84,301","8,83,497","5,67,427","5,28,173","5,21,644",39.2%,37.4%,37.1%,"(34,347)",-2.4%,"4,907",0.6%,"(39,254)",-6.9%,16,13,81.3%,
REV-00488,2026,4,Apr,Q2,2026-04-01,United States,USD,Data & Analytics,Crestview Health,Healthcare,Fixed Price,"11,44,226","11,16,081","11,15,038","7,48,409","7,14,120","7,03,362","3,95,817","4,01,961","4,11,676",34.6%,36.0%,36.9%,"(28,145)",-2.5%,"(34,289)",-4.6%,"6,144",1.6%,12,10,83.3%,
REV-00489,2026,4,Apr,Q2,2026-04-01,United States,USD,Data & Analytics,Delta Manufacturing,Manufacturing,Time & Material,"12,43,824","12,83,824","12,53,009","7,73,736","7,80,221","7,89,285","4,70,088","5,03,603","4,63,724",37.8%,39.2%,37.0%,"40,000",3.2%,"6,485",0.8%,"33,515",7.1%,15,12,80.0%,
REV-00490,2026,4,Apr,Q2,2026-04-01,United States,USD,Data & Analytics,Evergreen Telecom,Telecommunications,Managed Services,"13,51,798","13,25,190","12,99,858","8,38,974","8,26,457","8,21,673","5,12,824","4,98,733","4,78,185",37.9%,37.6%,36.8%,"(26,608)",-2.0%,"(12,517)",-1.5%,"(14,091)",-2.7%,16,12,75.0%,
REV-00491,2026,4,Apr,Q2,2026-04-01,United States,USD,Cybersecurity,Apex Retail Group,Retail,Time & Material,"11,85,389","13,05,783","12,83,077","7,28,947","7,47,116","7,40,432","4,56,442","5,58,667","5,42,645",38.5%,42.8%,42.3%,"1,20,394",10.2%,"18,169",2.5%,"1,02,225",22.4%,14,12,85.7%,
REV-00492,2026,4,Apr,Q2,2026-04-01,United States,USD,Cybersecurity,BlueRiver Bank,Banking,Managed Services,"13,81,362","14,35,097","14,24,468","8,27,259","8,42,380","8,35,484","5,54,103","5,92,717","5,88,984",40.1%,41.3%,41.3%,"53,735",3.9%,"15,121",1.8%,"38,614",7.0%,16,14,87.5%,
REV-00493,2026,4,Apr,Q2,2026-04-01,United States,USD,Cybersecurity,Crestview Health,Healthcare,Fixed Price,"11,02,468","10,35,248","10,53,843","6,99,055","7,10,999","7,09,543","4,03,413","3,24,249","3,44,300",36.6%,31.3%,32.7%,"(67,220)",-6.1%,"11,944",1.7%,"(79,164)",-19.6%,13,10,76.9%,
REV-00494,2026,4,Apr,Q2,2026-04-01,United States,USD,Cybersecurity,Delta Manufacturing,Manufacturing,Time & Material,"12,14,418","11,44,026","11,71,686","7,43,225","7,54,866","7,52,572","4,71,193","3,89,160","4,19,114",38.8%,34.0%,35.8%,"(70,392)",-5.8%,"11,641",1.6%,"(82,033)",-17.4%,13,11,84.6%,
REV-00495,2026,4,Apr,Q2,2026-04-01,United States,USD,Cybersecurity,Evergreen Telecom,Telecommunications,Managed Services,"12,65,378","13,52,853","13,59,247","7,71,520","7,83,191","7,87,572","4,93,858","5,69,662","5,71,675",39.0%,42.1%,42.1%,"87,475",6.9%,"11,671",1.5%,"75,804",15.3%,14,12,85.7%,
REV-00496,2026,4,Apr,Q2,2026-04-01,United States,USD,Enterprise Applications,Apex Retail Group,Retail,Time & Material,"10,78,425","11,77,317","11,98,559","6,47,428","6,47,628","6,45,350","4,30,997","5,29,689","5,53,209",40.0%,45.0%,46.2%,"98,892",9.2%,200,0.0%,"98,692",22.9%,13,11,84.6%,
REV-00497,2026,4,Apr,Q2,2026-04-01,United States,USD,Enterprise Applications,BlueRiver Bank,Banking,Managed Services,"12,58,468","13,43,434","13,62,697","7,80,480","7,86,299","7,84,855","4,77,988","5,57,135","5,77,842",38.0%,41.5%,42.4%,"84,966",6.8%,"5,819",0.7%,"79,147",16.6%,13,11,84.6%,
REV-00498,2026,4,Apr,Q2,2026-04-01,United States,USD,Enterprise Applications,Crestview Health,Healthcare,Fixed Price,"10,39,620","10,10,833","9,98,167","6,53,942","6,43,732","6,45,079","3,85,678","3,67,101","3,53,088",37.1%,36.3%,35.4%,"(28,787)",-2.8%,"(10,210)",-1.6%,"(18,577)",-4.8%,11,9,81.8%,
REV-00499,2026,4,Apr,Q2,2026-04-01,United States,USD,Enterprise Applications,Delta Manufacturing,Manufacturing,Time & Material,"11,68,622","12,35,884","12,35,280","6,99,696","6,84,387","6,89,884","4,68,926","5,51,497","5,45,396",40.1%,44.6%,44.2%,"67,262",5.8%,"(15,309)",-2.2%,"82,571",17.6%,13,10,76.9%,
REV-00500,2026,4,Apr,Q2,2026-04-01,United States,USD,Enterprise Applications,Evergreen Telecom,Telecommunications,Managed Services,"12,52,632","13,12,381","12,96,893","7,52,395","7,67,513","7,66,957","5,00,237","5,44,868","5,29,936",39.9%,41.5%,40.9%,"59,749",4.8%,"15,118",2.0%,"44,631",8.9%,15,13,86.7%,
REV-00501,2026,4,Apr,Q2,2026-04-01,United States,USD,Digital Engineering,Apex Retail Group,Retail,Time & Material,"11,16,361","10,74,646","10,53,022","6,90,020","6,72,678","6,72,358","4,26,341","4,01,968","3,80,664",38.2%,37.4%,36.1%,"(41,715)",-3.7%,"(17,342)",-2.5%,"(24,373)",-5.7%,13,11,84.6%,
REV-00502,2026,4,Apr,Q2,2026-04-01,United States,USD,Digital Engineering,BlueRiver Bank,Banking,Managed Services,"12,95,341","12,22,427","12,14,038","7,82,715","7,50,063","7,56,422","5,12,626","4,72,364","4,57,616",39.6%,38.6%,37.7%,"(72,914)",-5.6%,"(32,652)",-4.2%,"(40,262)",-7.9%,15,11,73.3%,
REV-00503,2026,4,Apr,Q2,2026-04-01,United States,USD,Digital Engineering,Crestview Health,Healthcare,Fixed Price,"10,75,380","11,65,764","11,43,340","6,96,763","7,01,615","6,96,747","3,78,617","4,64,149","4,46,593",35.2%,39.8%,39.1%,"90,384",8.4%,"4,852",0.7%,"85,532",22.6%,12,10,83.3%,
REV-00504,2026,4,Apr,Q2,2026-04-01,United States,USD,Digital Engineering,Delta Manufacturing,Manufacturing,Time & Material,"11,71,227","12,37,315","12,62,298","7,23,013","7,17,185","7,20,050","4,48,214","5,20,130","5,42,248",38.3%,42.0%,43.0%,"66,088",5.6%,"(5,828)",-0.8%,"71,916",16.0%,12,10,83.3%,
REV-00505,2026,4,Apr,Q2,2026-04-01,United States,USD,Digital Engineering,Evergreen Telecom,Telecommunications,Managed Services,"12,32,099","13,11,642","12,78,959","7,51,686","7,86,353","7,87,518","4,80,413","5,25,289","4,91,441",39.0%,40.0%,38.4%,"79,543",6.5%,"34,667",4.6%,"44,876",9.3%,13,11,84.6%,
REV-00506,2026,4,Apr,Q2,2026-04-01,United States,USD,Managed Services,Apex Retail Group,Retail,Time & Material,"9,18,449","9,88,259","10,01,324","5,98,430","5,98,182","5,97,818","3,20,019","3,90,077","4,03,506",34.8%,39.5%,40.3%,"69,810",7.6%,(248),0.0%,"70,058",21.9%,10,8,80.0%,
REV-00507,2026,4,Apr,Q2,2026-04-01,United States,USD,Managed Services,BlueRiver Bank,Banking,Managed Services,"10,92,445","11,11,605","10,87,536","7,38,295","7,13,151","7,12,381","3,54,150","3,98,454","3,75,155",32.4%,35.8%,34.5%,"19,160",1.8%,"(25,144)",-3.4%,"44,304",12.5%,13,10,76.9%,
REV-00508,2026,4,Apr,Q2,2026-04-01,United States,USD,Managed Services,Crestview Health,Healthcare,Fixed Price,"8,74,833","9,58,969","9,36,070","6,04,858","5,97,400","6,01,801","2,69,975","3,61,569","3,34,269",30.9%,37.7%,35.7%,"84,136",9.6%,"(7,458)",-1.2%,"91,594",33.9%,11,9,81.8%,
REV-00509,2026,4,Apr,Q2,2026-04-01,United States,USD,Managed Services,Delta Manufacturing,Manufacturing,Time & Material,"10,04,411","10,46,356","10,43,038","6,57,956","6,63,644","6,67,400","3,46,455","3,82,712","3,75,638",34.5%,36.6%,36.0%,"41,945",4.2%,"5,688",0.9%,"36,257",10.5%,12,10,83.3%,
REV-00510,2026,4,Apr,Q2,2026-04-01,United States,USD,Managed Services,Evergreen Telecom,Telecommunications,Managed Services,"10,25,980","9,22,659","9,31,920","6,75,574","6,93,291","7,00,128","3,50,406","2,29,368","2,31,792",34.2%,24.9%,24.9%,"(1,03,321)",-10.1%,"17,717",2.6%,"(1,21,038)",-34.5%,12,9,75.0%,
REV-00511,2026,4,Apr,Q2,2026-04-01,United Kingdom,USD,Cloud Services,Apex Retail Group,Retail,Time & Material,"10,49,325","10,61,720","10,39,225","6,29,703","6,49,854","6,49,046","4,19,622","4,11,866","3,90,179",40.0%,38.8%,37.5%,"12,395",1.2%,"20,151",3.2%,"(7,756)",-1.8%,15,12,80.0%,
REV-00512,2026,4,Apr,Q2,2026-04-01,United Kingdom,USD,Cloud Services,BlueRiver Bank,Banking,Managed Services,"12,79,632","12,63,147","12,67,803","7,70,038","7,65,351","7,62,501","5,09,594","4,97,796","5,05,302",39.8%,39.4%,39.9%,"(16,485)",-1.3%,"(4,687)",-0.6%,"(11,798)",-2.3%,16,13,81.3%,
REV-00513,2026,4,Apr,Q2,2026-04-01,United Kingdom,USD,Cloud Services,Crestview Health,Healthcare,Fixed Price,"10,07,687","10,72,305","10,92,679","6,44,125","6,59,290","6,55,341","3,63,562","4,13,015","4,37,338",36.1%,38.5%,40.0%,"64,618",6.4%,"15,165",2.4%,"49,453",13.6%,13,11,84.6%,
REV-00514,2026,4,Apr,Q2,2026-04-01,United Kingdom,USD,Cloud Services,Delta Manufacturing,Manufacturing,Time & Material,"10,88,542","10,30,970","10,07,070","6,82,018","7,02,238","7,06,547","4,06,524","3,28,732","3,00,523",37.3%,31.9%,29.8%,"(57,572)",-5.3%,"20,220",3.0%,"(77,792)",-19.1%,16,13,81.3%,
REV-00515,2026,4,Apr,Q2,2026-04-01,United Kingdom,USD,Cloud Services,Evergreen Telecom,Telecommunications,Managed Services,"11,96,978","13,15,043","13,36,118","7,46,549","7,37,270","7,34,359","4,50,429","5,77,773","6,01,759",37.6%,43.9%,45.0%,"1,18,065",9.9%,"(9,279)",-1.2%,"1,27,344",28.3%,18,16,88.9%,
REV-00516,2026,4,Apr,Q2,2026-04-01,United Kingdom,USD,Data & Analytics,Apex Retail Group,Retail,Time & Material,"9,94,908","10,29,173","10,05,298","6,07,999","6,12,236","6,15,234","3,86,909","4,16,937","3,90,064",38.9%,40.5%,38.8%,"34,265",3.4%,"4,237",0.7%,"30,028",7.8%,14,12,85.7%,
REV-00517,2026,4,Apr,Q2,2026-04-01,United Kingdom,USD,Data & Analytics,BlueRiver Bank,Banking,Managed Services,"11,70,527","11,42,523","11,23,218","7,15,196","7,34,741","7,28,602","4,55,331","4,07,782","3,94,616",38.9%,35.7%,35.1%,"(28,004)",-2.4%,"19,545",2.7%,"(47,549)",-10.4%,16,13,81.3%,
REV-00518,2026,4,Apr,Q2,2026-04-01,United Kingdom,USD,Data & Analytics,Crestview Health,Healthcare,Fixed Price,"9,50,921","10,36,092","10,13,635","6,02,051","6,06,703","6,07,481","3,48,870","4,29,389","4,06,154",36.7%,41.4%,40.1%,"85,171",9.0%,"4,652",0.8%,"80,519",23.1%,14,12,85.7%,
REV-00519,2026,4,Apr,Q2,2026-04-01,United Kingdom,USD,Data & Analytics,Delta Manufacturing,Manufacturing,Time & Material,"10,20,698","10,11,386","10,23,313","6,24,760","6,26,785","6,29,840","3,95,938","3,84,601","3,93,473",38.8%,38.0%,38.5%,"(9,312)",-0.9%,"2,025",0.3%,"(11,337)",-2.9%,13,10,76.9%,
REV-00520,2026,4,Apr,Q2,2026-04-01,United Kingdom,USD,Data & Analytics,Evergreen Telecom,Telecommunications,Managed Services,"11,09,791","11,00,318","10,85,170","6,66,984","6,40,565","6,36,534","4,42,807","4,59,753","4,48,636",39.9%,41.8%,41.3%,"(9,473)",-0.9%,"(26,419)",-4.0%,"16,946",3.8%,16,14,87.5%,
REV-00521,2026,4,Apr,Q2,2026-04-01,United Kingdom,USD,Cybersecurity,Apex Retail Group,Retail,Time & Material,"10,13,007","9,51,929","9,41,360","6,12,446","6,07,249","6,01,576","4,00,561","3,44,680","3,39,784",39.5%,36.2%,36.1%,"(61,078)",-6.0%,"(5,197)",-0.8%,"(55,881)",-14.0%,15,12,80.0%,
REV-00522,2026,4,Apr,Q2,2026-04-01,United Kingdom,USD,Cybersecurity,BlueRiver Bank,Banking,Managed Services,"11,78,031","11,38,535","11,28,833","7,16,504","7,09,085","7,05,330","4,61,527","4,29,450","4,23,503",39.2%,37.7%,37.5%,"(39,496)",-3.4%,"(7,419)",-1.0%,"(32,077)",-7.0%,17,14,82.4%,
REV-00523,2026,4,Apr,Q2,2026-04-01,United Kingdom,USD,Cybersecurity,Crestview Health,Healthcare,Fixed Price,"9,03,637","8,45,471","8,59,407","5,70,028","5,56,760","5,52,920","3,33,609","2,88,711","3,06,487",36.9%,34.1%,35.7%,"(58,166)",-6.4%,"(13,268)",-2.3%,"(44,898)",-13.5%,13,10,76.9%,
REV-00524,2026,4,Apr,Q2,2026-04-01,United Kingdom,USD,Cybersecurity,Delta Manufacturing,Manufacturing,Time & Material,"10,40,150","9,49,415","9,30,628","6,31,339","5,92,665","5,93,732","4,08,811","3,56,750","3,36,896",39.3%,37.6%,36.2%,"(90,735)",-8.7%,"(38,674)",-6.1%,"(52,061)",-12.7%,14,11,78.6%,
REV-00525,2026,4,Apr,Q2,2026-04-01,United Kingdom,USD,Cybersecurity,Evergreen Telecom,Telecommunications,Managed Services,"10,68,875","10,98,695","10,82,236","6,57,086","6,33,541","6,34,628","4,11,789","4,65,154","4,47,608",38.5%,42.3%,41.4%,"29,820",2.8%,"(23,545)",-3.6%,"53,365",13.0%,14,11,78.6%,
REV-00526,2026,4,Apr,Q2,2026-04-01,United Kingdom,USD,Enterprise Applications,Apex Retail Group,Retail,Time & Material,"9,28,642","9,75,501","9,71,581","5,83,391","5,68,743","5,71,007","3,45,251","4,06,758","4,00,574",37.2%,41.7%,41.2%,"46,859",5.0%,"(14,648)",-2.5%,"61,507",17.8%,12,10,83.3%,
REV-00527,2026,4,Apr,Q2,2026-04-01,United Kingdom,USD,Enterprise Applications,BlueRiver Bank,Banking,Managed Services,"10,54,335","11,56,974","11,56,576","6,33,900","6,43,865","6,39,290","4,20,435","5,13,109","5,17,286",39.9%,44.3%,44.7%,"1,02,639",9.7%,"9,965",1.6%,"92,674",22.0%,14,12,85.7%,
REV-00528,2026,4,Apr,Q2,2026-04-01,United Kingdom,USD,Enterprise Applications,Crestview Health,Healthcare,Fixed Price,"8,21,999","7,86,912","7,90,901","5,15,936","5,37,318","5,41,269","3,06,063","2,49,594","2,49,632",37.2%,31.7%,31.6%,"(35,087)",-4.3%,"21,382",4.1%,"(56,469)",-18.5%,12,10,83.3%,
REV-00529,2026,4,Apr,Q2,2026-04-01,United Kingdom,USD,Enterprise Applications,Delta Manufacturing,Manufacturing,Time & Material,"9,39,395","9,65,183","9,74,457","5,85,553","5,94,068","5,88,211","3,53,842","3,71,115","3,86,246",37.7%,38.5%,39.6%,"25,788",2.7%,"8,515",1.5%,"17,273",4.9%,13,11,84.6%,
REV-00530,2026,4,Apr,Q2,2026-04-01,United Kingdom,USD,Enterprise Applications,Evergreen Telecom,Telecommunications,Managed Services,"10,48,387","10,27,530","10,42,888","6,32,596","6,24,765","6,26,217","4,15,791","4,02,765","4,16,671",39.7%,39.2%,40.0%,"(20,857)",-2.0%,"(7,831)",-1.2%,"(13,026)",-3.1%,14,11,78.6%,
REV-00531,2026,4,Apr,Q2,2026-04-01,United Kingdom,USD,Digital Engineering,Apex Retail Group,Retail,Time & Material,"9,70,457","9,13,162","9,04,657","6,05,250","5,95,798","5,91,851","3,65,207","3,17,364","3,12,806",37.6%,34.8%,34.6%,"(57,295)",-5.9%,"(9,452)",-1.6%,"(47,843)",-13.1%,14,11,78.6%,
REV-00532,2026,4,Apr,Q2,2026-04-01,United Kingdom,USD,Digital Engineering,BlueRiver Bank,Banking,Managed Services,"11,00,349","10,80,082","10,75,606","6,73,956","6,58,673","6,57,091","4,26,393","4,21,409","4,18,515",38.8%,39.0%,38.9%,"(20,267)",-1.8%,"(15,283)",-2.3%,"(4,984)",-1.2%,15,11,73.3%,
REV-00533,2026,4,Apr,Q2,2026-04-01,United Kingdom,USD,Digital Engineering,Crestview Health,Healthcare,Fixed Price,"9,00,519","9,74,547","9,55,962","5,83,077","5,76,702","5,78,656","3,17,442","3,97,845","3,77,306",35.3%,40.8%,39.5%,"74,028",8.2%,"(6,375)",-1.1%,"80,403",25.3%,12,10,83.3%,
REV-00534,2026,4,Apr,Q2,2026-04-01,United Kingdom,USD,Digital Engineering,Delta Manufacturing,Manufacturing,Time & Material,"10,26,117","10,70,305","10,76,211","6,17,766","6,00,720","6,06,329","4,08,351","4,69,585","4,69,882",39.8%,43.9%,43.7%,"44,188",4.3%,"(17,046)",-2.8%,"61,234",15.0%,13,11,84.6%,
REV-00535,2026,4,Apr,Q2,2026-04-01,United Kingdom,USD,Digital Engineering,Evergreen Telecom,Telecommunications,Managed Services,"10,67,699","9,87,619","10,06,765","6,69,949","6,93,367","6,91,443","3,97,750","2,94,252","3,15,322",37.3%,29.8%,31.3%,"(80,080)",-7.5%,"23,418",3.5%,"(1,03,498)",-26.0%,14,11,78.6%,
REV-00536,2026,4,Apr,Q2,2026-04-01,United Kingdom,USD,Managed Services,Apex Retail Group,Retail,Time & Material,"7,75,407","7,54,218","7,67,014","5,06,071","5,05,867","5,01,240","2,69,336","2,48,351","2,65,774",34.7%,32.9%,34.7%,"(21,189)",-2.7%,(204),0.0%,"(20,985)",-7.8%,11,9,81.8%,
REV-00537,2026,4,Apr,Q2,2026-04-01,United Kingdom,USD,Managed Services,BlueRiver Bank,Banking,Managed Services,"9,14,914","9,84,599","9,72,784","5,98,430","6,04,138","6,09,322","3,16,484","3,80,461","3,63,462",34.6%,38.6%,37.4%,"69,685",7.6%,"5,708",1.0%,"63,977",20.2%,13,11,84.6%,
REV-00538,2026,4,Apr,Q2,2026-04-01,United Kingdom,USD,Managed Services,Crestview Health,Healthcare,Fixed Price,"7,19,937","6,68,951","6,68,616","5,10,720","5,12,701","5,11,550","2,09,217","1,56,250","1,57,066",29.1%,23.4%,23.5%,"(50,986)",-7.1%,"1,981",0.4%,"(52,967)",-25.3%,10,7,70.0%,
REV-00539,2026,4,Apr,Q2,2026-04-01,United Kingdom,USD,Managed Services,Delta Manufacturing,Manufacturing,Time & Material,"8,07,986","8,44,119","8,49,720","5,29,997","5,14,525","5,12,204","2,77,989","3,29,594","3,37,516",34.4%,39.0%,39.7%,"36,133",4.5%,"(15,472)",-2.9%,"51,605",18.6%,10,8,80.0%,
REV-00540,2026,4,Apr,Q2,2026-04-01,United Kingdom,USD,Managed Services,Evergreen Telecom,Telecommunications,Managed Services,"8,90,176","9,44,889","9,47,503","5,93,039","5,72,613","5,74,480","2,97,137","3,72,276","3,73,023",33.4%,39.4%,39.4%,"54,713",6.1%,"(20,426)",-3.4%,"75,139",25.3%,12,10,83.3%,
REV-00541,2026,4,Apr,Q2,2026-04-01,Germany,USD,Cloud Services,Apex Retail Group,Retail,Time & Material,"9,96,776","10,63,191","10,43,219","6,20,790","6,09,003","6,10,772","3,75,986","4,54,188","4,32,447",37.7%,42.7%,41.5%,"66,415",6.7%,"(11,787)",-1.9%,"78,202",20.8%,15,13,86.7%,
REV-00542,2026,4,Apr,Q2,2026-04-01,Germany,USD,Cloud Services,BlueRiver Bank,Banking,Managed Services,"11,88,560","11,92,868","11,85,681","7,23,691","6,82,129","6,86,049","4,64,869","5,10,739","4,99,632",39.1%,42.8%,42.1%,"4,308",0.4%,"(41,562)",-5.7%,"45,870",9.9%,16,12,75.0%,
REV-00543,2026,4,Apr,Q2,2026-04-01,Germany,USD,Cloud Services,Crestview Health,Healthcare,Fixed Price,"9,16,249","9,66,864","9,71,697","5,93,573","5,72,046","5,69,029","3,22,676","3,94,818","4,02,668",35.2%,40.8%,41.4%,"50,615",5.5%,"(21,527)",-3.6%,"72,142",22.4%,13,11,84.6%,
REV-00544,2026,4,Apr,Q2,2026-04-01,Germany,USD,Cloud Services,Delta Manufacturing,Manufacturing,Time & Material,"10,27,763","9,30,847","9,29,190","6,30,252","6,67,524","6,66,660","3,97,511","2,63,323","2,62,530",38.7%,28.3%,28.3%,"(96,916)",-9.4%,"37,272",5.9%,"(1,34,188)",-33.8%,15,11,73.3%,
REV-00545,2026,4,Apr,Q2,2026-04-01,Germany,USD,Cloud Services,Evergreen Telecom,Telecommunications,Managed Services,"11,07,945","12,04,680","12,20,305","6,64,655","6,88,078","6,83,620","4,43,290","5,16,602","5,36,685",40.0%,42.9%,44.0%,"96,735",8.7%,"23,423",3.5%,"73,312",16.5%,15,12,80.0%,
REV-00546,2026,4,Apr,Q2,2026-04-01,Germany,USD,Data & Analytics,Apex Retail Group,Retail,Time & Material,"9,66,259","10,24,251","10,15,998","6,03,830","6,26,327","6,21,434","3,62,429","3,97,924","3,94,564",37.5%,38.9%,38.8%,"57,992",6.0%,"22,497",3.7%,"35,495",9.8%,15,13,86.7%,
REV-00547,2026,4,Apr,Q2,2026-04-01,Germany,USD,Data & Analytics,BlueRiver Bank,Banking,Managed Services,"11,39,886","10,31,206","10,20,234","7,04,325","7,19,119","7,14,172","4,35,561","3,12,087","3,06,062",38.2%,30.3%,30.0%,"(1,08,680)",-9.5%,"14,794",2.1%,"(1,23,474)",-28.3%,18,13,72.2%,
REV-00548,2026,4,Apr,Q2,2026-04-01,Germany,USD,Data & Analytics,Crestview Health,Healthcare,Fixed Price,"8,67,075","8,35,126","8,34,717","5,61,585","5,67,648","5,67,434","3,05,490","2,67,478","2,67,283",35.2%,32.0%,32.0%,"(31,949)",-3.7%,"6,063",1.1%,"(38,012)",-12.4%,12,9,75.0%,
REV-00549,2026,4,Apr,Q2,2026-04-01,Germany,USD,Data & Analytics,Delta Manufacturing,Manufacturing,Time & Material,"9,80,810","9,33,202","9,12,942","6,03,091","6,34,946","6,37,710","3,77,719","2,98,256","2,75,232",38.5%,32.0%,30.1%,"(47,608)",-4.9%,"31,855",5.3%,"(79,463)",-21.0%,14,11,78.6%,
REV-00550,2026,4,Apr,Q2,2026-04-01,Germany,USD,Data & Analytics,Evergreen Telecom,Telecommunications,Managed Services,"10,33,571","9,95,894","9,88,851","6,43,444","6,76,092","6,72,909","3,90,127","3,19,802","3,15,942",37.7%,32.1%,32.0%,"(37,677)",-3.6%,"32,648",5.1%,"(70,325)",-18.0%,16,13,81.3%,
REV-00551,2026,4,Apr,Q2,2026-04-01,Germany,USD,Cybersecurity,Apex Retail Group,Retail,Time & Material,"9,02,783","8,64,109","8,61,983","5,46,800","5,32,811","5,29,005","3,55,983","3,31,298","3,32,978",39.4%,38.3%,38.6%,"(38,674)",-4.3%,"(13,989)",-2.6%,"(24,685)",-6.9%,14,11,78.6%,
REV-00552,2026,4,Apr,Q2,2026-04-01,Germany,USD,Cybersecurity,BlueRiver Bank,Banking,Managed Services,"10,58,645","10,95,395","10,89,551","6,45,150","6,37,629","6,34,924","4,13,495","4,57,766","4,54,627",39.1%,41.8%,41.7%,"36,750",3.5%,"(7,521)",-1.2%,"44,271",10.7%,15,13,86.7%,
REV-00553,2026,4,Apr,Q2,2026-04-01,Germany,USD,Cybersecurity,Crestview Health,Healthcare,Fixed Price,"8,64,678","7,73,888","7,78,104","5,41,171","5,34,752","5,38,451","3,23,507","2,39,136","2,39,653",37.4%,30.9%,30.8%,"(90,790)",-10.5%,"(6,419)",-1.2%,"(84,371)",-26.1%,12,9,75.0%,
REV-00554,2026,4,Apr,Q2,2026-04-01,Germany,USD,Cybersecurity,Delta Manufacturing,Manufacturing,Time & Material,"9,66,018","10,47,260","10,30,103","5,93,346","5,97,395","5,91,385","3,72,672","4,49,865","4,38,718",38.6%,43.0%,42.6%,"81,242",8.4%,"4,049",0.7%,"77,193",20.7%,14,11,78.6%,
REV-00555,2026,4,Apr,Q2,2026-04-01,Germany,USD,Cybersecurity,Evergreen Telecom,Telecommunications,Managed Services,"10,51,237","10,05,172","10,26,204","6,48,468","6,52,112","6,53,451","4,02,769","3,53,060","3,72,753",38.3%,35.1%,36.3%,"(46,065)",-4.4%,"3,644",0.6%,"(49,709)",-12.3%,15,12,80.0%,
REV-00556,2026,4,Apr,Q2,2026-04-01,Germany,USD,Enterprise Applications,Apex Retail Group,Retail,Time & Material,"8,98,218","8,15,173","8,18,584","5,41,447","5,32,207","5,36,847","3,56,771","2,82,966","2,81,737",39.7%,34.7%,34.4%,"(83,045)",-9.2%,"(9,240)",-1.7%,"(73,805)",-20.7%,13,10,76.9%,
REV-00557,2026,4,Apr,Q2,2026-04-01,Germany,USD,Enterprise Applications,BlueRiver Bank,Banking,Managed Services,"10,24,794","9,83,437","9,80,091","6,22,731","6,02,300","6,05,743","4,02,063","3,81,137","3,74,348",39.2%,38.8%,38.2%,"(41,357)",-4.0%,"(20,431)",-3.3%,"(20,926)",-5.2%,16,13,81.3%,
REV-00558,2026,4,Apr,Q2,2026-04-01,Germany,USD,Enterprise Applications,Crestview Health,Healthcare,Fixed Price,"8,26,762","8,67,593","8,48,922","5,19,409","5,30,431","5,31,314","3,07,353","3,37,162","3,17,608",37.2%,38.9%,37.4%,"40,831",4.9%,"11,022",2.1%,"29,809",9.7%,12,10,83.3%,
REV-00559,2026,4,Apr,Q2,2026-04-01,Germany,USD,Enterprise Applications,Delta Manufacturing,Manufacturing,Time & Material,"9,47,820","10,30,747","10,25,682","5,88,107","5,76,096","5,83,658","3,59,713","4,54,651","4,42,024",38.0%,44.1%,43.1%,"82,927",8.7%,"(12,011)",-2.0%,"94,938",26.4%,13,11,84.6%,
REV-00560,2026,4,Apr,Q2,2026-04-01,Germany,USD,Enterprise Applications,Evergreen Telecom,Telecommunications,Managed Services,"9,54,256","9,52,524","9,73,158","5,88,411","5,89,934","5,90,319","3,65,845","3,62,590","3,82,839",38.3%,38.1%,39.3%,"(1,732)",-0.2%,"1,523",0.3%,"(3,255)",-0.9%,14,11,78.6%,
REV-00561,2026,4,Apr,Q2,2026-04-01,Germany,USD,Digital Engineering,Apex Retail Group,Retail,Time & Material,"9,23,380","9,28,934","9,46,019","5,79,525","5,86,011","5,93,317","3,43,855","3,42,923","3,52,702",37.2%,36.9%,37.3%,"5,554",0.6%,"6,486",1.1%,(932),-0.3%,13,10,76.9%,
REV-00562,2026,4,Apr,Q2,2026-04-01,Germany,USD,Digital Engineering,BlueRiver Bank,Banking,Managed Services,"10,91,004","11,10,712","11,22,256","6,59,319","6,40,392","6,37,912","4,31,685","4,70,320","4,84,344",39.6%,42.3%,43.2%,"19,708",1.8%,"(18,927)",-2.9%,"38,635",8.9%,17,14,82.4%,
REV-00563,2026,4,Apr,Q2,2026-04-01,Germany,USD,Digital Engineering,Crestview Health,Healthcare,Fixed Price,"8,44,407","7,95,729","7,88,104","5,29,301","5,06,761","5,04,305","3,15,106","2,88,968","2,83,799",37.3%,36.3%,36.0%,"(48,678)",-5.8%,"(22,540)",-4.3%,"(26,138)",-8.3%,12,9,75.0%,
REV-00564,2026,4,Apr,Q2,2026-04-01,Germany,USD,Digital Engineering,Delta Manufacturing,Manufacturing,Time & Material,"9,23,006","8,26,726","8,30,377","5,58,804","5,97,697","5,97,108","3,64,202","2,29,029","2,33,269",39.5%,27.7%,28.1%,"(96,280)",-10.4%,"38,893",7.0%,"(1,35,173)",-37.1%,14,11,78.6%,
REV-00565,2026,4,Apr,Q2,2026-04-01,Germany,USD,Digital Engineering,Evergreen Telecom,Telecommunications,Managed Services,"9,96,354","9,33,366","9,26,472","6,17,921","6,39,302","6,35,110","3,78,433","2,94,064","2,91,362",38.0%,31.5%,31.4%,"(62,988)",-6.3%,"21,381",3.5%,"(84,369)",-22.3%,15,12,80.0%,
REV-00566,2026,4,Apr,Q2,2026-04-01,Germany,USD,Managed Services,Apex Retail Group,Retail,Time & Material,"7,57,432","8,05,045","8,22,167","5,14,238","5,39,882","5,34,520","2,43,194","2,65,163","2,87,647",32.1%,32.9%,35.0%,"47,613",6.3%,"25,644",5.0%,"21,969",9.0%,10,9,90.0%,
REV-00567,2026,4,Apr,Q2,2026-04-01,Germany,USD,Managed Services,BlueRiver Bank,Banking,Managed Services,"8,87,913","8,88,466","8,90,907","5,93,437","6,06,894","6,13,722","2,94,476","2,81,572","2,77,185",33.2%,31.7%,31.1%,553,0.1%,"13,457",2.3%,"(12,904)",-4.4%,14,11,78.6%,
REV-00568,2026,4,Apr,Q2,2026-04-01,Germany,USD,Managed Services,Crestview Health,Healthcare,Fixed Price,"6,96,698","7,34,838","7,45,204","4,75,468","4,49,257","4,44,830","2,21,230","2,85,581","3,00,374",31.8%,38.9%,40.3%,"38,140",5.5%,"(26,211)",-5.5%,"64,351",29.1%,10,8,80.0%,
REV-00569,2026,4,Apr,Q2,2026-04-01,Germany,USD,Managed Services,Delta Manufacturing,Manufacturing,Time & Material,"7,88,408","7,25,161","7,15,586","5,30,133","5,02,860","5,01,970","2,58,275","2,22,301","2,13,616",32.8%,30.7%,29.9%,"(63,247)",-8.0%,"(27,273)",-5.1%,"(35,974)",-13.9%,11,9,81.8%,
REV-00570,2026,4,Apr,Q2,2026-04-01,Germany,USD,Managed Services,Evergreen Telecom,Telecommunications,Managed Services,"8,06,450","7,85,244","7,87,342","5,45,297","5,53,683","5,54,004","2,61,153","2,31,561","2,33,338",32.4%,29.5%,29.6%,"(21,206)",-2.6%,"8,386",1.5%,"(29,592)",-11.3%,13,11,84.6%,
REV-00571,2026,4,Apr,Q2,2026-04-01,Singapore,USD,Cloud Services,Apex Retail Group,Retail,Time & Material,"10,07,957","9,71,561","9,65,701","6,08,245","6,15,709","6,13,098","3,99,712","3,55,852","3,52,603",39.7%,36.6%,36.5%,"(36,396)",-3.6%,"7,464",1.2%,"(43,860)",-11.0%,15,12,80.0%,
REV-00572,2026,4,Apr,Q2,2026-04-01,Singapore,USD,Cloud Services,BlueRiver Bank,Banking,Managed Services,"11,35,393","10,43,193","10,50,877","7,08,763","7,34,661","7,25,984","4,26,630","3,08,532","3,24,893",37.6%,29.6%,30.9%,"(92,200)",-8.1%,"25,898",3.7%,"(1,18,098)",-27.7%,18,14,77.8%,
REV-00573,2026,4,Apr,Q2,2026-04-01,Singapore,USD,Cloud Services,Crestview Health,Healthcare,Fixed Price,"8,94,548","8,77,669","8,81,923","5,77,170","5,87,583","5,89,000","3,17,378","2,90,086","2,92,923",35.5%,33.1%,33.2%,"(16,879)",-1.9%,"10,413",1.8%,"(27,292)",-8.6%,15,12,80.0%,
REV-00574,2026,4,Apr,Q2,2026-04-01,Singapore,USD,Cloud Services,Delta Manufacturing,Manufacturing,Time & Material,"10,20,286","9,19,116","9,06,670","6,29,153","6,67,312","6,68,799","3,91,133","2,51,804","2,37,871",38.3%,27.4%,26.2%,"(1,01,170)",-9.9%,"38,159",6.1%,"(1,39,329)",-35.6%,16,12,75.0%,
REV-00575,2026,4,Apr,Q2,2026-04-01,Singapore,USD,Cloud Services,Evergreen Telecom,Telecommunications,Managed Services,"11,11,007","11,42,783","11,22,970","6,88,250","6,61,971","6,57,101","4,22,757","4,80,812","4,65,869",38.1%,42.1%,41.5%,"31,776",2.9%,"(26,279)",-3.8%,"58,055",13.7%,17,14,82.4%,
REV-00576,2026,4,Apr,Q2,2026-04-01,Singapore,USD,Data & Analytics,Apex Retail Group,Retail,Time & Material,"9,42,824","9,74,101","9,51,134","5,71,673","5,77,131","5,81,267","3,71,151","3,96,970","3,69,867",39.4%,40.8%,38.9%,"31,277",3.3%,"5,458",1.0%,"25,819",7.0%,14,12,85.7%,
REV-00577,2026,4,Apr,Q2,2026-04-01,Singapore,USD,Data & Analytics,BlueRiver Bank,Banking,Managed Services,"10,75,498","10,95,265","10,70,820","6,59,788","6,95,259","6,97,777","4,15,710","4,00,006","3,73,043",38.7%,36.5%,34.8%,"19,767",1.8%,"35,471",5.4%,"(15,704)",-3.8%,15,12,80.0%,
REV-00578,2026,4,Apr,Q2,2026-04-01,Singapore,USD,Data & Analytics,Crestview Health,Healthcare,Fixed Price,"8,64,642","8,19,654","8,07,677","5,54,080","5,74,841","5,74,661","3,10,562","2,44,813","2,33,016",35.9%,29.9%,28.9%,"(44,988)",-5.2%,"20,761",3.7%,"(65,749)",-21.2%,14,10,71.4%,
REV-00579,2026,4,Apr,Q2,2026-04-01,Singapore,USD,Data & Analytics,Delta Manufacturing,Manufacturing,Time & Material,"9,43,213","9,99,026","9,83,770","5,77,399","5,77,518","5,74,308","3,65,814","4,21,508","4,09,462",38.8%,42.2%,41.6%,"55,813",5.9%,119,0.0%,"55,694",15.2%,15,12,80.0%,
REV-00580,2026,4,Apr,Q2,2026-04-01,Singapore,USD,Data & Analytics,Evergreen Telecom,Telecommunications,Managed Services,"10,12,436","9,70,140","9,60,171","6,32,597","6,55,180","6,55,174","3,79,839","3,14,960","3,04,997",37.5%,32.5%,31.8%,"(42,296)",-4.2%,"22,583",3.6%,"(64,879)",-17.1%,16,13,81.3%,
REV-00581,2026,4,Apr,Q2,2026-04-01,Singapore,USD,Cybersecurity,Apex Retail Group,Retail,Time & Material,"9,23,454","9,45,254","9,48,879","5,69,063","5,80,376","5,76,790","3,54,391","3,64,878","3,72,089",38.4%,38.6%,39.2%,"21,800",2.4%,"11,313",2.0%,"10,487",3.0%,15,12,80.0%,
REV-00582,2026,4,Apr,Q2,2026-04-01,Singapore,USD,Cybersecurity,BlueRiver Bank,Banking,Managed Services,"10,39,476","10,13,858","9,97,384","6,52,572","6,27,467","6,33,219","3,86,904","3,86,391","3,64,165",37.2%,38.1%,36.5%,"(25,618)",-2.5%,"(25,105)",-3.8%,(513),-0.1%,16,13,81.3%,
REV-00583,2026,4,Apr,Q2,2026-04-01,Singapore,USD,Cybersecurity,Crestview Health,Healthcare,Fixed Price,"8,46,575","8,64,465","8,67,926","5,32,103","5,11,426","5,09,931","3,14,472","3,53,039","3,57,995",37.1%,40.8%,41.2%,"17,890",2.1%,"(20,677)",-3.9%,"38,567",12.3%,13,10,76.9%,
REV-00584,2026,4,Apr,Q2,2026-04-01,Singapore,USD,Cybersecurity,Delta Manufacturing,Manufacturing,Time & Material,"9,23,655","8,88,943","8,73,445","5,79,450","5,44,388","5,47,244","3,44,205","3,44,555","3,26,201",37.3%,38.8%,37.3%,"(34,712)",-3.8%,"(35,062)",-6.1%,350,0.1%,15,12,80.0%,
REV-00585,2026,4,Apr,Q2,2026-04-01,Singapore,USD,Cybersecurity,Evergreen Telecom,Telecommunications,Managed Services,"10,07,242","11,04,502","10,93,569","6,10,089","6,21,639","6,18,650","3,97,153","4,82,863","4,74,919",39.4%,43.7%,43.4%,"97,260",9.7%,"11,550",1.9%,"85,710",21.6%,14,12,85.7%,
REV-00586,2026,4,Apr,Q2,2026-04-01,Singapore,USD,Enterprise Applications,Apex Retail Group,Retail,Time & Material,"8,22,454","8,49,565","8,30,876","5,09,655","5,16,262","5,16,597","3,12,799","3,33,303","3,14,279",38.0%,39.2%,37.8%,"27,111",3.3%,"6,607",1.3%,"20,504",6.6%,12,10,83.3%,
REV-00587,2026,4,Apr,Q2,2026-04-01,Singapore,USD,Enterprise Applications,BlueRiver Bank,Banking,Managed Services,"9,90,259","9,84,544","10,07,077","6,09,982","6,41,349","6,46,072","3,80,277","3,43,195","3,61,005",38.4%,34.9%,35.8%,"(5,715)",-0.6%,"31,367",5.1%,"(37,082)",-9.8%,15,13,86.7%,
REV-00588,2026,4,Apr,Q2,2026-04-01,Singapore,USD,Enterprise Applications,Crestview Health,Healthcare,Fixed Price,"7,89,740","7,78,286","7,76,506","4,97,705","5,27,405","5,29,941","2,92,035","2,50,881","2,46,565",37.0%,32.2%,31.8%,"(11,454)",-1.5%,"29,700",6.0%,"(41,154)",-14.1%,13,11,84.6%,
REV-00589,2026,4,Apr,Q2,2026-04-01,Singapore,USD,Enterprise Applications,Delta Manufacturing,Manufacturing,Time & Material,"8,82,694","9,16,042","9,08,849","5,53,333","5,47,722","5,52,355","3,29,361","3,68,320","3,56,494",37.3%,40.2%,39.2%,"33,348",3.8%,"(5,611)",-1.0%,"38,959",11.8%,13,10,76.9%,
REV-00590,2026,4,Apr,Q2,2026-04-01,Singapore,USD,Enterprise Applications,Evergreen Telecom,Telecommunications,Managed Services,"9,12,702","8,70,338","8,85,460","5,72,719","5,60,104","5,65,620","3,39,983","3,10,234","3,19,840",37.3%,35.6%,36.1%,"(42,364)",-4.6%,"(12,615)",-2.2%,"(29,749)",-8.8%,13,10,76.9%,
REV-00591,2026,4,Apr,Q2,2026-04-01,Singapore,USD,Digital Engineering,Apex Retail Group,Retail,Time & Material,"8,54,659","8,33,782","8,27,922","5,31,321","5,33,657","5,27,028","3,23,338","3,00,125","3,00,894",37.8%,36.0%,36.3%,"(20,877)",-2.4%,"2,336",0.4%,"(23,213)",-7.2%,13,10,76.9%,
REV-00592,2026,4,Apr,Q2,2026-04-01,Singapore,USD,Digital Engineering,BlueRiver Bank,Banking,Managed Services,"10,31,862","11,05,719","10,79,209","6,33,143","6,46,094","6,46,992","3,98,719","4,59,625","4,32,217",38.6%,41.6%,40.0%,"73,857",7.2%,"12,951",2.0%,"60,906",15.3%,14,12,85.7%,
REV-00593,2026,4,Apr,Q2,2026-04-01,Singapore,USD,Digital Engineering,Crestview Health,Healthcare,Fixed Price,"7,89,389","7,82,853","7,86,879","5,13,756","5,11,838","5,16,060","2,75,633","2,71,015","2,70,819",34.9%,34.6%,34.4%,"(6,536)",-0.8%,"(1,918)",-0.4%,"(4,618)",-1.7%,12,10,83.3%,
REV-00594,2026,4,Apr,Q2,2026-04-01,Singapore,USD,Digital Engineering,Delta Manufacturing,Manufacturing,Time & Material,"9,12,741","9,09,045","9,04,057","5,65,131","5,42,262","5,47,570","3,47,610","3,66,783","3,56,487",38.1%,40.3%,39.4%,"(3,696)",-0.4%,"(22,869)",-4.0%,"19,173",5.5%,14,12,85.7%,
REV-00595,2026,4,Apr,Q2,2026-04-01,Singapore,USD,Digital Engineering,Evergreen Telecom,Telecommunications,Managed Services,"9,44,387","10,41,420","10,16,073","5,92,717","5,93,652","5,97,836","3,51,670","4,47,768","4,18,237",37.2%,43.0%,41.2%,"97,033",10.3%,935,0.2%,"96,098",27.3%,15,13,86.7%,
REV-00596,2026,4,Apr,Q2,2026-04-01,Singapore,USD,Managed Services,Apex Retail Group,Retail,Time & Material,"7,22,583","6,95,334","6,93,307","4,71,096","4,63,383","4,61,970","2,51,487","2,31,951","2,31,337",34.8%,33.4%,33.4%,"(27,249)",-3.8%,"(7,713)",-1.6%,"(19,536)",-7.8%,11,9,81.8%,
REV-00597,2026,4,Apr,Q2,2026-04-01,Singapore,USD,Managed Services,BlueRiver Bank,Banking,Managed Services,"8,20,369","8,53,083","8,56,824","5,53,194","5,69,190","5,67,921","2,67,175","2,83,893","2,88,903",32.6%,33.3%,33.7%,"32,714",4.0%,"15,996",2.9%,"16,718",6.3%,13,11,84.6%,
REV-00598,2026,4,Apr,Q2,2026-04-01,Singapore,USD,Managed Services,Crestview Health,Healthcare,Fixed Price,"6,59,560","6,71,347","6,62,009","4,49,748","4,74,844","4,73,532","2,09,812","1,96,503","1,88,477",31.8%,29.3%,28.5%,"11,787",1.8%,"25,096",5.6%,"(13,309)",-6.3%,11,9,81.8%,
REV-00599,2026,4,Apr,Q2,2026-04-01,Singapore,USD,Managed Services,Delta Manufacturing,Manufacturing,Time & Material,"7,48,166","7,75,804","7,62,461","5,11,813","5,12,200","5,12,357","2,36,353","2,63,604","2,50,104",31.6%,34.0%,32.8%,"27,638",3.7%,387,0.1%,"27,251",11.5%,11,9,81.8%,
REV-00600,2026,4,Apr,Q2,2026-04-01,Singapore,USD,Managed Services,Evergreen Telecom,Telecommunications,Managed Services,"8,04,821","7,64,499","7,79,650","5,30,697","5,33,664","5,37,137","2,74,124","2,30,835","2,42,513",34.1%,30.2%,31.1%,"(40,322)",-5.0%,"2,967",0.6%,"(43,289)",-15.8%,13,10,76.9%,
REV-00601,2026,5,May,Q2,2026-05-01,India,USD,Cloud Services,Apex Retail Group,Retail,Time & Material,"7,60,944","7,63,921","7,53,166","4,73,663","4,48,783","4,45,630","2,87,281","3,15,138","3,07,536",37.8%,41.3%,40.8%,"2,977",0.4%,"(24,880)",-5.3%,"27,857",9.7%,15,13,86.7%,
REV-00602,2026,5,May,Q2,2026-05-01,India,USD,Cloud Services,BlueRiver Bank,Banking,Managed Services,"8,75,700","7,96,317","7,91,097","5,42,202","5,73,818","5,72,972","3,33,498","2,22,499","2,18,125",38.1%,27.9%,27.6%,"(79,383)",-9.1%,"31,616",5.8%,"(1,10,999)",-33.3%,16,13,81.3%,
REV-00603,2026,5,May,Q2,2026-05-01,India,USD,Cloud Services,Crestview Health,Healthcare,Fixed Price,"6,69,403","6,86,855","6,98,738","4,34,425","4,22,203","4,26,752","2,34,978","2,64,652","2,71,986",35.1%,38.5%,38.9%,"17,452",2.6%,"(12,222)",-2.8%,"29,674",12.6%,14,11,78.6%,
REV-00604,2026,5,May,Q2,2026-05-01,India,USD,Cloud Services,Delta Manufacturing,Manufacturing,Time & Material,"7,75,213","8,14,310","8,33,140","4,70,865","4,94,045","4,92,477","3,04,348","3,20,265","3,40,663",39.3%,39.3%,40.9%,"39,097",5.0%,"23,180",4.9%,"15,917",5.2%,15,12,80.0%,
REV-00605,2026,5,May,Q2,2026-05-01,India,USD,Cloud Services,Evergreen Telecom,Telecommunications,Managed Services,"8,17,309","8,89,870","8,96,259","4,91,861","4,94,893","4,91,305","3,25,448","3,94,977","4,04,954",39.8%,44.4%,45.2%,"72,561",8.9%,"3,032",0.6%,"69,529",21.4%,15,12,80.0%,
REV-00606,2026,5,May,Q2,2026-05-01,India,USD,Data & Analytics,Apex Retail Group,Retail,Time & Material,"7,16,815","7,35,245","7,22,886","4,47,649","4,56,039","4,55,224","2,69,166","2,79,206","2,67,662",37.6%,38.0%,37.0%,"18,430",2.6%,"8,390",1.9%,"10,040",3.7%,13,11,84.6%,
REV-00607,2026,5,May,Q2,2026-05-01,India,USD,Data & Analytics,BlueRiver Bank,Banking,Managed Services,"8,56,422","9,23,144","9,35,844","5,18,978","5,24,695","5,19,342","3,37,444","3,98,449","4,16,502",39.4%,43.2%,44.5%,"66,722",7.8%,"5,717",1.1%,"61,005",18.1%,16,14,87.5%,
REV-00608,2026,5,May,Q2,2026-05-01,India,USD,Data & Analytics,Crestview Health,Healthcare,Fixed Price,"6,46,877","6,57,745","6,55,440","4,14,453","4,06,594","4,00,811","2,32,424","2,51,151","2,54,629",35.9%,38.2%,38.8%,"10,868",1.7%,"(7,859)",-1.9%,"18,727",8.1%,12,10,83.3%,
REV-00609,2026,5,May,Q2,2026-05-01,India,USD,Data & Analytics,Delta Manufacturing,Manufacturing,Time & Material,"7,63,008","8,05,622","7,87,564","4,70,804","4,52,627","4,50,064","2,92,204","3,52,995","3,37,500",38.3%,43.8%,42.9%,"42,614",5.6%,"(18,177)",-3.9%,"60,791",20.8%,16,13,81.3%,
REV-00610,2026,5,May,Q2,2026-05-01,India,USD,Data & Analytics,Evergreen Telecom,Telecommunications,Managed Services,"7,68,051","7,22,530","7,06,531","4,69,656","4,66,843","4,71,696","2,98,395","2,55,687","2,34,835",38.9%,35.4%,33.2%,"(45,521)",-5.9%,"(2,813)",-0.6%,"(42,708)",-14.3%,15,11,73.3%,
REV-00611,2026,5,May,Q2,2026-05-01,India,USD,Cybersecurity,Apex Retail Group,Retail,Time & Material,"6,75,155","6,57,061","6,43,319","4,09,645","4,00,433","3,96,001","2,65,510","2,56,628","2,47,318",39.3%,39.1%,38.4%,"(18,094)",-2.7%,"(9,212)",-2.2%,"(8,882)",-3.3%,13,10,76.9%,
REV-00612,2026,5,May,Q2,2026-05-01,India,USD,Cybersecurity,BlueRiver Bank,Banking,Managed Services,"8,37,737","8,22,590","8,06,670","5,08,174","5,13,462","5,07,992","3,29,563","3,09,128","2,98,678",39.3%,37.6%,37.0%,"(15,147)",-1.8%,"5,288",1.0%,"(20,435)",-6.2%,18,15,83.3%,
REV-00613,2026,5,May,Q2,2026-05-01,India,USD,Cybersecurity,Crestview Health,Healthcare,Fixed Price,"6,27,523","6,75,234","6,74,690","4,06,670","3,91,347","3,95,948","2,20,853","2,83,887","2,78,742",35.2%,42.0%,41.3%,"47,711",7.6%,"(15,323)",-3.8%,"63,034",28.5%,12,10,83.3%,
REV-00614,2026,5,May,Q2,2026-05-01,India,USD,Cybersecurity,Delta Manufacturing,Manufacturing,Time & Material,"7,31,528","6,80,143","6,77,762","4,54,075","4,59,843","4,63,435","2,77,453","2,20,300","2,14,327",37.9%,32.4%,31.6%,"(51,385)",-7.0%,"5,768",1.3%,"(57,153)",-20.6%,14,11,78.6%,
REV-00615,2026,5,May,Q2,2026-05-01,India,USD,Cybersecurity,Evergreen Telecom,Telecommunications,Managed Services,"7,76,704","7,05,870","6,93,966","4,84,003","4,78,085","4,77,304","2,92,701","2,27,785","2,16,662",37.7%,32.3%,31.2%,"(70,834)",-9.1%,"(5,918)",-1.2%,"(64,916)",-22.2%,14,11,78.6%,
REV-00616,2026,5,May,Q2,2026-05-01,India,USD,Enterprise Applications,Apex Retail Group,Retail,Time & Material,"6,63,074","6,97,450","7,03,126","4,16,533","4,05,862","4,08,650","2,46,541","2,91,588","2,94,476",37.2%,41.8%,41.9%,"34,376",5.2%,"(10,671)",-2.6%,"45,047",18.3%,14,12,85.7%,
REV-00617,2026,5,May,Q2,2026-05-01,India,USD,Enterprise Applications,BlueRiver Bank,Banking,Managed Services,"7,41,733","6,69,710","6,74,607","4,52,039","4,37,110","4,34,706","2,89,694","2,32,600","2,39,901",39.1%,34.7%,35.6%,"(72,023)",-9.7%,"(14,929)",-3.3%,"(57,094)",-19.7%,14,11,78.6%,
REV-00618,2026,5,May,Q2,2026-05-01,India,USD,Enterprise Applications,Crestview Health,Healthcare,Fixed Price,"6,05,022","5,64,383","5,61,752","3,81,217","3,75,971","3,77,281","2,23,805","1,88,412","1,84,471",37.0%,33.4%,32.8%,"(40,639)",-6.7%,"(5,246)",-1.4%,"(35,393)",-15.8%,11,9,81.8%,
REV-00619,2026,5,May,Q2,2026-05-01,India,USD,Enterprise Applications,Delta Manufacturing,Manufacturing,Time & Material,"6,89,133","7,51,701","7,51,195","4,16,214","4,25,804","4,24,068","2,72,919","3,25,897","3,27,127",39.6%,43.4%,43.5%,"62,568",9.1%,"9,590",2.3%,"52,978",19.4%,14,12,85.7%,
REV-00620,2026,5,May,Q2,2026-05-01,India,USD,Enterprise Applications,Evergreen Telecom,Telecommunications,Managed Services,"7,03,939","6,32,763","6,28,967","4,25,642","4,00,754","3,97,888","2,78,297","2,32,009","2,31,079",39.5%,36.7%,36.7%,"(71,176)",-10.1%,"(24,888)",-5.8%,"(46,288)",-16.6%,14,10,71.4%,
REV-00621,2026,5,May,Q2,2026-05-01,India,USD,Digital Engineering,Apex Retail Group,Retail,Time & Material,"6,83,327","6,39,472","6,46,586","4,22,899","4,17,738","4,20,441","2,60,428","2,21,734","2,26,145",38.1%,34.7%,35.0%,"(43,855)",-6.4%,"(5,161)",-1.2%,"(38,694)",-14.9%,15,11,73.3%,
REV-00622,2026,5,May,Q2,2026-05-01,India,USD,Digital Engineering,BlueRiver Bank,Banking,Managed Services,"7,67,059","7,57,714","7,64,056","4,62,816","4,72,673","4,77,308","3,04,243","2,85,041","2,86,748",39.7%,37.6%,37.5%,"(9,345)",-1.2%,"9,857",2.1%,"(19,202)",-6.3%,15,13,86.7%,
REV-00623,2026,5,May,Q2,2026-05-01,India,USD,Digital Engineering,Crestview Health,Healthcare,Fixed Price,"6,32,754","5,74,292","5,71,572","4,08,385","4,11,592","4,13,099","2,24,369","1,62,700","1,58,473",35.5%,28.3%,27.7%,"(58,462)",-9.2%,"3,207",0.8%,"(61,669)",-27.5%,14,10,71.4%,
REV-00624,2026,5,May,Q2,2026-05-01,India,USD,Digital Engineering,Delta Manufacturing,Manufacturing,Time & Material,"7,06,797","7,31,361","7,14,071","4,44,588","4,71,767","4,69,583","2,62,209","2,59,594","2,44,488",37.1%,35.5%,34.2%,"24,564",3.5%,"27,179",6.1%,"(2,615)",-1.0%,15,13,86.7%,
REV-00625,2026,5,May,Q2,2026-05-01,India,USD,Digital Engineering,Evergreen Telecom,Telecommunications,Managed Services,"7,75,723","7,54,843","7,43,003","4,73,083","4,66,120","4,64,196","3,02,640","2,88,723","2,78,807",39.0%,38.2%,37.5%,"(20,880)",-2.7%,"(6,963)",-1.5%,"(13,917)",-4.6%,15,12,80.0%,
REV-00626,2026,5,May,Q2,2026-05-01,India,USD,Managed Services,Apex Retail Group,Retail,Time & Material,"5,60,485","5,79,279","5,72,332","3,83,800","3,96,440","3,92,628","1,76,685","1,82,839","1,79,704",31.5%,31.6%,31.4%,"18,794",3.4%,"12,640",3.3%,"6,154",3.5%,11,9,81.8%,
REV-00627,2026,5,May,Q2,2026-05-01,India,USD,Managed Services,BlueRiver Bank,Banking,Managed Services,"6,44,194","6,71,997","6,87,701","4,25,787","4,10,438","4,06,688","2,18,407","2,61,559","2,81,013",33.9%,38.9%,40.9%,"27,803",4.3%,"(15,349)",-3.6%,"43,152",19.8%,13,11,84.6%,
REV-00628,2026,5,May,Q2,2026-05-01,India,USD,Managed Services,Crestview Health,Healthcare,Fixed Price,"5,06,722","4,73,099","4,76,440","3,50,232","3,65,004","3,66,014","1,56,490","1,08,095","1,10,426",30.9%,22.8%,23.2%,"(33,623)",-6.6%,"14,772",4.2%,"(48,395)",-30.9%,11,8,72.7%,
REV-00629,2026,5,May,Q2,2026-05-01,India,USD,Managed Services,Delta Manufacturing,Manufacturing,Time & Material,"5,69,376","6,06,390","6,09,843","3,89,221","3,87,511","3,86,013","1,80,155","2,18,879","2,23,830",31.6%,36.1%,36.7%,"37,014",6.5%,"(1,710)",-0.4%,"38,724",21.5%,11,10,90.9%,
REV-00630,2026,5,May,Q2,2026-05-01,India,USD,Managed Services,Evergreen Telecom,Telecommunications,Managed Services,"6,00,568","5,54,239","5,51,850","3,92,893","3,97,137","3,96,945","2,07,675","1,57,102","1,54,905",34.6%,28.3%,28.1%,"(46,329)",-7.7%,"4,244",1.1%,"(50,573)",-24.4%,13,10,76.9%,
REV-00631,2026,5,May,Q2,2026-05-01,United States,USD,Cloud Services,Apex Retail Group,Retail,Time & Material,"12,89,352","12,50,628","12,65,011","8,05,909","7,92,242","7,89,267","4,83,443","4,58,386","4,75,744",37.5%,36.7%,37.6%,"(38,724)",-3.0%,"(13,667)",-1.7%,"(25,057)",-5.2%,15,12,80.0%,
REV-00632,2026,5,May,Q2,2026-05-01,United States,USD,Cloud Services,BlueRiver Bank,Banking,Managed Services,"14,73,391","13,78,224","13,67,615","8,94,590","8,50,553","8,41,186","5,78,801","5,27,671","5,26,429",39.3%,38.3%,38.5%,"(95,167)",-6.5%,"(44,037)",-4.9%,"(51,130)",-8.8%,17,13,76.5%,
REV-00633,2026,5,May,Q2,2026-05-01,United States,USD,Cloud Services,Crestview Health,Healthcare,Fixed Price,"12,07,067","10,82,840","10,82,657","7,63,348","7,43,060","7,47,605","4,43,719","3,39,780","3,35,052",36.8%,31.4%,30.9%,"(1,24,227)",-10.3%,"(20,288)",-2.7%,"(1,03,939)",-23.4%,14,11,78.6%,
REV-00634,2026,5,May,Q2,2026-05-01,United States,USD,Cloud Services,Delta Manufacturing,Manufacturing,Time & Material,"13,84,158","14,75,344","14,64,306","8,35,558","7,82,754","7,82,013","5,48,600","6,92,590","6,82,293",39.6%,46.9%,46.6%,"91,186",6.6%,"(52,804)",-6.3%,"1,43,990",26.2%,14,12,85.7%,
REV-00635,2026,5,May,Q2,2026-05-01,United States,USD,Cloud Services,Evergreen Telecom,Telecommunications,Managed Services,"14,95,613","15,88,748","15,94,444","9,01,096","8,94,542","9,01,408","5,94,517","6,94,206","6,93,036",39.8%,43.7%,43.5%,"93,135",6.2%,"(6,554)",-0.7%,"99,689",16.8%,16,14,87.5%,
REV-00636,2026,5,May,Q2,2026-05-01,United States,USD,Data & Analytics,Apex Retail Group,Retail,Time & Material,"12,38,313","12,36,637","12,15,915","7,57,226","7,59,242","7,61,624","4,81,087","4,77,395","4,54,291",38.9%,38.6%,37.4%,"(1,676)",-0.1%,"2,016",0.3%,"(3,692)",-0.8%,15,12,80.0%,
REV-00637,2026,5,May,Q2,2026-05-01,United States,USD,Data & Analytics,BlueRiver Bank,Banking,Managed Services,"14,85,646","15,79,381","15,44,104","9,00,619","8,53,302","8,61,407","5,85,027","7,26,079","6,82,697",39.4%,46.0%,44.2%,"93,735",6.3%,"(47,317)",-5.3%,"1,41,052",24.1%,17,14,82.4%,
REV-00638,2026,5,May,Q2,2026-05-01,United States,USD,Data & Analytics,Crestview Health,Healthcare,Fixed Price,"11,52,859","11,21,730","10,99,156","7,54,216","7,24,026","7,25,832","3,98,643","3,97,704","3,73,324",34.6%,35.5%,34.0%,"(31,129)",-2.7%,"(30,190)",-4.0%,(939),-0.2%,12,9,75.0%,
REV-00639,2026,5,May,Q2,2026-05-01,United States,USD,Data & Analytics,Delta Manufacturing,Manufacturing,Time & Material,"12,89,756","11,98,409","11,98,692","8,10,599","8,04,650","8,08,360","4,79,157","3,93,759","3,90,332",37.2%,32.9%,32.6%,"(91,347)",-7.1%,"(5,949)",-0.7%,"(85,398)",-17.8%,14,10,71.4%,
REV-00640,2026,5,May,Q2,2026-05-01,United States,USD,Data & Analytics,Evergreen Telecom,Telecommunications,Managed Services,"13,94,409","12,88,219","13,09,658","8,57,832","8,49,174","8,39,779","5,36,577","4,39,045","4,69,879",38.5%,34.1%,35.9%,"(1,06,190)",-7.6%,"(8,658)",-1.0%,"(97,532)",-18.2%,15,11,73.3%,
REV-00641,2026,5,May,Q2,2026-05-01,United States,USD,Cybersecurity,Apex Retail Group,Retail,Time & Material,"11,85,946","11,60,135","11,33,610","7,15,307","6,85,839","6,77,943","4,70,639","4,74,296","4,55,667",39.7%,40.9%,40.2%,"(25,811)",-2.2%,"(29,468)",-4.1%,"3,657",0.8%,14,11,78.6%,
REV-00642,2026,5,May,Q2,2026-05-01,United States,USD,Cybersecurity,BlueRiver Bank,Banking,Managed Services,"14,27,093","13,52,985","13,39,527","8,89,347","9,37,501","9,38,727","5,37,746","4,15,484","4,00,800",37.7%,30.7%,29.9%,"(74,108)",-5.2%,"48,154",5.4%,"(1,22,262)",-22.7%,17,13,76.5%,
REV-00643,2026,5,May,Q2,2026-05-01,United States,USD,Cybersecurity,Crestview Health,Healthcare,Fixed Price,"10,69,232","9,59,907","9,59,314","6,69,498","6,73,427","6,64,965","3,99,734","2,86,480","2,94,349",37.4%,29.8%,30.7%,"(1,09,325)",-10.2%,"3,929",0.6%,"(1,13,254)",-28.3%,12,9,75.0%,
REV-00644,2026,5,May,Q2,2026-05-01,United States,USD,Cybersecurity,Delta Manufacturing,Manufacturing,Time & Material,"12,88,011","12,83,508","12,90,544","7,96,003","8,16,992","8,22,358","4,92,008","4,66,516","4,68,186",38.2%,36.3%,36.3%,"(4,503)",-0.3%,"20,989",2.6%,"(25,492)",-5.2%,15,12,80.0%,
REV-00645,2026,5,May,Q2,2026-05-01,United States,USD,Cybersecurity,Evergreen Telecom,Telecommunications,Managed Services,"12,99,348","12,89,274","12,94,198","7,95,495","7,98,547","8,03,820","5,03,853","4,90,727","4,90,378",38.8%,38.1%,37.9%,"(10,074)",-0.8%,"3,052",0.4%,"(13,126)",-2.6%,14,11,78.6%,
REV-00646,2026,5,May,Q2,2026-05-01,United States,USD,Enterprise Applications,Apex Retail Group,Retail,Time & Material,"11,22,084","11,79,892","11,52,608","7,05,161","7,19,916","7,25,500","4,16,923","4,59,976","4,27,108",37.2%,39.0%,37.1%,"57,808",5.2%,"14,755",2.1%,"43,053",10.3%,13,11,84.6%,
REV-00647,2026,5,May,Q2,2026-05-01,United States,USD,Enterprise Applications,BlueRiver Bank,Banking,Managed Services,"12,84,374","12,53,789","12,37,353","7,92,219","7,79,881","7,74,058","4,92,155","4,73,908","4,63,295",38.3%,37.8%,37.4%,"(30,585)",-2.4%,"(12,338)",-1.6%,"(18,247)",-3.7%,15,12,80.0%,
REV-00648,2026,5,May,Q2,2026-05-01,United States,USD,Enterprise Applications,Crestview Health,Healthcare,Fixed Price,"10,50,245","9,98,000","9,77,627","6,73,047","6,82,173","6,86,557","3,77,198","3,15,827","2,91,070",35.9%,31.6%,29.8%,"(52,245)",-5.0%,"9,126",1.4%,"(61,371)",-16.3%,13,10,76.9%,
REV-00649,2026,5,May,Q2,2026-05-01,United States,USD,Enterprise Applications,Delta Manufacturing,Manufacturing,Time & Material,"11,70,656","10,91,674","11,15,182","7,08,690","7,16,150","7,21,943","4,61,966","3,75,524","3,93,239",39.5%,34.4%,35.3%,"(78,982)",-6.7%,"7,460",1.1%,"(86,442)",-18.7%,12,10,83.3%,
REV-00650,2026,5,May,Q2,2026-05-01,United States,USD,Enterprise Applications,Evergreen Telecom,Telecommunications,Managed Services,"12,35,073","11,15,844","11,22,902","7,59,094","7,58,542","7,63,650","4,75,979","3,57,302","3,59,252",38.5%,32.0%,32.0%,"(1,19,229)",-9.7%,(552),-0.1%,"(1,18,677)",-24.9%,14,11,78.6%,
REV-00651,2026,5,May,Q2,2026-05-01,United States,USD,Digital Engineering,Apex Retail Group,Retail,Time & Material,"11,43,387","12,31,297","12,03,218","6,99,464","7,19,369","7,14,050","4,43,923","5,11,928","4,89,168",38.8%,41.6%,40.7%,"87,910",7.7%,"19,905",2.8%,"68,005",15.3%,14,12,85.7%,
REV-00652,2026,5,May,Q2,2026-05-01,United States,USD,Digital Engineering,BlueRiver Bank,Banking,Managed Services,"13,53,911","13,94,513","13,61,395","8,37,848","8,43,230","8,36,005","5,16,063","5,51,283","5,25,390",38.1%,39.5%,38.6%,"40,602",3.0%,"5,382",0.6%,"35,220",6.8%,14,12,85.7%,
REV-00653,2026,5,May,Q2,2026-05-01,United States,USD,Digital Engineering,Crestview Health,Healthcare,Fixed Price,"10,92,408","10,45,747","10,38,406","7,07,239","7,14,559","7,11,920","3,85,169","3,31,188","3,26,486",35.3%,31.7%,31.4%,"(46,661)",-4.3%,"7,320",1.0%,"(53,981)",-14.0%,11,9,81.8%,
REV-00654,2026,5,May,Q2,2026-05-01,United States,USD,Digital Engineering,Delta Manufacturing,Manufacturing,Time & Material,"12,39,546","11,86,061","11,82,704","7,68,477","7,64,184","7,68,190","4,71,069","4,21,877","4,14,514",38.0%,35.6%,35.0%,"(53,485)",-4.3%,"(4,293)",-0.6%,"(49,192)",-10.4%,15,11,73.3%,
REV-00655,2026,5,May,Q2,2026-05-01,United States,USD,Digital Engineering,Evergreen Telecom,Telecommunications,Managed Services,"13,29,825","13,69,204","13,74,568","7,99,933","7,89,981","7,86,493","5,29,892","5,79,223","5,88,075",39.8%,42.3%,42.8%,"39,379",3.0%,"(9,952)",-1.2%,"49,331",9.3%,16,14,87.5%,
REV-00656,2026,5,May,Q2,2026-05-01,United States,USD,Managed Services,Apex Retail Group,Retail,Time & Material,"9,70,101","9,26,430","9,08,707","6,39,603","6,48,403","6,50,773","3,30,498","2,78,027","2,57,934",34.1%,30.0%,28.4%,"(43,671)",-4.5%,"8,800",1.4%,"(52,471)",-15.9%,12,9,75.0%,
REV-00657,2026,5,May,Q2,2026-05-01,United States,USD,Managed Services,BlueRiver Bank,Banking,Managed Services,"10,88,093","10,21,307","10,42,099","7,15,098","6,73,363","6,74,303","3,72,995","3,47,944","3,67,796",34.3%,34.1%,35.3%,"(66,786)",-6.1%,"(41,735)",-5.8%,"(25,051)",-6.7%,11,9,81.8%,
REV-00658,2026,5,May,Q2,2026-05-01,United States,USD,Managed Services,Crestview Health,Healthcare,Fixed Price,"9,01,524","9,38,100","9,48,965","6,25,776","6,30,626","6,31,449","2,75,748","3,07,474","3,17,516",30.6%,32.8%,33.5%,"36,576",4.1%,"4,850",0.8%,"31,726",11.5%,11,9,81.8%,
REV-00659,2026,5,May,Q2,2026-05-01,United States,USD,Managed Services,Delta Manufacturing,Manufacturing,Time & Material,"9,77,792","9,92,075","10,02,485","6,41,495","6,55,628","6,59,624","3,36,297","3,36,447","3,42,861",34.4%,33.9%,34.2%,"14,283",1.5%,"14,133",2.2%,150,0.0%,12,10,83.3%,
REV-00660,2026,5,May,Q2,2026-05-01,United States,USD,Managed Services,Evergreen Telecom,Telecommunications,Managed Services,"10,48,049","10,29,211","10,47,278","6,88,595","7,03,574","7,01,704","3,59,454","3,25,637","3,45,574",34.3%,31.6%,33.0%,"(18,838)",-1.8%,"14,979",2.2%,"(33,817)",-9.4%,11,9,81.8%,
REV-00661,2026,5,May,Q2,2026-05-01,United Kingdom,USD,Cloud Services,Apex Retail Group,Retail,Time & Material,"11,17,736","10,01,143","9,87,125","6,96,297","6,95,236","6,98,930","4,21,439","3,05,907","2,88,195",37.7%,30.6%,29.2%,"(1,16,593)",-10.4%,"(1,061)",-0.2%,"(1,15,532)",-27.4%,14,10,71.4%,
REV-00662,2026,5,May,Q2,2026-05-01,United Kingdom,USD,Cloud Services,BlueRiver Bank,Banking,Managed Services,"12,57,834","12,61,087","12,55,751","7,68,310","7,62,035","7,59,934","4,89,524","4,99,052","4,95,817",38.9%,39.6%,39.5%,"3,253",0.3%,"(6,275)",-0.8%,"9,528",1.9%,17,13,76.5%,
REV-00663,2026,5,May,Q2,2026-05-01,United Kingdom,USD,Cloud Services,Crestview Health,Healthcare,Fixed Price,"9,91,262","9,37,452","9,28,827","6,38,925","6,49,348","6,49,990","3,52,337","2,88,104","2,78,837",35.5%,30.7%,30.0%,"(53,810)",-5.4%,"10,423",1.6%,"(64,233)",-18.2%,14,12,85.7%,
REV-00664,2026,5,May,Q2,2026-05-01,United Kingdom,USD,Cloud Services,Delta Manufacturing,Manufacturing,Time & Material,"11,78,550","12,71,110","12,58,098","7,22,482","7,30,700","7,37,421","4,56,068","5,40,410","5,20,677",38.7%,42.5%,41.4%,"92,560",7.9%,"8,218",1.1%,"84,342",18.5%,16,14,87.5%,
REV-00665,2026,5,May,Q2,2026-05-01,United Kingdom,USD,Cloud Services,Evergreen Telecom,Telecommunications,Managed Services,"12,39,931","12,49,612","12,40,836","7,78,470","7,47,659","7,53,813","4,61,461","5,01,953","4,87,023",37.2%,40.2%,39.2%,"9,681",0.8%,"(30,811)",-4.0%,"40,492",8.8%,17,14,82.4%,
REV-00666,2026,5,May,Q2,2026-05-01,United Kingdom,USD,Data & Analytics,Apex Retail Group,Retail,Time & Material,"9,97,332","9,30,569","9,49,736","6,15,340","6,21,086","6,27,739","3,81,992","3,09,483","3,21,997",38.3%,33.3%,33.9%,"(66,763)",-6.7%,"5,746",0.9%,"(72,509)",-19.0%,14,11,78.6%,
REV-00667,2026,5,May,Q2,2026-05-01,United Kingdom,USD,Data & Analytics,BlueRiver Bank,Banking,Managed Services,"11,72,104","10,59,009","10,37,591","7,04,524","6,98,781","6,93,720","4,67,580","3,60,228","3,43,871",39.9%,34.0%,33.1%,"(1,13,095)",-9.6%,"(5,743)",-0.8%,"(1,07,352)",-23.0%,17,13,76.5%,
REV-00668,2026,5,May,Q2,2026-05-01,United Kingdom,USD,Data & Analytics,Crestview Health,Healthcare,Fixed Price,"9,13,125","8,54,410","8,72,289","5,93,968","5,76,093","5,78,135","3,19,157","2,78,317","2,94,154",35.0%,32.6%,33.7%,"(58,715)",-6.4%,"(17,875)",-3.0%,"(40,840)",-12.8%,11,8,72.7%,
REV-00669,2026,5,May,Q2,2026-05-01,United Kingdom,USD,Data & Analytics,Delta Manufacturing,Manufacturing,Time & Material,"10,87,638","10,85,014","10,91,257","6,64,168","6,77,640","6,81,931","4,23,470","4,07,374","4,09,326",38.9%,37.5%,37.5%,"(2,624)",-0.2%,"13,472",2.0%,"(16,096)",-3.8%,15,13,86.7%,
REV-00670,2026,5,May,Q2,2026-05-01,United Kingdom,USD,Data & Analytics,Evergreen Telecom,Telecommunications,Managed Services,"11,74,167","11,35,972","11,61,208","7,35,166","7,20,296","7,16,890","4,39,001","4,15,676","4,44,318",37.4%,36.6%,38.3%,"(38,195)",-3.3%,"(14,870)",-2.0%,"(23,325)",-5.3%,17,13,76.5%,
REV-00671,2026,5,May,Q2,2026-05-01,United Kingdom,USD,Cybersecurity,Apex Retail Group,Retail,Time & Material,"9,89,616","9,28,676","9,23,152","6,04,181","6,14,306","6,17,934","3,85,435","3,14,370","3,05,218",38.9%,33.9%,33.1%,"(60,940)",-6.2%,"10,125",1.7%,"(71,065)",-18.4%,15,12,80.0%,
REV-00672,2026,5,May,Q2,2026-05-01,United Kingdom,USD,Cybersecurity,BlueRiver Bank,Banking,Managed Services,"11,39,302","11,75,277","11,69,479","6,93,150","7,11,099","7,12,498","4,46,152","4,64,178","4,56,981",39.2%,39.5%,39.1%,"35,975",3.2%,"17,949",2.6%,"18,026",4.0%,17,15,88.2%,
REV-00673,2026,5,May,Q2,2026-05-01,United Kingdom,USD,Cybersecurity,Crestview Health,Healthcare,Fixed Price,"8,99,342","8,85,000","8,76,847","5,85,480","5,67,854","5,61,114","3,13,862","3,17,146","3,15,733",34.9%,35.8%,36.0%,"(14,342)",-1.6%,"(17,626)",-3.0%,"3,284",1.0%,12,10,83.3%,
REV-00674,2026,5,May,Q2,2026-05-01,United Kingdom,USD,Cybersecurity,Delta Manufacturing,Manufacturing,Time & Material,"10,24,741","11,16,714","11,08,540","6,16,325","5,92,345","5,91,145","4,08,416","5,24,369","5,17,395",39.9%,47.0%,46.7%,"91,973",9.0%,"(23,980)",-3.9%,"1,15,953",28.4%,14,12,85.7%,
REV-00675,2026,5,May,Q2,2026-05-01,United Kingdom,USD,Cybersecurity,Evergreen Telecom,Telecommunications,Managed Services,"11,18,102","12,11,853","12,39,208","7,02,725","6,96,575","7,01,057","4,15,377","5,15,278","5,38,151",37.2%,42.5%,43.4%,"93,751",8.4%,"(6,150)",-0.9%,"99,901",24.1%,14,12,85.7%,
REV-00676,2026,5,May,Q2,2026-05-01,United Kingdom,USD,Enterprise Applications,Apex Retail Group,Retail,Time & Material,"9,29,695","8,96,454","8,94,151","5,73,707","5,80,714","5,78,347","3,55,988","3,15,740","3,15,804",38.3%,35.2%,35.3%,"(33,241)",-3.6%,"7,007",1.2%,"(40,248)",-11.3%,14,12,85.7%,
REV-00677,2026,5,May,Q2,2026-05-01,United Kingdom,USD,Enterprise Applications,BlueRiver Bank,Banking,Managed Services,"10,68,223","11,49,164","11,57,395","6,65,188","6,74,221","6,69,580","4,03,035","4,74,943","4,87,815",37.7%,41.3%,42.1%,"80,941",7.6%,"9,033",1.4%,"71,908",17.8%,15,12,80.0%,
REV-00678,2026,5,May,Q2,2026-05-01,United Kingdom,USD,Enterprise Applications,Crestview Health,Healthcare,Fixed Price,"8,76,578","8,19,956","8,36,833","5,62,337","5,83,648","5,78,292","3,14,241","2,36,308","2,58,541",35.8%,28.8%,30.9%,"(56,622)",-6.5%,"21,311",3.8%,"(77,933)",-24.8%,12,9,75.0%,
REV-00679,2026,5,May,Q2,2026-05-01,United Kingdom,USD,Enterprise Applications,Delta Manufacturing,Manufacturing,Time & Material,"9,83,533","9,33,672","9,49,751","5,90,858","5,65,558","5,68,677","3,92,675","3,68,114","3,81,074",39.9%,39.4%,40.1%,"(49,861)",-5.1%,"(25,300)",-4.3%,"(24,561)",-6.3%,13,10,76.9%,
REV-00680,2026,5,May,Q2,2026-05-01,United Kingdom,USD,Enterprise Applications,Evergreen Telecom,Telecommunications,Managed Services,"10,28,085","9,61,173","9,66,086","6,43,153","6,49,122","6,42,618","3,84,932","3,12,051","3,23,468",37.4%,32.5%,33.5%,"(66,912)",-6.5%,"5,969",0.9%,"(72,881)",-18.9%,15,12,80.0%,
REV-00681,2026,5,May,Q2,2026-05-01,United Kingdom,USD,Digital Engineering,Apex Retail Group,Retail,Time & Material,"9,67,617","9,32,759","9,30,164","5,96,808","5,99,429","5,93,897","3,70,809","3,33,330","3,36,267",38.3%,35.7%,36.2%,"(34,858)",-3.6%,"2,621",0.4%,"(37,479)",-10.1%,13,10,76.9%,
REV-00682,2026,5,May,Q2,2026-05-01,United Kingdom,USD,Digital Engineering,BlueRiver Bank,Banking,Managed Services,"11,27,700","12,00,586","11,78,580","7,07,729","7,25,186","7,35,418","4,19,971","4,75,400","4,43,162",37.2%,39.6%,37.6%,"72,886",6.5%,"17,457",2.5%,"55,429",13.2%,16,13,81.3%,
REV-00683,2026,5,May,Q2,2026-05-01,United Kingdom,USD,Digital Engineering,Crestview Health,Healthcare,Fixed Price,"9,06,388","9,00,519","8,85,612","5,74,126","5,76,631","5,74,326","3,32,262","3,23,888","3,11,286",36.7%,36.0%,35.1%,"(5,869)",-0.6%,"2,505",0.4%,"(8,374)",-2.5%,12,10,83.3%,
REV-00684,2026,5,May,Q2,2026-05-01,United Kingdom,USD,Digital Engineering,Delta Manufacturing,Manufacturing,Time & Material,"10,00,416","9,21,443","9,00,865","6,06,613","6,34,704","6,33,658","3,93,803","2,86,739","2,67,207",39.4%,31.1%,29.7%,"(78,973)",-7.9%,"28,091",4.6%,"(1,07,064)",-27.2%,13,10,76.9%,
REV-00685,2026,5,May,Q2,2026-05-01,United Kingdom,USD,Digital Engineering,Evergreen Telecom,Telecommunications,Managed Services,"10,86,811","10,71,256","10,46,797","6,67,732","6,61,066","6,57,041","4,19,079","4,10,190","3,89,756",38.6%,38.3%,37.2%,"(15,555)",-1.4%,"(6,666)",-1.0%,"(8,889)",-2.1%,16,13,81.3%,
REV-00686,2026,5,May,Q2,2026-05-01,United Kingdom,USD,Managed Services,Apex Retail Group,Retail,Time & Material,"8,01,668","8,70,172","8,52,312","5,34,432","5,42,820","5,45,103","2,67,236","3,27,352","3,07,209",33.3%,37.6%,36.0%,"68,504",8.5%,"8,388",1.6%,"60,116",22.5%,12,10,83.3%,
REV-00687,2026,5,May,Q2,2026-05-01,United Kingdom,USD,Managed Services,BlueRiver Bank,Banking,Managed Services,"9,20,019","9,82,214","10,02,727","6,12,365","5,87,608","5,90,917","3,07,654","3,94,606","4,11,810",33.4%,40.2%,41.1%,"62,195",6.8%,"(24,757)",-4.0%,"86,952",28.3%,14,12,85.7%,
REV-00688,2026,5,May,Q2,2026-05-01,United Kingdom,USD,Managed Services,Crestview Health,Healthcare,Fixed Price,"7,20,872","6,48,447","6,46,994","4,95,474","5,03,274","5,00,045","2,25,398","1,45,173","1,46,949",31.3%,22.4%,22.7%,"(72,425)",-10.0%,"7,800",1.6%,"(80,225)",-35.6%,9,7,77.8%,
REV-00689,2026,5,May,Q2,2026-05-01,United Kingdom,USD,Managed Services,Delta Manufacturing,Manufacturing,Time & Material,"8,55,045","9,29,303","9,08,607","5,58,109","5,66,080","5,67,199","2,96,936","3,63,223","3,41,408",34.7%,39.1%,37.6%,"74,258",8.7%,"7,971",1.4%,"66,287",22.3%,11,9,81.8%,
REV-00690,2026,5,May,Q2,2026-05-01,United Kingdom,USD,Managed Services,Evergreen Telecom,Telecommunications,Managed Services,"8,83,443","8,18,806","8,07,291","5,95,466","6,05,831","6,07,104","2,87,977","2,12,975","2,00,187",32.6%,26.0%,24.8%,"(64,637)",-7.3%,"10,365",1.7%,"(75,002)",-26.0%,13,10,76.9%,
REV-00691,2026,5,May,Q2,2026-05-01,Germany,USD,Cloud Services,Apex Retail Group,Retail,Time & Material,"10,30,073","10,89,924","11,05,170","6,32,844","6,11,664","6,15,635","3,97,229","4,78,260","4,89,535",38.6%,43.9%,44.3%,"59,851",5.8%,"(21,180)",-3.3%,"81,031",20.4%,16,14,87.5%,
REV-00692,2026,5,May,Q2,2026-05-01,Germany,USD,Cloud Services,BlueRiver Bank,Banking,Managed Services,"12,15,810","13,00,545","13,15,843","7,57,293","7,23,073","7,18,539","4,58,517","5,77,472","5,97,304",37.7%,44.4%,45.4%,"84,735",7.0%,"(34,220)",-4.5%,"1,18,955",25.9%,18,15,83.3%,
REV-00693,2026,5,May,Q2,2026-05-01,Germany,USD,Cloud Services,Crestview Health,Healthcare,Fixed Price,"9,20,667","9,62,498","9,47,816","5,86,614","5,69,616","5,69,531","3,34,053","3,92,882","3,78,285",36.3%,40.8%,39.9%,"41,831",4.5%,"(16,998)",-2.9%,"58,829",17.6%,14,11,78.6%,
REV-00694,2026,5,May,Q2,2026-05-01,Germany,USD,Cloud Services,Delta Manufacturing,Manufacturing,Time & Material,"10,57,741","11,23,134","11,02,951","6,34,050","6,08,682","6,05,437","4,23,691","5,14,452","4,97,514",40.1%,45.8%,45.1%,"65,393",6.2%,"(25,368)",-4.0%,"90,761",21.4%,14,12,85.7%,
REV-00695,2026,5,May,Q2,2026-05-01,Germany,USD,Cloud Services,Evergreen Telecom,Telecommunications,Managed Services,"11,72,179","10,55,200","10,79,100","7,35,552","7,44,902","7,38,900","4,36,627","3,10,298","3,40,200",37.2%,29.4%,31.5%,"(1,16,979)",-10.0%,"9,350",1.3%,"(1,26,329)",-28.9%,16,13,81.3%,
REV-00696,2026,5,May,Q2,2026-05-01,Germany,USD,Data & Analytics,Apex Retail Group,Retail,Time & Material,"9,81,658","10,07,720","10,28,282","6,15,827","5,89,301","5,96,904","3,65,831","4,18,419","4,31,378",37.3%,41.5%,42.0%,"26,062",2.7%,"(26,526)",-4.3%,"52,588",14.4%,15,12,80.0%,
REV-00697,2026,5,May,Q2,2026-05-01,Germany,USD,Data & Analytics,BlueRiver Bank,Banking,Managed Services,"11,57,438","10,47,018","10,25,882","7,10,080","7,30,906","7,37,517","4,47,358","3,16,112","2,88,365",38.7%,30.2%,28.1%,"(1,10,420)",-9.5%,"20,826",2.9%,"(1,31,246)",-29.3%,17,13,76.5%,
REV-00698,2026,5,May,Q2,2026-05-01,Germany,USD,Data & Analytics,Crestview Health,Healthcare,Fixed Price,"8,71,115","9,15,242","9,13,762","5,52,372","5,42,351","5,44,484","3,18,743","3,72,891","3,69,278",36.6%,40.7%,40.4%,"44,127",5.1%,"(10,021)",-1.8%,"54,148",17.0%,11,9,81.8%,
REV-00699,2026,5,May,Q2,2026-05-01,Germany,USD,Data & Analytics,Delta Manufacturing,Manufacturing,Time & Material,"10,07,645","10,18,532","10,41,780","6,24,553","6,05,468","6,12,868","3,83,092","4,13,064","4,28,912",38.0%,40.6%,41.2%,"10,887",1.1%,"(19,085)",-3.1%,"29,972",7.8%,15,12,80.0%,
REV-00700,2026,5,May,Q2,2026-05-01,Germany,USD,Data & Analytics,Evergreen Telecom,Telecommunications,Managed Services,"10,79,729","11,16,284","11,37,914","6,55,122","6,54,323","6,48,723","4,24,607","4,61,961","4,89,191",39.3%,41.4%,43.0%,"36,555",3.4%,(799),-0.1%,"37,354",8.8%,16,13,81.3%,
REV-00701,2026,5,May,Q2,2026-05-01,Germany,USD,Cybersecurity,Apex Retail Group,Retail,Time & Material,"9,77,166","9,63,266","9,44,871","6,08,805","6,26,050","6,25,061","3,68,361","3,37,216","3,19,810",37.7%,35.0%,33.8%,"(13,900)",-1.4%,"17,245",2.8%,"(31,145)",-8.5%,15,12,80.0%,
REV-00702,2026,5,May,Q2,2026-05-01,Germany,USD,Cybersecurity,BlueRiver Bank,Banking,Managed Services,"10,68,118","10,93,637","11,00,103","6,54,419","6,25,305","6,23,690","4,13,699","4,68,332","4,76,413",38.7%,42.8%,43.3%,"25,519",2.4%,"(29,114)",-4.4%,"54,633",13.2%,14,12,85.7%,
REV-00703,2026,5,May,Q2,2026-05-01,Germany,USD,Cybersecurity,Crestview Health,Healthcare,Fixed Price,"8,76,293","9,12,798","9,10,204","5,73,448","5,80,399","5,73,888","3,02,845","3,32,399","3,36,316",34.6%,36.4%,36.9%,"36,505",4.2%,"6,951",1.2%,"29,554",9.8%,12,10,83.3%,
REV-00704,2026,5,May,Q2,2026-05-01,Germany,USD,Cybersecurity,Delta Manufacturing,Manufacturing,Time & Material,"10,09,119","9,96,260","9,86,269","6,05,027","6,06,831","6,13,819","4,04,092","3,89,429","3,72,450",40.0%,39.1%,37.8%,"(12,859)",-1.3%,"1,804",0.3%,"(14,663)",-3.6%,15,13,86.7%,
REV-00705,2026,5,May,Q2,2026-05-01,Germany,USD,Cybersecurity,Evergreen Telecom,Telecommunications,Managed Services,"10,81,923","11,48,805","11,29,265","6,66,558","6,79,885","6,77,053","4,15,365","4,68,920","4,52,212",38.4%,40.8%,40.0%,"66,882",6.2%,"13,327",2.0%,"53,555",12.9%,15,13,86.7%,
REV-00706,2026,5,May,Q2,2026-05-01,Germany,USD,Enterprise Applications,Apex Retail Group,Retail,Time & Material,"9,02,625","9,61,784","9,67,979","5,59,076","5,66,357","5,71,559","3,43,549","3,95,427","3,96,420",38.1%,41.1%,41.0%,"59,159",6.6%,"7,281",1.3%,"51,878",15.1%,14,12,85.7%,
REV-00707,2026,5,May,Q2,2026-05-01,Germany,USD,Enterprise Applications,BlueRiver Bank,Banking,Managed Services,"10,20,581","9,61,898","9,38,438","6,38,334","6,79,682","6,78,870","3,82,247","2,82,216","2,59,568",37.5%,29.3%,27.7%,"(58,683)",-5.7%,"41,348",6.5%,"(1,00,031)",-26.2%,16,13,81.3%,
REV-00708,2026,5,May,Q2,2026-05-01,Germany,USD,Enterprise Applications,Crestview Health,Healthcare,Fixed Price,"8,02,441","8,48,507","8,39,767","5,20,299","5,40,061","5,40,343","2,82,142","3,08,446","2,99,424",35.2%,36.4%,35.7%,"46,066",5.7%,"19,762",3.8%,"26,304",9.3%,11,10,90.9%,
REV-00709,2026,5,May,Q2,2026-05-01,Germany,USD,Enterprise Applications,Delta Manufacturing,Manufacturing,Time & Material,"9,08,904","9,09,014","9,07,813","5,46,161","5,37,558","5,33,981","3,62,743","3,71,456","3,73,832",39.9%,40.9%,41.2%,110,0.0%,"(8,603)",-1.6%,"8,713",2.4%,14,11,78.6%,
REV-00710,2026,5,May,Q2,2026-05-01,Germany,USD,Enterprise Applications,Evergreen Telecom,Telecommunications,Managed Services,"9,92,936","10,09,006","10,32,539","6,08,119","6,10,249","6,05,967","3,84,817","3,98,757","4,26,572",38.8%,39.5%,41.3%,"16,070",1.6%,"2,130",0.4%,"13,940",3.6%,13,11,84.6%,
REV-00711,2026,5,May,Q2,2026-05-01,Germany,USD,Digital Engineering,Apex Retail Group,Retail,Time & Material,"9,28,606","9,04,618","8,82,980","5,76,883","5,74,365","5,69,519","3,51,723","3,30,253","3,13,461",37.9%,36.5%,35.5%,"(23,988)",-2.6%,"(2,518)",-0.4%,"(21,470)",-6.1%,13,10,76.9%,
REV-00712,2026,5,May,Q2,2026-05-01,Germany,USD,Digital Engineering,BlueRiver Bank,Banking,Managed Services,"10,92,099","11,71,926","11,63,626","6,54,825","6,82,919","6,79,126","4,37,274","4,89,007","4,84,500",40.0%,41.7%,41.6%,"79,827",7.3%,"28,094",4.3%,"51,733",11.8%,15,13,86.7%,
REV-00713,2026,5,May,Q2,2026-05-01,Germany,USD,Digital Engineering,Crestview Health,Healthcare,Fixed Price,"8,52,250","8,40,101","8,39,108","5,36,869","5,48,882","5,54,638","3,15,381","2,91,219","2,84,470",37.0%,34.7%,33.9%,"(12,149)",-1.4%,"12,013",2.2%,"(24,162)",-7.7%,12,9,75.0%,
REV-00714,2026,5,May,Q2,2026-05-01,Germany,USD,Digital Engineering,Delta Manufacturing,Manufacturing,Time & Material,"9,59,202","8,69,132","8,62,243","6,00,115","6,12,778","6,08,609","3,59,087","2,56,354","2,53,634",37.4%,29.5%,29.4%,"(90,070)",-9.4%,"12,663",2.1%,"(1,02,733)",-28.6%,14,11,78.6%,
REV-00715,2026,5,May,Q2,2026-05-01,Germany,USD,Digital Engineering,Evergreen Telecom,Telecommunications,Managed Services,"10,49,828","11,46,124","11,40,430","6,57,475","6,11,295","6,05,166","3,92,353","5,34,829","5,35,264",37.4%,46.7%,46.9%,"96,296",9.2%,"(46,180)",-7.0%,"1,42,476",36.3%,16,14,87.5%,
REV-00716,2026,5,May,Q2,2026-05-01,Germany,USD,Managed Services,Apex Retail Group,Retail,Time & Material,"7,42,174","7,08,308","6,95,171","4,98,820","5,07,442","5,11,727","2,43,354","2,00,866","1,83,444",32.8%,28.4%,26.4%,"(33,866)",-4.6%,"8,622",1.7%,"(42,488)",-17.5%,12,10,83.3%,
REV-00717,2026,5,May,Q2,2026-05-01,Germany,USD,Managed Services,BlueRiver Bank,Banking,Managed Services,"9,10,974","8,24,014","8,26,602","5,98,069","6,33,888","6,35,723","3,12,905","1,90,126","1,90,879",34.3%,23.1%,23.1%,"(86,960)",-9.5%,"35,819",6.0%,"(1,22,779)",-39.2%,12,9,75.0%,
REV-00718,2026,5,May,Q2,2026-05-01,Germany,USD,Managed Services,Crestview Health,Healthcare,Fixed Price,"7,03,126","6,80,897","6,81,572","4,82,301","4,85,508","4,84,851","2,20,825","1,95,389","1,96,721",31.4%,28.7%,28.9%,"(22,229)",-3.2%,"3,207",0.7%,"(25,436)",-11.5%,11,9,81.8%,
REV-00719,2026,5,May,Q2,2026-05-01,Germany,USD,Managed Services,Delta Manufacturing,Manufacturing,Time & Material,"7,78,982","7,45,947","7,44,543","5,12,332","5,32,138","5,36,763","2,66,650","2,13,809","2,07,780",34.2%,28.7%,27.9%,"(33,035)",-4.2%,"19,806",3.9%,"(52,841)",-19.8%,11,9,81.8%,
REV-00720,2026,5,May,Q2,2026-05-01,Germany,USD,Managed Services,Evergreen Telecom,Telecommunications,Managed Services,"8,45,474","7,91,078","7,79,394","5,63,281","5,62,235","5,57,267","2,82,193","2,28,843","2,22,127",33.4%,28.9%,28.5%,"(54,396)",-6.4%,"(1,046)",-0.2%,"(53,350)",-18.9%,13,10,76.9%,
REV-00721,2026,5,May,Q2,2026-05-01,Singapore,USD,Cloud Services,Apex Retail Group,Retail,Time & Material,"9,80,163","9,66,714","9,86,899","6,08,466","5,70,699","5,73,739","3,71,697","3,96,015","4,13,160",37.9%,41.0%,41.9%,"(13,449)",-1.4%,"(37,767)",-6.2%,"24,318",6.5%,15,12,80.0%,
REV-00722,2026,5,May,Q2,2026-05-01,Singapore,USD,Cloud Services,BlueRiver Bank,Banking,Managed Services,"11,89,570","12,15,849","11,93,694","7,41,029","7,33,522","7,35,313","4,48,541","4,82,327","4,58,381",37.7%,39.7%,38.4%,"26,279",2.2%,"(7,507)",-1.0%,"33,786",7.5%,19,15,78.9%,
REV-00723,2026,5,May,Q2,2026-05-01,Singapore,USD,Cloud Services,Crestview Health,Healthcare,Fixed Price,"8,88,802","8,92,949","9,02,599","5,65,821","5,56,447","5,62,286","3,22,981","3,36,502","3,40,313",36.3%,37.7%,37.7%,"4,147",0.5%,"(9,374)",-1.7%,"13,521",4.2%,12,10,83.3%,
REV-00724,2026,5,May,Q2,2026-05-01,Singapore,USD,Cloud Services,Delta Manufacturing,Manufacturing,Time & Material,"10,26,899","9,74,442","9,96,748","6,45,269","6,18,407","6,24,820","3,81,630","3,56,035","3,71,928",37.2%,36.5%,37.3%,"(52,457)",-5.1%,"(26,862)",-4.2%,"(25,595)",-6.7%,16,12,75.0%,
REV-00725,2026,5,May,Q2,2026-05-01,Singapore,USD,Cloud Services,Evergreen Telecom,Telecommunications,Managed Services,"11,12,499","10,87,763","10,78,400","6,72,332","7,04,983","7,03,814","4,40,167","3,82,780","3,74,586",39.6%,35.2%,34.7%,"(24,736)",-2.2%,"32,651",4.9%,"(57,387)",-13.0%,16,13,81.3%,
REV-00726,2026,5,May,Q2,2026-05-01,Singapore,USD,Data & Analytics,Apex Retail Group,Retail,Time & Material,"9,25,708","8,38,076","8,38,224","5,78,139","5,77,037","5,76,496","3,47,569","2,61,039","2,61,728",37.5%,31.1%,31.2%,"(87,632)",-9.5%,"(1,102)",-0.2%,"(86,530)",-24.9%,13,10,76.9%,
REV-00727,2026,5,May,Q2,2026-05-01,Singapore,USD,Data & Analytics,BlueRiver Bank,Banking,Managed Services,"10,98,611","10,76,032","10,85,723","6,62,528","6,64,886","6,74,514","4,36,083","4,11,146","4,11,209",39.7%,38.2%,37.9%,"(22,579)",-2.1%,"2,358",0.4%,"(24,937)",-5.7%,15,12,80.0%,
REV-00728,2026,5,May,Q2,2026-05-01,Singapore,USD,Data & Analytics,Crestview Health,Healthcare,Fixed Price,"8,89,453","9,39,895","9,32,777","5,76,905","5,72,823","5,71,380","3,12,548","3,67,072","3,61,397",35.1%,39.1%,38.7%,"50,442",5.7%,"(4,082)",-0.7%,"54,524",17.4%,13,11,84.6%,
REV-00729,2026,5,May,Q2,2026-05-01,Singapore,USD,Data & Analytics,Delta Manufacturing,Manufacturing,Time & Material,"9,79,968","9,76,024","10,00,221","6,06,415","6,11,264","6,07,257","3,73,553","3,64,760","3,92,964",38.1%,37.4%,39.3%,"(3,944)",-0.4%,"4,849",0.8%,"(8,793)",-2.4%,14,11,78.6%,
REV-00730,2026,5,May,Q2,2026-05-01,Singapore,USD,Data & Analytics,Evergreen Telecom,Telecommunications,Managed Services,"10,20,458","9,27,019","9,23,849","6,36,462","5,96,930","6,00,348","3,83,996","3,30,089","3,23,501",37.6%,35.6%,35.0%,"(93,439)",-9.2%,"(39,532)",-6.2%,"(53,907)",-14.0%,17,13,76.5%,
REV-00731,2026,5,May,Q2,2026-05-01,Singapore,USD,Cybersecurity,Apex Retail Group,Retail,Time & Material,"9,25,929","9,30,713","9,39,728","5,81,724","6,06,559","6,09,845","3,44,205","3,24,154","3,29,883",37.2%,34.8%,35.1%,"4,784",0.5%,"24,835",4.3%,"(20,051)",-5.8%,15,12,80.0%,
REV-00732,2026,5,May,Q2,2026-05-01,Singapore,USD,Cybersecurity,BlueRiver Bank,Banking,Managed Services,"10,58,371","11,06,403","11,19,456","6,41,428","6,46,890","6,46,031","4,16,943","4,59,513","4,73,425",39.4%,41.5%,42.3%,"48,032",4.5%,"5,462",0.9%,"42,570",10.2%,17,14,82.4%,
REV-00733,2026,5,May,Q2,2026-05-01,Singapore,USD,Cybersecurity,Crestview Health,Healthcare,Fixed Price,"8,36,174","7,61,901","7,56,236","5,39,831","5,58,447","5,58,217","2,96,343","2,03,454","1,98,019",35.4%,26.7%,26.2%,"(74,273)",-8.9%,"18,616",3.4%,"(92,889)",-31.3%,11,9,81.8%,
REV-00734,2026,5,May,Q2,2026-05-01,Singapore,USD,Cybersecurity,Delta Manufacturing,Manufacturing,Time & Material,"9,77,568","9,25,785","9,04,188","6,01,838","5,84,762","5,78,848","3,75,730","3,41,023","3,25,340",38.4%,36.8%,36.0%,"(51,783)",-5.3%,"(17,076)",-2.8%,"(34,707)",-9.2%,15,11,73.3%,
REV-00735,2026,5,May,Q2,2026-05-01,Singapore,USD,Cybersecurity,Evergreen Telecom,Telecommunications,Managed Services,"9,96,704","9,61,725","9,72,793","6,05,558","6,17,648","6,13,926","3,91,146","3,44,077","3,58,867",39.2%,35.8%,36.9%,"(34,979)",-3.5%,"12,090",2.0%,"(47,069)",-12.0%,14,11,78.6%,
REV-00736,2026,5,May,Q2,2026-05-01,Singapore,USD,Enterprise Applications,Apex Retail Group,Retail,Time & Material,"8,52,531","9,10,635","9,19,340","5,31,499","5,19,791","5,17,936","3,21,032","3,90,844","4,01,404",37.7%,42.9%,43.7%,"58,104",6.8%,"(11,708)",-2.2%,"69,812",21.7%,13,11,84.6%,
REV-00737,2026,5,May,Q2,2026-05-01,Singapore,USD,Enterprise Applications,BlueRiver Bank,Banking,Managed Services,"10,04,120","9,94,124","10,12,218","6,30,624","6,48,373","6,54,583","3,73,496","3,45,751","3,57,635",37.2%,34.8%,35.3%,"(9,996)",-1.0%,"17,749",2.8%,"(27,745)",-7.4%,16,12,75.0%,
REV-00738,2026,5,May,Q2,2026-05-01,Singapore,USD,Enterprise Applications,Crestview Health,Healthcare,Fixed Price,"7,92,391","7,88,591","7,90,198","5,17,183","5,28,169","5,27,759","2,75,208","2,60,422","2,62,439",34.7%,33.0%,33.2%,"(3,800)",-0.5%,"10,986",2.1%,"(14,786)",-5.4%,12,10,83.3%,
REV-00739,2026,5,May,Q2,2026-05-01,Singapore,USD,Enterprise Applications,Delta Manufacturing,Manufacturing,Time & Material,"8,96,380","8,37,870","8,25,677","5,59,066","5,45,344","5,47,115","3,37,314","2,92,526","2,78,562",37.6%,34.9%,33.7%,"(58,510)",-6.5%,"(13,722)",-2.5%,"(44,788)",-13.3%,15,12,80.0%,
REV-00740,2026,5,May,Q2,2026-05-01,Singapore,USD,Enterprise Applications,Evergreen Telecom,Telecommunications,Managed Services,"9,28,421","9,54,655","9,69,441","5,80,506","5,87,526","5,95,036","3,47,915","3,67,129","3,74,405",37.5%,38.5%,38.6%,"26,234",2.8%,"7,020",1.2%,"19,214",5.5%,15,13,86.7%,
REV-00741,2026,5,May,Q2,2026-05-01,Singapore,USD,Digital Engineering,Apex Retail Group,Retail,Time & Material,"9,01,551","9,63,586","9,80,757","5,55,456","5,49,196","5,53,330","3,46,095","4,14,390","4,27,427",38.4%,43.0%,43.6%,"62,035",6.9%,"(6,260)",-1.1%,"68,295",19.7%,14,12,85.7%,
REV-00742,2026,5,May,Q2,2026-05-01,Singapore,USD,Digital Engineering,BlueRiver Bank,Banking,Managed Services,"10,51,085","11,54,743","11,32,573","6,43,514","6,73,841","6,75,925","4,07,571","4,80,902","4,56,648",38.8%,41.6%,40.3%,"1,03,658",9.9%,"30,327",4.7%,"73,331",18.0%,17,15,88.2%,
REV-00743,2026,5,May,Q2,2026-05-01,Singapore,USD,Digital Engineering,Crestview Health,Healthcare,Fixed Price,"8,07,731","7,97,065","8,09,357","5,05,678","4,76,877","4,72,549","3,02,053","3,20,188","3,36,808",37.4%,40.2%,41.6%,"(10,666)",-1.3%,"(28,801)",-5.7%,"18,135",6.0%,11,9,81.8%,
REV-00744,2026,5,May,Q2,2026-05-01,Singapore,USD,Digital Engineering,Delta Manufacturing,Manufacturing,Time & Material,"9,62,799","9,74,407","9,75,584","5,81,074","5,54,439","5,54,385","3,81,725","4,19,968","4,21,199",39.6%,43.1%,43.2%,"11,608",1.2%,"(26,635)",-4.6%,"38,243",10.0%,16,13,81.3%,
REV-00745,2026,5,May,Q2,2026-05-01,Singapore,USD,Digital Engineering,Evergreen Telecom,Telecommunications,Managed Services,"9,64,120","9,50,966","9,42,206","6,03,114","6,10,059","6,08,040","3,61,006","3,40,907","3,34,166",37.4%,35.8%,35.5%,"(13,154)",-1.4%,"6,945",1.2%,"(20,099)",-5.6%,15,12,80.0%,
REV-00746,2026,5,May,Q2,2026-05-01,Singapore,USD,Managed Services,Apex Retail Group,Retail,Time & Material,"7,29,049","7,05,451","7,11,264","4,92,521","4,62,562","4,59,662","2,36,528","2,42,889","2,51,602",32.4%,34.4%,35.4%,"(23,598)",-3.2%,"(29,959)",-6.1%,"6,361",2.7%,11,8,72.7%,
REV-00747,2026,5,May,Q2,2026-05-01,Singapore,USD,Managed Services,BlueRiver Bank,Banking,Managed Services,"8,24,460","8,18,279","8,09,201","5,41,073","5,21,460","5,19,625","2,83,387","2,96,819","2,89,576",34.4%,36.3%,35.8%,"(6,181)",-0.7%,"(19,613)",-3.6%,"13,432",4.7%,12,10,83.3%,
REV-00748,2026,5,May,Q2,2026-05-01,Singapore,USD,Managed Services,Crestview Health,Healthcare,Fixed Price,"6,87,623","7,51,009","7,66,638","4,73,436","4,57,464","4,57,558","2,14,187","2,93,545","3,09,080",31.1%,39.1%,40.3%,"63,386",9.2%,"(15,972)",-3.4%,"79,358",37.1%,10,8,80.0%,
REV-00749,2026,5,May,Q2,2026-05-01,Singapore,USD,Managed Services,Delta Manufacturing,Manufacturing,Time & Material,"7,65,089","7,78,375","7,86,434","5,22,103","5,10,993","5,12,871","2,42,986","2,67,382","2,73,563",31.8%,34.4%,34.8%,"13,286",1.7%,"(11,110)",-2.1%,"24,396",10.0%,11,9,81.8%,
REV-00750,2026,5,May,Q2,2026-05-01,Singapore,USD,Managed Services,Evergreen Telecom,Telecommunications,Managed Services,"8,34,224","8,67,941","8,74,380","5,46,769","5,35,716","5,37,064","2,87,455","3,32,225","3,37,316",34.5%,38.3%,38.6%,"33,717",4.0%,"(11,053)",-2.0%,"44,770",15.6%,12,10,83.3%,
REV-00751,2026,6,Jun,Q2,2026-06-01,India,USD,Cloud Services,Apex Retail Group,Retail,Time & Material,"7,65,440","8,07,998","7,97,956","4,79,176","4,62,323","4,59,890","2,86,264","3,45,675","3,38,066",37.4%,42.8%,42.4%,"42,558",5.6%,"(16,853)",-3.5%,"59,411",20.8%,14,11,78.6%,
REV-00752,2026,6,Jun,Q2,2026-06-01,India,USD,Cloud Services,BlueRiver Bank,Banking,Managed Services,"9,05,157","8,33,325","8,34,563","5,60,461","5,65,860","5,61,338","3,44,696","2,67,465","2,73,225",38.1%,32.1%,32.7%,"(71,832)",-7.9%,"5,399",1.0%,"(77,231)",-22.4%,17,14,82.4%,
REV-00753,2026,6,Jun,Q2,2026-06-01,India,USD,Cloud Services,Crestview Health,Healthcare,Fixed Price,"7,21,114","7,53,875","7,64,627","4,49,034","4,56,709","4,62,596","2,72,080","2,97,166","3,02,031",37.7%,39.4%,39.5%,"32,761",4.5%,"7,675",1.7%,"25,086",9.2%,13,11,84.6%,
REV-00754,2026,6,Jun,Q2,2026-06-01,India,USD,Cloud Services,Delta Manufacturing,Manufacturing,Time & Material,"8,04,504","8,25,503","8,41,854","4,88,621","5,02,702","5,00,002","3,15,883","3,22,801","3,41,852",39.3%,39.1%,40.6%,"20,999",2.6%,"14,081",2.9%,"6,918",2.2%,17,14,82.4%,
REV-00755,2026,6,Jun,Q2,2026-06-01,India,USD,Cloud Services,Evergreen Telecom,Telecommunications,Managed Services,"8,58,788","7,68,881","7,51,891","5,37,807","5,83,650","5,86,540","3,20,981","1,85,231","1,65,351",37.4%,24.1%,22.0%,"(89,907)",-10.5%,"45,843",8.5%,"(1,35,750)",-42.3%,16,12,75.0%,
REV-00756,2026,6,Jun,Q2,2026-06-01,India,USD,Data & Analytics,Apex Retail Group,Retail,Time & Material,"7,35,008","7,36,448","7,24,770","4,47,405","4,57,920","4,59,297","2,87,603","2,78,528","2,65,473",39.1%,37.8%,36.6%,"1,440",0.2%,"10,515",2.4%,"(9,075)",-3.2%,15,12,80.0%,
REV-00757,2026,6,Jun,Q2,2026-06-01,India,USD,Data & Analytics,BlueRiver Bank,Banking,Managed Services,"8,25,518","8,22,375","8,18,585","5,00,677","5,25,331","5,27,295","3,24,841","2,97,044","2,91,290",39.3%,36.1%,35.6%,"(3,143)",-0.4%,"24,654",4.9%,"(27,797)",-8.6%,15,13,86.7%,
REV-00758,2026,6,Jun,Q2,2026-06-01,India,USD,Data & Analytics,Crestview Health,Healthcare,Fixed Price,"6,69,166","6,47,676","6,45,028","4,32,403","4,25,989","4,22,604","2,36,763","2,21,687","2,22,424",35.4%,34.2%,34.5%,"(21,490)",-3.2%,"(6,414)",-1.5%,"(15,076)",-6.4%,13,10,76.9%,
REV-00759,2026,6,Jun,Q2,2026-06-01,India,USD,Data & Analytics,Delta Manufacturing,Manufacturing,Time & Material,"7,62,507","6,93,470","6,94,732","4,75,187","4,64,570","4,69,115","2,87,320","2,28,900","2,25,617",37.7%,33.0%,32.5%,"(69,037)",-9.1%,"(10,617)",-2.2%,"(58,420)",-20.3%,15,12,80.0%,
REV-00760,2026,6,Jun,Q2,2026-06-01,India,USD,Data & Analytics,Evergreen Telecom,Telecommunications,Managed Services,"7,91,577","8,12,387","8,23,789","4,79,304","4,74,553","4,73,544","3,12,273","3,37,834","3,50,245",39.4%,41.6%,42.5%,"20,810",2.6%,"(4,751)",-1.0%,"25,561",8.2%,14,12,85.7%,
REV-00761,2026,6,Jun,Q2,2026-06-01,India,USD,Cybersecurity,Apex Retail Group,Retail,Time & Material,"6,85,948","7,27,414","7,21,861","4,15,455","4,12,323","4,11,980","2,70,493","3,15,091","3,09,881",39.4%,43.3%,42.9%,"41,466",6.0%,"(3,132)",-0.8%,"44,598",16.5%,13,10,76.9%,
REV-00762,2026,6,Jun,Q2,2026-06-01,India,USD,Cybersecurity,BlueRiver Bank,Banking,Managed Services,"8,33,485","8,71,959","8,59,657","5,08,339","5,51,189","5,55,053","3,25,146","3,20,770","3,04,604",39.0%,36.8%,35.4%,"38,474",4.6%,"42,850",8.4%,"(4,376)",-1.3%,16,13,81.3%,
REV-00763,2026,6,Jun,Q2,2026-06-01,India,USD,Cybersecurity,Crestview Health,Healthcare,Fixed Price,"6,59,830","6,12,067","6,22,663","4,30,152","4,44,759","4,48,688","2,29,678","1,67,308","1,73,975",34.8%,27.3%,27.9%,"(47,763)",-7.2%,"14,607",3.4%,"(62,370)",-27.2%,12,10,83.3%,
REV-00764,2026,6,Jun,Q2,2026-06-01,India,USD,Cybersecurity,Delta Manufacturing,Manufacturing,Time & Material,"7,35,388","6,85,784","6,73,023","4,49,991","4,48,469","4,52,532","2,85,397","2,37,315","2,20,491",38.8%,34.6%,32.8%,"(49,604)",-6.7%,"(1,522)",-0.3%,"(48,082)",-16.8%,15,12,80.0%,
REV-00765,2026,6,Jun,Q2,2026-06-01,India,USD,Cybersecurity,Evergreen Telecom,Telecommunications,Managed Services,"7,60,857","8,19,672","8,03,435","4,65,029","4,70,534","4,72,232","2,95,828","3,49,138","3,31,203",38.9%,42.6%,41.2%,"58,815",7.7%,"5,505",1.2%,"53,310",18.0%,16,14,87.5%,
REV-00766,2026,6,Jun,Q2,2026-06-01,India,USD,Enterprise Applications,Apex Retail Group,Retail,Time & Material,"6,43,991","6,19,291","6,07,026","3,86,862","3,87,843","3,89,170","2,57,129","2,31,448","2,17,856",39.9%,37.4%,35.9%,"(24,700)",-3.8%,981,0.3%,"(25,681)",-10.0%,13,11,84.6%,
REV-00767,2026,6,Jun,Q2,2026-06-01,India,USD,Enterprise Applications,BlueRiver Bank,Banking,Managed Services,"7,62,299","8,11,221","8,02,342","4,74,949","5,12,020","5,11,126","2,87,350","2,99,201","2,91,216",37.7%,36.9%,36.3%,"48,922",6.4%,"37,071",7.8%,"11,851",4.1%,15,13,86.7%,
REV-00768,2026,6,Jun,Q2,2026-06-01,India,USD,Enterprise Applications,Crestview Health,Healthcare,Fixed Price,"6,01,588","5,54,383","5,61,054","3,89,731","3,87,950","3,87,947","2,11,857","1,66,433","1,73,107",35.2%,30.0%,30.9%,"(47,205)",-7.8%,"(1,781)",-0.5%,"(45,424)",-21.4%,11,9,81.8%,
REV-00769,2026,6,Jun,Q2,2026-06-01,India,USD,Enterprise Applications,Delta Manufacturing,Manufacturing,Time & Material,"6,90,576","6,67,960","6,75,221","4,30,573","4,34,039","4,38,415","2,60,003","2,33,921","2,36,806",37.7%,35.0%,35.1%,"(22,616)",-3.3%,"3,466",0.8%,"(26,082)",-10.0%,14,11,78.6%,
REV-00770,2026,6,Jun,Q2,2026-06-01,India,USD,Enterprise Applications,Evergreen Telecom,Telecommunications,Managed Services,"7,27,689","7,26,602","7,26,729","4,41,346","4,38,284","4,35,848","2,86,343","2,88,318","2,90,881",39.3%,39.7%,40.0%,"(1,087)",-0.1%,"(3,062)",-0.7%,"1,975",0.7%,15,12,80.0%,
REV-00771,2026,6,Jun,Q2,2026-06-01,India,USD,Digital Engineering,Apex Retail Group,Retail,Time & Material,"6,93,837","7,64,290","7,48,270","4,32,566","4,20,446","4,19,805","2,61,271","3,43,844","3,28,465",37.7%,45.0%,43.9%,"70,453",10.2%,"(12,120)",-2.8%,"82,573",31.6%,13,11,84.6%,
REV-00772,2026,6,Jun,Q2,2026-06-01,India,USD,Digital Engineering,BlueRiver Bank,Banking,Managed Services,"8,10,949","8,50,733","8,57,541","4,96,155","4,82,842","4,87,734","3,14,794","3,67,891","3,69,807",38.8%,43.2%,43.1%,"39,784",4.9%,"(13,313)",-2.7%,"53,097",16.9%,16,14,87.5%,
REV-00773,2026,6,Jun,Q2,2026-06-01,India,USD,Digital Engineering,Crestview Health,Healthcare,Fixed Price,"6,33,348","6,05,071","6,07,515","4,05,126","4,08,646","4,13,283","2,28,222","1,96,425","1,94,232",36.0%,32.5%,32.0%,"(28,277)",-4.5%,"3,520",0.9%,"(31,797)",-13.9%,12,9,75.0%,
REV-00774,2026,6,Jun,Q2,2026-06-01,India,USD,Digital Engineering,Delta Manufacturing,Manufacturing,Time & Material,"7,44,711","7,35,385","7,27,089","4,56,080","4,40,213","4,42,207","2,88,631","2,95,172","2,84,882",38.8%,40.1%,39.2%,"(9,326)",-1.3%,"(15,867)",-3.5%,"6,541",2.3%,14,11,78.6%,
REV-00775,2026,6,Jun,Q2,2026-06-01,India,USD,Digital Engineering,Evergreen Telecom,Telecommunications,Managed Services,"7,83,611","7,23,429","7,14,167","4,85,335","4,69,345","4,70,091","2,98,276","2,54,084","2,44,076",38.1%,35.1%,34.2%,"(60,182)",-7.7%,"(15,990)",-3.3%,"(44,192)",-14.8%,15,12,80.0%,
REV-00776,2026,6,Jun,Q2,2026-06-01,India,USD,Managed Services,Apex Retail Group,Retail,Time & Material,"5,50,126","5,66,116","5,59,428","3,65,786","3,52,275","3,51,834","1,84,340","2,13,841","2,07,594",33.5%,37.8%,37.1%,"15,990",2.9%,"(13,511)",-3.7%,"29,501",16.0%,10,8,80.0%,
REV-00777,2026,6,Jun,Q2,2026-06-01,India,USD,Managed Services,BlueRiver Bank,Banking,Managed Services,"6,53,063","6,23,234","6,15,494","4,32,336","4,37,818","4,39,039","2,20,727","1,85,416","1,76,455",33.8%,29.8%,28.7%,"(29,829)",-4.6%,"5,482",1.3%,"(35,311)",-16.0%,14,11,78.6%,
REV-00778,2026,6,Jun,Q2,2026-06-01,India,USD,Managed Services,Crestview Health,Healthcare,Fixed Price,"5,37,339","5,09,931","5,10,376","3,78,553","3,73,796","3,71,961","1,58,786","1,36,135","1,38,415",29.6%,26.7%,27.1%,"(27,408)",-5.1%,"(4,757)",-1.3%,"(22,651)",-14.3%,10,8,80.0%,
REV-00779,2026,6,Jun,Q2,2026-06-01,India,USD,Managed Services,Delta Manufacturing,Manufacturing,Time & Material,"6,02,764","5,70,741","5,66,187","3,93,797","4,11,838","4,12,979","2,08,967","1,58,903","1,53,208",34.7%,27.8%,27.1%,"(32,023)",-5.3%,"18,041",4.6%,"(50,064)",-24.0%,12,10,83.3%,
REV-00780,2026,6,Jun,Q2,2026-06-01,India,USD,Managed Services,Evergreen Telecom,Telecommunications,Managed Services,"6,45,990","7,02,038","6,87,255","4,24,246","4,37,584","4,34,371","2,21,744","2,64,454","2,52,884",34.3%,37.7%,36.8%,"56,048",8.7%,"13,338",3.1%,"42,710",19.3%,14,12,85.7%,
REV-00781,2026,6,Jun,Q2,2026-06-01,United States,USD,Cloud Services,Apex Retail Group,Retail,Time & Material,"13,68,240","13,65,055","13,49,025","8,23,107","8,62,925","8,56,708","5,45,133","5,02,130","4,92,317",39.8%,36.8%,36.5%,"(3,185)",-0.2%,"39,818",4.8%,"(43,003)",-7.9%,16,13,81.3%,
REV-00782,2026,6,Jun,Q2,2026-06-01,United States,USD,Cloud Services,BlueRiver Bank,Banking,Managed Services,"15,13,876","13,56,905","13,49,392","9,42,906","9,65,365","9,68,571","5,70,970","3,91,540","3,80,821",37.7%,28.9%,28.2%,"(1,56,971)",-10.4%,"22,459",2.4%,"(1,79,430)",-31.4%,17,13,76.5%,
REV-00783,2026,6,Jun,Q2,2026-06-01,United States,USD,Cloud Services,Crestview Health,Healthcare,Fixed Price,"12,58,370","13,68,652","13,56,607","7,86,269","7,68,205","7,78,458","4,72,101","6,00,447","5,78,149",37.5%,43.9%,42.6%,"1,10,282",8.8%,"(18,064)",-2.3%,"1,28,346",27.2%,15,13,86.7%,
REV-00784,2026,6,Jun,Q2,2026-06-01,United States,USD,Cloud Services,Delta Manufacturing,Manufacturing,Time & Material,"14,02,291","12,92,543","12,98,656","8,46,814","8,89,624","9,02,420","5,55,477","4,02,919","3,96,236",39.6%,31.2%,30.5%,"(1,09,748)",-7.8%,"42,810",5.1%,"(1,52,558)",-27.5%,16,12,75.0%,
REV-00785,2026,6,Jun,Q2,2026-06-01,United States,USD,Cloud Services,Evergreen Telecom,Telecommunications,Managed Services,"14,91,545","15,55,413","15,90,148","9,21,061","9,75,451","9,76,557","5,70,484","5,79,962","6,13,591",38.2%,37.3%,38.6%,"63,868",4.3%,"54,390",5.9%,"9,478",1.7%,16,13,81.3%,
REV-00786,2026,6,Jun,Q2,2026-06-01,United States,USD,Data & Analytics,Apex Retail Group,Retail,Time & Material,"12,57,060","13,30,769","13,58,354","7,72,834","8,09,584","8,16,069","4,84,226","5,21,185","5,42,285",38.5%,39.2%,39.9%,"73,709",5.9%,"36,750",4.8%,"36,959",7.6%,14,11,78.6%,
REV-00787,2026,6,Jun,Q2,2026-06-01,United States,USD,Data & Analytics,BlueRiver Bank,Banking,Managed Services,"14,45,321","14,17,930","14,06,909","9,05,974","8,73,081","8,81,819","5,39,347","5,44,849","5,25,090",37.3%,38.4%,37.3%,"(27,391)",-1.9%,"(32,893)",-3.6%,"5,502",1.0%,18,15,83.3%,
REV-00788,2026,6,Jun,Q2,2026-06-01,United States,USD,Data & Analytics,Crestview Health,Healthcare,Fixed Price,"11,43,162","11,21,541","10,97,674","7,30,211","7,68,337","7,63,001","4,12,951","3,53,204","3,34,673",36.1%,31.5%,30.5%,"(21,621)",-1.9%,"38,126",5.2%,"(59,747)",-14.5%,12,10,83.3%,
REV-00789,2026,6,Jun,Q2,2026-06-01,United States,USD,Data & Analytics,Delta Manufacturing,Manufacturing,Time & Material,"13,08,832","12,88,195","12,70,411","8,20,439","8,49,876","8,47,226","4,88,393","4,38,319","4,23,185",37.3%,34.0%,33.3%,"(20,637)",-1.6%,"29,437",3.6%,"(50,074)",-10.3%,16,13,81.3%,
REV-00790,2026,6,Jun,Q2,2026-06-01,United States,USD,Data & Analytics,Evergreen Telecom,Telecommunications,Managed Services,"14,34,324","15,12,123","15,34,711","8,84,029","9,36,315","9,29,884","5,50,295","5,75,808","6,04,827",38.4%,38.1%,39.4%,"77,799",5.4%,"52,286",5.9%,"25,513",4.6%,16,13,81.3%,
REV-00791,2026,6,Jun,Q2,2026-06-01,United States,USD,Cybersecurity,Apex Retail Group,Retail,Time & Material,"12,38,957","12,96,272","13,00,220","7,57,517","7,77,226","7,69,567","4,81,440","5,19,046","5,30,653",38.9%,40.0%,40.8%,"57,315",4.6%,"19,709",2.6%,"37,606",7.8%,13,11,84.6%,
REV-00792,2026,6,Jun,Q2,2026-06-01,United States,USD,Cybersecurity,BlueRiver Bank,Banking,Managed Services,"14,31,942","14,35,590","14,26,163","8,70,929","8,98,632","8,90,488","5,61,013","5,36,958","5,35,675",39.2%,37.4%,37.6%,"3,648",0.3%,"27,703",3.2%,"(24,055)",-4.3%,16,14,87.5%,
REV-00793,2026,6,Jun,Q2,2026-06-01,United States,USD,Cybersecurity,Crestview Health,Healthcare,Fixed Price,"11,49,993","12,49,515","12,45,753","7,51,321","7,66,253","7,71,264","3,98,672","4,83,262","4,74,489",34.7%,38.7%,38.1%,"99,522",8.7%,"14,932",2.0%,"84,590",21.2%,12,10,83.3%,
REV-00794,2026,6,Jun,Q2,2026-06-01,United States,USD,Cybersecurity,Delta Manufacturing,Manufacturing,Time & Material,"13,10,323","12,49,525","12,33,306","8,00,007","7,57,021","7,51,769","5,10,316","4,92,504","4,81,537",38.9%,39.4%,39.0%,"(60,798)",-4.6%,"(42,986)",-5.4%,"(17,812)",-3.5%,13,10,76.9%,
REV-00795,2026,6,Jun,Q2,2026-06-01,United States,USD,Cybersecurity,Evergreen Telecom,Telecommunications,Managed Services,"13,16,955","13,55,358","13,86,064","8,10,212","8,26,530","8,23,602","5,06,743","5,28,828","5,62,462",38.5%,39.0%,40.6%,"38,403",2.9%,"16,318",2.0%,"22,085",4.4%,15,13,86.7%,
REV-00796,2026,6,Jun,Q2,2026-06-01,United States,USD,Enterprise Applications,Apex Retail Group,Retail,Time & Material,"11,89,384","12,81,695","12,96,260","7,29,157","7,23,041","7,18,586","4,60,227","5,58,654","5,77,674",38.7%,43.6%,44.6%,"92,311",7.8%,"(6,116)",-0.8%,"98,427",21.4%,14,11,78.6%,
REV-00797,2026,6,Jun,Q2,2026-06-01,United States,USD,Enterprise Applications,BlueRiver Bank,Banking,Managed Services,"13,37,248","12,67,268","12,46,022","8,06,089","8,20,686","8,23,031","5,31,159","4,46,582","4,22,991",39.7%,35.2%,33.9%,"(69,980)",-5.2%,"14,597",1.8%,"(84,577)",-15.9%,15,12,80.0%,
REV-00798,2026,6,Jun,Q2,2026-06-01,United States,USD,Enterprise Applications,Crestview Health,Healthcare,Fixed Price,"10,67,773","11,55,875","11,69,961","6,95,052","6,72,967","6,80,276","3,72,721","4,82,908","4,89,685",34.9%,41.8%,41.9%,"88,102",8.3%,"(22,085)",-3.2%,"1,10,187",29.6%,13,11,84.6%,
REV-00799,2026,6,Jun,Q2,2026-06-01,United States,USD,Enterprise Applications,Delta Manufacturing,Manufacturing,Time & Material,"12,17,893","12,97,650","12,73,968","7,29,540","7,19,869","7,14,381","4,88,353","5,77,781","5,59,587",40.1%,44.5%,43.9%,"79,757",6.5%,"(9,671)",-1.3%,"89,428",18.3%,15,12,80.0%,
REV-00800,2026,6,Jun,Q2,2026-06-01,United States,USD,Enterprise Applications,Evergreen Telecom,Telecommunications,Managed Services,"12,89,537","13,34,232","13,41,701","7,75,672","7,63,524","7,63,674","5,13,865","5,70,708","5,78,027",39.8%,42.8%,43.1%,"44,695",3.5%,"(12,148)",-1.6%,"56,843",11.1%,14,12,85.7%,
REV-00801,2026,6,Jun,Q2,2026-06-01,United States,USD,Digital Engineering,Apex Retail Group,Retail,Time & Material,"11,98,999","11,77,358","11,48,456","7,50,254","8,12,775","8,17,611","4,48,745","3,64,583","3,30,845",37.4%,31.0%,28.8%,"(21,641)",-1.8%,"62,521",8.3%,"(84,162)",-18.8%,15,12,80.0%,
REV-00802,2026,6,Jun,Q2,2026-06-01,United States,USD,Digital Engineering,BlueRiver Bank,Banking,Managed Services,"13,63,541","13,43,378","13,72,335","8,16,996","7,95,161","7,90,694","5,46,545","5,48,217","5,81,641",40.1%,40.8%,42.4%,"(20,163)",-1.5%,"(21,835)",-2.7%,"1,672",0.3%,14,11,78.6%,
REV-00803,2026,6,Jun,Q2,2026-06-01,United States,USD,Digital Engineering,Crestview Health,Healthcare,Fixed Price,"10,69,316","11,37,709","11,18,751","6,95,202","7,27,505","7,19,599","3,74,114","4,10,204","3,99,152",35.0%,36.1%,35.7%,"68,393",6.4%,"32,303",4.6%,"36,090",9.6%,12,10,83.3%,
REV-00804,2026,6,Jun,Q2,2026-06-01,United States,USD,Digital Engineering,Delta Manufacturing,Manufacturing,Time & Material,"12,36,409","13,37,891","13,38,484","7,44,754","7,22,531","7,18,085","4,91,655","6,15,360","6,20,399",39.8%,46.0%,46.4%,"1,01,482",8.2%,"(22,223)",-3.0%,"1,23,705",25.2%,14,12,85.7%,
REV-00805,2026,6,Jun,Q2,2026-06-01,United States,USD,Digital Engineering,Evergreen Telecom,Telecommunications,Managed Services,"13,22,377","12,73,804","12,69,715","8,00,139","7,99,640","8,05,676","5,22,238","4,74,164","4,64,039",39.5%,37.2%,36.5%,"(48,573)",-3.7%,(499),-0.1%,"(48,074)",-9.2%,14,12,85.7%,
REV-00806,2026,6,Jun,Q2,2026-06-01,United States,USD,Managed Services,Apex Retail Group,Retail,Time & Material,"9,55,627","8,67,253","8,60,992","6,34,031","6,63,602","6,61,023","3,21,596","2,03,651","1,99,969",33.7%,23.5%,23.2%,"(88,374)",-9.2%,"29,571",4.7%,"(1,17,945)",-36.7%,11,9,81.8%,
REV-00807,2026,6,Jun,Q2,2026-06-01,United States,USD,Managed Services,BlueRiver Bank,Banking,Managed Services,"11,09,550","10,31,213","10,24,366","7,58,809","7,96,231","8,04,709","3,50,741","2,34,982","2,19,657",31.6%,22.8%,21.4%,"(78,337)",-7.1%,"37,422",4.9%,"(1,15,759)",-33.0%,12,9,75.0%,
REV-00808,2026,6,Jun,Q2,2026-06-01,United States,USD,Managed Services,Crestview Health,Healthcare,Fixed Price,"8,82,034","8,65,619","8,76,053","6,22,711","6,24,896","6,18,253","2,59,323","2,40,723","2,57,800",29.4%,27.8%,29.4%,"(16,415)",-1.9%,"2,185",0.4%,"(18,600)",-7.2%,9,8,88.9%,
REV-00809,2026,6,Jun,Q2,2026-06-01,United States,USD,Managed Services,Delta Manufacturing,Manufacturing,Time & Material,"10,19,827","11,09,741","11,13,790","6,73,949","6,62,896","6,61,810","3,45,878","4,46,845","4,51,980",33.9%,40.3%,40.6%,"89,914",8.8%,"(11,053)",-1.6%,"1,00,967",29.2%,13,11,84.6%,
REV-00810,2026,6,Jun,Q2,2026-06-01,United States,USD,Managed Services,Evergreen Telecom,Telecommunications,Managed Services,"10,82,493","10,49,966","10,40,173","7,27,237","7,36,381","7,33,946","3,55,256","3,13,585","3,06,227",32.8%,29.9%,29.4%,"(32,527)",-3.0%,"9,144",1.3%,"(41,671)",-11.7%,12,10,83.3%,
REV-00811,2026,6,Jun,Q2,2026-06-01,United Kingdom,USD,Cloud Services,Apex Retail Group,Retail,Time & Material,"10,95,781","10,91,236","10,70,865","6,77,588","6,52,381","6,52,344","4,18,193","4,38,855","4,18,521",38.2%,40.2%,39.1%,"(4,545)",-0.4%,"(25,207)",-3.7%,"20,662",4.9%,16,12,75.0%,
REV-00812,2026,6,Jun,Q2,2026-06-01,United Kingdom,USD,Cloud Services,BlueRiver Bank,Banking,Managed Services,"13,30,077","11,97,573","11,84,465","8,20,617","8,06,013","8,06,828","5,09,460","3,91,560","3,77,637",38.3%,32.7%,31.9%,"(1,32,504)",-10.0%,"(14,604)",-1.8%,"(1,17,900)",-23.1%,17,14,82.4%,
REV-00813,2026,6,Jun,Q2,2026-06-01,United Kingdom,USD,Cloud Services,Crestview Health,Healthcare,Fixed Price,"10,42,299","9,78,697","9,55,507","6,80,239","6,69,091","6,71,620","3,62,060","3,09,606","2,83,887",34.7%,31.6%,29.7%,"(63,602)",-6.1%,"(11,148)",-1.6%,"(52,454)",-14.5%,14,11,78.6%,
REV-00814,2026,6,Jun,Q2,2026-06-01,United Kingdom,USD,Cloud Services,Delta Manufacturing,Manufacturing,Time & Material,"11,37,495","11,04,321","11,12,964","6,88,228","7,07,311","7,14,239","4,49,267","3,97,010","3,98,725",39.5%,36.0%,35.8%,"(33,174)",-2.9%,"19,083",2.8%,"(52,257)",-11.6%,17,13,76.5%,
REV-00815,2026,6,Jun,Q2,2026-06-01,United Kingdom,USD,Cloud Services,Evergreen Telecom,Telecommunications,Managed Services,"12,50,995","12,38,142","12,51,703","7,56,686","8,07,307","8,05,704","4,94,309","4,30,835","4,45,999",39.5%,34.8%,35.6%,"(12,853)",-1.0%,"50,621",6.7%,"(63,474)",-12.8%,17,14,82.4%,
REV-00816,2026,6,Jun,Q2,2026-06-01,United Kingdom,USD,Data & Analytics,Apex Retail Group,Retail,Time & Material,"10,37,193","10,43,635","10,46,937","6,23,136","6,19,618","6,24,581","4,14,057","4,24,017","4,22,356",39.9%,40.6%,40.3%,"6,442",0.6%,"(3,518)",-0.6%,"9,960",2.4%,15,12,80.0%,
REV-00817,2026,6,Jun,Q2,2026-06-01,United Kingdom,USD,Data & Analytics,BlueRiver Bank,Banking,Managed Services,"12,59,326","12,17,718","12,29,334","7,66,736","8,16,163","8,14,548","4,92,590","4,01,555","4,14,786",39.1%,33.0%,33.7%,"(41,608)",-3.3%,"49,427",6.4%,"(91,035)",-18.5%,17,14,82.4%,
REV-00818,2026,6,Jun,Q2,2026-06-01,United Kingdom,USD,Data & Analytics,Crestview Health,Healthcare,Fixed Price,"9,44,702","9,72,530","9,77,630","6,15,543","6,33,614","6,26,047","3,29,159","3,38,916","3,51,583",34.8%,34.8%,36.0%,"27,828",2.9%,"18,071",2.9%,"9,757",3.0%,14,11,78.6%,
REV-00819,2026,6,Jun,Q2,2026-06-01,United Kingdom,USD,Data & Analytics,Delta Manufacturing,Manufacturing,Time & Material,"11,14,514","12,18,053","11,94,588","6,84,257","7,04,637","7,08,140","4,30,257","5,13,416","4,86,448",38.6%,42.2%,40.7%,"1,03,539",9.3%,"20,380",3.0%,"83,159",19.3%,15,13,86.7%,
REV-00820,2026,6,Jun,Q2,2026-06-01,United Kingdom,USD,Data & Analytics,Evergreen Telecom,Telecommunications,Managed Services,"11,25,701","11,91,628","11,79,503","6,78,011","6,95,765","6,97,595","4,47,690","4,95,863","4,81,908",39.8%,41.6%,40.9%,"65,927",5.9%,"17,754",2.6%,"48,173",10.8%,17,14,82.4%,
REV-00821,2026,6,Jun,Q2,2026-06-01,United Kingdom,USD,Cybersecurity,Apex Retail Group,Retail,Time & Material,"9,87,055","10,21,998","10,25,326","6,03,996","5,98,516","5,97,063","3,83,059","4,23,482","4,28,263",38.8%,41.4%,41.8%,"34,943",3.5%,"(5,480)",-0.9%,"40,423",10.6%,13,11,84.6%,
REV-00822,2026,6,Jun,Q2,2026-06-01,United Kingdom,USD,Cybersecurity,BlueRiver Bank,Banking,Managed Services,"11,59,403","11,23,655","11,26,981","7,03,222","7,18,738","7,27,603","4,56,181","4,04,917","3,99,378",39.3%,36.0%,35.4%,"(35,748)",-3.1%,"15,516",2.2%,"(51,264)",-11.2%,16,13,81.3%,
REV-00823,2026,6,Jun,Q2,2026-06-01,United Kingdom,USD,Cybersecurity,Crestview Health,Healthcare,Fixed Price,"9,61,148","8,70,668","8,83,410","6,13,950","6,43,748","6,38,487","3,47,198","2,26,920","2,44,923",36.1%,26.1%,27.7%,"(90,480)",-9.4%,"29,798",4.9%,"(1,20,278)",-34.6%,13,10,76.9%,
REV-00824,2026,6,Jun,Q2,2026-06-01,United Kingdom,USD,Cybersecurity,Delta Manufacturing,Manufacturing,Time & Material,"10,99,629","11,57,637","11,44,698","6,65,257","6,41,707","6,34,555","4,34,372","5,15,930","5,10,143",39.5%,44.6%,44.6%,"58,008",5.3%,"(23,550)",-3.5%,"81,558",18.8%,14,12,85.7%,
REV-00825,2026,6,Jun,Q2,2026-06-01,United Kingdom,USD,Cybersecurity,Evergreen Telecom,Telecommunications,Managed Services,"10,95,313","11,64,058","11,67,684","6,75,825","7,14,694","7,14,930","4,19,488","4,49,364","4,52,754",38.3%,38.6%,38.8%,"68,745",6.3%,"38,869",5.8%,"29,876",7.1%,15,13,86.7%,
REV-00826,2026,6,Jun,Q2,2026-06-01,United Kingdom,USD,Enterprise Applications,Apex Retail Group,Retail,Time & Material,"9,85,411","9,46,506","9,66,069","5,97,847","6,10,046","6,04,982","3,87,564","3,36,460","3,61,087",39.3%,35.5%,37.4%,"(38,905)",-3.9%,"12,199",2.0%,"(51,104)",-13.2%,12,10,83.3%,
REV-00827,2026,6,Jun,Q2,2026-06-01,United Kingdom,USD,Enterprise Applications,BlueRiver Bank,Banking,Managed Services,"10,83,956","10,08,973","10,11,668","6,77,361","6,86,880","6,84,817","4,06,595","3,22,093","3,26,851",37.5%,31.9%,32.3%,"(74,983)",-6.9%,"9,519",1.4%,"(84,502)",-20.8%,15,11,73.3%,
REV-00828,2026,6,Jun,Q2,2026-06-01,United Kingdom,USD,Enterprise Applications,Crestview Health,Healthcare,Fixed Price,"8,94,272","9,14,702","9,00,904","5,85,090","6,24,116","6,24,546","3,09,182","2,90,586","2,76,358",34.6%,31.8%,30.7%,"20,430",2.3%,"39,026",6.7%,"(18,596)",-6.0%,11,9,81.8%,
REV-00829,2026,6,Jun,Q2,2026-06-01,United Kingdom,USD,Enterprise Applications,Delta Manufacturing,Manufacturing,Time & Material,"9,93,330","10,28,885","10,19,780","5,99,279","6,33,202","6,33,966","3,94,051","3,95,683","3,85,814",39.7%,38.5%,37.8%,"35,555",3.6%,"33,923",5.7%,"1,632",0.4%,13,11,84.6%,
REV-00830,2026,6,Jun,Q2,2026-06-01,United Kingdom,USD,Enterprise Applications,Evergreen Telecom,Telecommunications,Managed Services,"10,64,052","9,62,314","9,79,970","6,65,675","6,42,811","6,39,045","3,98,377","3,19,503","3,40,925",37.4%,33.2%,34.8%,"(1,01,738)",-9.6%,"(22,864)",-3.4%,"(78,874)",-19.8%,15,12,80.0%,
REV-00831,2026,6,Jun,Q2,2026-06-01,United Kingdom,USD,Digital Engineering,Apex Retail Group,Retail,Time & Material,"9,75,749","8,82,911","8,75,450","5,97,584","6,12,409","6,16,224","3,78,165","2,70,502","2,59,226",38.8%,30.6%,29.6%,"(92,838)",-9.5%,"14,825",2.5%,"(1,07,663)",-28.5%,14,10,71.4%,
REV-00832,2026,6,Jun,Q2,2026-06-01,United Kingdom,USD,Digital Engineering,BlueRiver Bank,Banking,Managed Services,"11,55,151","12,18,453","12,16,570","7,22,249","7,37,083","7,40,659","4,32,902","4,81,370","4,75,911",37.5%,39.5%,39.1%,"63,302",5.5%,"14,834",2.1%,"48,468",11.2%,15,12,80.0%,
REV-00833,2026,6,Jun,Q2,2026-06-01,United Kingdom,USD,Digital Engineering,Crestview Health,Healthcare,Fixed Price,"8,98,175","9,18,528","8,96,850","5,86,153","5,85,212","5,83,171","3,12,022","3,33,316","3,13,679",34.7%,36.3%,35.0%,"20,353",2.3%,(941),-0.2%,"21,294",6.8%,11,9,81.8%,
REV-00834,2026,6,Jun,Q2,2026-06-01,United Kingdom,USD,Digital Engineering,Delta Manufacturing,Manufacturing,Time & Material,"10,50,172","11,29,029","11,14,218","6,48,105","6,52,319","6,56,304","4,02,067","4,76,710","4,57,914",38.3%,42.2%,41.1%,"78,857",7.5%,"4,214",0.7%,"74,643",18.6%,14,11,78.6%,
REV-00835,2026,6,Jun,Q2,2026-06-01,United Kingdom,USD,Digital Engineering,Evergreen Telecom,Telecommunications,Managed Services,"11,17,741","11,99,334","11,69,702","7,02,418","6,77,257","6,83,066","4,15,323","5,22,077","4,86,636",37.2%,43.5%,41.6%,"81,593",7.3%,"(25,161)",-3.6%,"1,06,754",25.7%,17,15,88.2%,
REV-00836,2026,6,Jun,Q2,2026-06-01,United Kingdom,USD,Managed Services,Apex Retail Group,Retail,Time & Material,"8,30,980","9,05,421","8,83,704","5,57,548","5,56,261","5,55,861","2,73,432","3,49,160","3,27,843",32.9%,38.6%,37.1%,"74,441",9.0%,"(1,287)",-0.2%,"75,728",27.7%,11,9,81.8%,
REV-00837,2026,6,Jun,Q2,2026-06-01,United Kingdom,USD,Managed Services,BlueRiver Bank,Banking,Managed Services,"9,34,146","9,11,792","8,98,595","6,35,987","6,11,639","6,16,980","2,98,159","3,00,153","2,81,615",31.9%,32.9%,31.3%,"(22,354)",-2.4%,"(24,348)",-3.8%,"1,994",0.7%,13,10,76.9%,
REV-00838,2026,6,Jun,Q2,2026-06-01,United Kingdom,USD,Managed Services,Crestview Health,Healthcare,Fixed Price,"7,27,161","7,87,894","7,78,982","4,92,264","5,25,644","5,26,069","2,34,897","2,62,250","2,52,913",32.3%,33.3%,32.5%,"60,733",8.4%,"33,380",6.8%,"27,353",11.6%,10,8,80.0%,
REV-00839,2026,6,Jun,Q2,2026-06-01,United Kingdom,USD,Managed Services,Delta Manufacturing,Manufacturing,Time & Material,"8,84,389","8,32,569","8,20,801","5,90,316","6,19,152","6,14,614","2,94,073","2,13,417","2,06,187",33.3%,25.6%,25.1%,"(51,820)",-5.9%,"28,836",4.9%,"(80,656)",-27.4%,11,9,81.8%,
REV-00840,2026,6,Jun,Q2,2026-06-01,United Kingdom,USD,Managed Services,Evergreen Telecom,Telecommunications,Managed Services,"9,05,501","8,47,814","8,31,719","6,11,838","6,60,877","6,54,611","2,93,663","1,86,937","1,77,108",32.4%,22.0%,21.3%,"(57,687)",-6.4%,"49,039",8.0%,"(1,06,726)",-36.3%,12,9,75.0%,
REV-00841,2026,6,Jun,Q2,2026-06-01,Germany,USD,Cloud Services,Apex Retail Group,Retail,Time & Material,"10,47,059","10,01,403","10,04,853","6,43,858","6,66,593","6,74,348","4,03,201","3,34,810","3,30,505",38.5%,33.4%,32.9%,"(45,656)",-4.4%,"22,735",3.5%,"(68,391)",-17.0%,15,12,80.0%,
REV-00842,2026,6,Jun,Q2,2026-06-01,Germany,USD,Cloud Services,BlueRiver Bank,Banking,Managed Services,"11,91,319","11,20,164","11,18,311","7,28,562","6,94,434","6,95,455","4,62,757","4,25,730","4,22,856",38.8%,38.0%,37.8%,"(71,155)",-6.0%,"(34,128)",-4.7%,"(37,027)",-8.0%,18,14,77.8%,
REV-00843,2026,6,Jun,Q2,2026-06-01,Germany,USD,Cloud Services,Crestview Health,Healthcare,Fixed Price,"9,55,772","9,27,533","9,12,498","6,23,613","6,40,603","6,40,576","3,32,159","2,86,930","2,71,922",34.8%,30.9%,29.8%,"(28,239)",-3.0%,"16,990",2.7%,"(45,229)",-13.6%,14,11,78.6%,
REV-00844,2026,6,Jun,Q2,2026-06-01,Germany,USD,Cloud Services,Delta Manufacturing,Manufacturing,Time & Material,"11,05,505","10,11,863","9,96,024","6,73,358","6,51,359","6,56,266","4,32,147","3,60,504","3,39,758",39.1%,35.6%,34.1%,"(93,642)",-8.5%,"(21,999)",-3.3%,"(71,643)",-16.6%,14,10,71.4%,
REV-00845,2026,6,Jun,Q2,2026-06-01,Germany,USD,Cloud Services,Evergreen Telecom,Telecommunications,Managed Services,"11,46,329","10,71,591","10,86,542","7,10,625","6,90,004","6,84,150","4,35,704","3,81,587","4,02,392",38.0%,35.6%,37.0%,"(74,738)",-6.5%,"(20,621)",-2.9%,"(54,117)",-12.4%,18,13,72.2%,
REV-00846,2026,6,Jun,Q2,2026-06-01,Germany,USD,Data & Analytics,Apex Retail Group,Retail,Time & Material,"10,22,010","10,92,279","10,84,865","6,19,739","6,30,154","6,26,520","4,02,271","4,62,125","4,58,345",39.4%,42.3%,42.2%,"70,269",6.9%,"10,415",1.7%,"59,854",14.9%,16,13,81.3%,
REV-00847,2026,6,Jun,Q2,2026-06-01,Germany,USD,Data & Analytics,BlueRiver Bank,Banking,Managed Services,"11,90,352","10,80,692","10,79,379","7,42,389","7,80,609","7,81,470","4,47,963","3,00,083","2,97,909",37.6%,27.8%,27.6%,"(1,09,660)",-9.2%,"38,220",5.1%,"(1,47,880)",-33.0%,18,15,83.3%,
REV-00848,2026,6,Jun,Q2,2026-06-01,Germany,USD,Data & Analytics,Crestview Health,Healthcare,Fixed Price,"8,91,418","9,19,348","9,23,939","5,69,397","5,59,137","5,56,352","3,22,021","3,60,211","3,67,587",36.1%,39.2%,39.8%,"27,930",3.1%,"(10,260)",-1.8%,"38,190",11.9%,12,10,83.3%,
REV-00849,2026,6,Jun,Q2,2026-06-01,Germany,USD,Data & Analytics,Delta Manufacturing,Manufacturing,Time & Material,"10,09,711","10,26,238","10,16,324","6,32,570","6,56,475","6,58,449","3,77,141","3,69,763","3,57,875",37.4%,36.0%,35.2%,"16,527",1.6%,"23,905",3.8%,"(7,378)",-2.0%,15,12,80.0%,
REV-00850,2026,6,Jun,Q2,2026-06-01,Germany,USD,Data & Analytics,Evergreen Telecom,Telecommunications,Managed Services,"10,85,306","11,48,613","11,41,786","6,76,123","6,50,848","6,42,940","4,09,183","4,97,765","4,98,846",37.7%,43.3%,43.7%,"63,307",5.8%,"(25,275)",-3.7%,"88,582",21.6%,17,14,82.4%,
REV-00851,2026,6,Jun,Q2,2026-06-01,Germany,USD,Cybersecurity,Apex Retail Group,Retail,Time & Material,"9,57,043","10,16,265","10,36,976","5,91,957","5,83,312","5,79,262","3,65,086","4,32,953","4,57,714",38.1%,42.6%,44.1%,"59,222",6.2%,"(8,645)",-1.5%,"67,867",18.6%,14,12,85.7%,
REV-00852,2026,6,Jun,Q2,2026-06-01,Germany,USD,Cybersecurity,BlueRiver Bank,Banking,Managed Services,"11,19,611","11,04,676","11,05,409","6,98,309","6,65,376","6,67,953","4,21,302","4,39,300","4,37,456",37.6%,39.8%,39.6%,"(14,935)",-1.3%,"(32,933)",-4.7%,"17,998",4.3%,17,14,82.4%,
REV-00853,2026,6,Jun,Q2,2026-06-01,Germany,USD,Cybersecurity,Crestview Health,Healthcare,Fixed Price,"9,07,529","9,37,673","9,24,573","5,66,771","5,64,629","5,65,402","3,40,758","3,73,044","3,59,171",37.5%,39.8%,38.8%,"30,144",3.3%,"(2,142)",-0.4%,"32,286",9.5%,14,12,85.7%,
REV-00854,2026,6,Jun,Q2,2026-06-01,Germany,USD,Cybersecurity,Delta Manufacturing,Manufacturing,Time & Material,"9,92,522","9,30,420","9,35,705","6,14,206","6,37,330","6,33,906","3,78,316","2,93,090","3,01,799",38.1%,31.5%,32.3%,"(62,102)",-6.3%,"23,124",3.8%,"(85,226)",-22.5%,15,11,73.3%,
REV-00855,2026,6,Jun,Q2,2026-06-01,Germany,USD,Cybersecurity,Evergreen Telecom,Telecommunications,Managed Services,"10,61,810","11,19,446","11,06,620","6,53,935","6,62,339","6,60,978","4,07,875","4,57,107","4,45,642",38.4%,40.8%,40.3%,"57,636",5.4%,"8,404",1.3%,"49,232",12.1%,14,11,78.6%,
REV-00856,2026,6,Jun,Q2,2026-06-01,Germany,USD,Enterprise Applications,Apex Retail Group,Retail,Time & Material,"9,06,671","9,37,652","9,45,535","5,43,895","5,58,244","5,55,561","3,62,776","3,79,408","3,89,974",40.0%,40.5%,41.2%,"30,981",3.4%,"14,349",2.6%,"16,632",4.6%,13,11,84.6%,
REV-00857,2026,6,Jun,Q2,2026-06-01,Germany,USD,Enterprise Applications,BlueRiver Bank,Banking,Managed Services,"10,94,439","10,69,957","10,43,418","6,85,821","7,02,404","7,03,276","4,08,618","3,67,553","3,40,142",37.3%,34.4%,32.6%,"(24,482)",-2.2%,"16,583",2.4%,"(41,065)",-10.0%,16,13,81.3%,
REV-00858,2026,6,Jun,Q2,2026-06-01,Germany,USD,Enterprise Applications,Crestview Health,Healthcare,Fixed Price,"8,27,694","8,08,394","8,14,490","5,25,349","5,48,980","5,51,403","3,02,345","2,59,414","2,63,087",36.5%,32.1%,32.3%,"(19,300)",-2.3%,"23,631",4.5%,"(42,931)",-14.2%,11,9,81.8%,
REV-00859,2026,6,Jun,Q2,2026-06-01,Germany,USD,Enterprise Applications,Delta Manufacturing,Manufacturing,Time & Material,"9,42,621","10,30,869","10,14,695","5,89,368","5,75,024","5,78,453","3,53,253","4,55,845","4,36,242",37.5%,44.2%,43.0%,"88,248",9.4%,"(14,344)",-2.4%,"1,02,592",29.0%,15,12,80.0%,
REV-00860,2026,6,Jun,Q2,2026-06-01,Germany,USD,Enterprise Applications,Evergreen Telecom,Telecommunications,Managed Services,"10,04,896","9,45,116","9,31,175","6,20,530","6,11,759","6,10,824","3,84,366","3,33,357","3,20,351",38.2%,35.3%,34.4%,"(59,780)",-5.9%,"(8,771)",-1.4%,"(51,009)",-13.3%,15,12,80.0%,
REV-00861,2026,6,Jun,Q2,2026-06-01,Germany,USD,Digital Engineering,Apex Retail Group,Retail,Time & Material,"9,39,956","9,54,237","9,47,930","5,83,356","5,91,061","5,84,545","3,56,600","3,63,176","3,63,385",37.9%,38.1%,38.3%,"14,281",1.5%,"7,705",1.3%,"6,576",1.8%,13,11,84.6%,
REV-00862,2026,6,Jun,Q2,2026-06-01,Germany,USD,Digital Engineering,BlueRiver Bank,Banking,Managed Services,"11,00,146","11,79,401","11,72,777","6,90,358","6,84,127","6,90,653","4,09,788","4,95,274","4,82,124",37.2%,42.0%,41.1%,"79,255",7.2%,"(6,231)",-0.9%,"85,486",20.9%,17,14,82.4%,
REV-00863,2026,6,Jun,Q2,2026-06-01,Germany,USD,Digital Engineering,Crestview Health,Healthcare,Fixed Price,"8,40,815","7,88,930","8,05,027","5,40,144","5,22,244","5,25,336","3,00,671","2,66,686","2,79,691",35.8%,33.8%,34.7%,"(51,885)",-6.2%,"(17,900)",-3.3%,"(33,985)",-11.3%,13,11,84.6%,
REV-00864,2026,6,Jun,Q2,2026-06-01,Germany,USD,Digital Engineering,Delta Manufacturing,Manufacturing,Time & Material,"10,17,804","10,67,898","10,66,624","6,16,714","6,09,884","6,15,980","4,01,090","4,58,014","4,50,644",39.4%,42.9%,42.2%,"50,094",4.9%,"(6,830)",-1.1%,"56,924",14.2%,15,13,86.7%,
REV-00865,2026,6,Jun,Q2,2026-06-01,Germany,USD,Digital Engineering,Evergreen Telecom,Telecommunications,Managed Services,"10,77,212","11,61,122","11,35,769","6,68,723","6,92,983","6,85,521","4,08,489","4,68,139","4,50,248",37.9%,40.3%,39.6%,"83,910",7.8%,"24,260",3.6%,"59,650",14.6%,14,12,85.7%,
REV-00866,2026,6,Jun,Q2,2026-06-01,Germany,USD,Managed Services,Apex Retail Group,Retail,Time & Material,"7,94,860","7,69,347","7,82,316","5,28,552","5,19,378","5,13,480","2,66,308","2,49,969","2,68,836",33.5%,32.5%,34.4%,"(25,513)",-3.2%,"(9,174)",-1.7%,"(16,339)",-6.1%,13,11,84.6%,
REV-00867,2026,6,Jun,Q2,2026-06-01,Germany,USD,Managed Services,BlueRiver Bank,Banking,Managed Services,"9,16,605","8,79,641","8,63,687","6,02,202","6,07,819","5,99,284","3,14,403","2,71,822","2,64,403",34.3%,30.9%,30.6%,"(36,964)",-4.0%,"5,617",0.9%,"(42,581)",-13.5%,14,11,78.6%,
REV-00868,2026,6,Jun,Q2,2026-06-01,Germany,USD,Managed Services,Crestview Health,Healthcare,Fixed Price,"7,12,518","7,36,626","7,49,827","4,92,048","4,81,383","4,76,533","2,20,470","2,55,243","2,73,294",30.9%,34.7%,36.4%,"24,108",3.4%,"(10,665)",-2.2%,"34,773",15.8%,11,9,81.8%,
REV-00869,2026,6,Jun,Q2,2026-06-01,Germany,USD,Managed Services,Delta Manufacturing,Manufacturing,Time & Material,"8,16,579","8,87,846","8,96,457","5,53,156","5,44,031","5,50,702","2,63,423","3,43,815","3,45,755",32.3%,38.7%,38.6%,"71,267",8.7%,"(9,125)",-1.6%,"80,392",30.5%,13,11,84.6%,
REV-00870,2026,6,Jun,Q2,2026-06-01,Germany,USD,Managed Services,Evergreen Telecom,Telecommunications,Managed Services,"8,76,027","7,88,634","8,06,099","5,81,862","5,90,694","5,89,228","2,94,165","1,97,940","2,16,871",33.6%,25.1%,26.9%,"(87,393)",-10.0%,"8,832",1.5%,"(96,225)",-32.7%,11,9,81.8%,
REV-00871,2026,6,Jun,Q2,2026-06-01,Singapore,USD,Cloud Services,Apex Retail Group,Retail,Time & Material,"10,16,307","9,09,838","9,24,999","6,30,552","6,29,634","6,32,598","3,85,755","2,80,204","2,92,401",38.0%,30.8%,31.6%,"(1,06,469)",-10.5%,(918),-0.1%,"(1,05,551)",-27.4%,16,12,75.0%,
REV-00872,2026,6,Jun,Q2,2026-06-01,Singapore,USD,Cloud Services,BlueRiver Bank,Banking,Managed Services,"11,47,367","11,02,667","11,06,277","6,89,318","7,27,607","7,30,039","4,58,049","3,75,060","3,76,238",39.9%,34.0%,34.0%,"(44,700)",-3.9%,"38,289",5.6%,"(82,989)",-18.1%,16,12,75.0%,
REV-00873,2026,6,Jun,Q2,2026-06-01,Singapore,USD,Cloud Services,Crestview Health,Healthcare,Fixed Price,"9,44,508","9,13,840","9,15,142","6,13,529","6,46,031","6,39,339","3,30,979","2,67,809","2,75,803",35.0%,29.3%,30.1%,"(30,668)",-3.2%,"32,502",5.3%,"(63,170)",-19.1%,15,12,80.0%,
REV-00874,2026,6,Jun,Q2,2026-06-01,Singapore,USD,Cloud Services,Delta Manufacturing,Manufacturing,Time & Material,"10,53,074","10,31,718","10,26,140","6,52,034","6,76,061","6,75,605","4,01,040","3,55,657","3,50,535",38.1%,34.5%,34.2%,"(21,356)",-2.0%,"24,027",3.7%,"(45,383)",-11.3%,14,12,85.7%,
REV-00875,2026,6,Jun,Q2,2026-06-01,Singapore,USD,Cloud Services,Evergreen Telecom,Telecommunications,Managed Services,"11,13,285","10,14,978","9,90,973","6,97,790","7,47,075","7,40,042","4,15,495","2,67,903","2,50,931",37.3%,26.4%,25.3%,"(98,307)",-8.8%,"49,285",7.1%,"(1,47,592)",-35.5%,18,14,77.8%,
REV-00876,2026,6,Jun,Q2,2026-06-01,Singapore,USD,Data & Analytics,Apex Retail Group,Retail,Time & Material,"9,42,805","10,31,218","10,29,180","5,64,762","5,66,068","5,67,925","3,78,043","4,65,150","4,61,255",40.1%,45.1%,44.8%,"88,413",9.4%,"1,306",0.2%,"87,107",23.0%,13,11,84.6%,
REV-00877,2026,6,Jun,Q2,2026-06-01,Singapore,USD,Data & Analytics,BlueRiver Bank,Banking,Managed Services,"11,35,298","12,24,596","12,13,145","7,01,517","6,68,567","6,69,014","4,33,781","5,56,029","5,44,131",38.2%,45.4%,44.9%,"89,298",7.9%,"(32,950)",-4.7%,"1,22,248",28.2%,17,14,82.4%,
REV-00878,2026,6,Jun,Q2,2026-06-01,Singapore,USD,Data & Analytics,Crestview Health,Healthcare,Fixed Price,"8,53,224","8,48,818","8,45,697","5,53,264","5,66,247","5,66,335","2,99,960","2,82,571","2,79,362",35.2%,33.3%,33.0%,"(4,406)",-0.5%,"12,983",2.3%,"(17,389)",-5.8%,12,10,83.3%,
REV-00879,2026,6,Jun,Q2,2026-06-01,Singapore,USD,Data & Analytics,Delta Manufacturing,Manufacturing,Time & Material,"9,93,115","9,81,302","9,87,828","6,07,020","6,42,113","6,36,655","3,86,095","3,39,189","3,51,173",38.9%,34.6%,35.6%,"(11,813)",-1.2%,"35,093",5.8%,"(46,906)",-12.1%,15,12,80.0%,
REV-00880,2026,6,Jun,Q2,2026-06-01,Singapore,USD,Data & Analytics,Evergreen Telecom,Telecommunications,Managed Services,"10,39,012","11,05,887","11,26,258","6,40,950","6,56,195","6,64,406","3,98,062","4,49,692","4,61,852",38.3%,40.7%,41.0%,"66,875",6.4%,"15,245",2.4%,"51,630",13.0%,15,12,80.0%,
REV-00881,2026,6,Jun,Q2,2026-06-01,Singapore,USD,Cybersecurity,Apex Retail Group,Retail,Time & Material,"9,07,520","8,79,894","8,61,578","5,45,987","5,60,082","5,52,807","3,61,533","3,19,812","3,08,771",39.8%,36.3%,35.8%,"(27,626)",-3.0%,"14,095",2.6%,"(41,721)",-11.5%,13,11,84.6%,
REV-00882,2026,6,Jun,Q2,2026-06-01,Singapore,USD,Cybersecurity,BlueRiver Bank,Banking,Managed Services,"11,14,822","11,76,163","11,85,420","6,87,325","6,65,139","6,67,443","4,27,497","5,11,024","5,17,977",38.3%,43.4%,43.7%,"61,341",5.5%,"(22,186)",-3.2%,"83,527",19.5%,16,14,87.5%,
REV-00883,2026,6,Jun,Q2,2026-06-01,Singapore,USD,Cybersecurity,Crestview Health,Healthcare,Fixed Price,"8,59,901","7,98,851","7,89,355","5,45,789","5,54,055","5,55,760","3,14,112","2,44,796","2,33,595",36.5%,30.6%,29.6%,"(61,050)",-7.1%,"8,266",1.5%,"(69,316)",-22.1%,13,10,76.9%,
REV-00884,2026,6,Jun,Q2,2026-06-01,Singapore,USD,Cybersecurity,Delta Manufacturing,Manufacturing,Time & Material,"10,07,353","9,44,532","9,39,277","6,10,022","5,93,132","5,88,631","3,97,331","3,51,400","3,50,646",39.4%,37.2%,37.3%,"(62,821)",-6.2%,"(16,890)",-2.8%,"(45,931)",-11.6%,16,12,75.0%,
REV-00885,2026,6,Jun,Q2,2026-06-01,Singapore,USD,Cybersecurity,Evergreen Telecom,Telecommunications,Managed Services,"10,36,683","11,10,483","11,37,098","6,21,957","6,03,022","6,11,656","4,14,726","5,07,461","5,25,442",40.0%,45.7%,46.2%,"73,800",7.1%,"(18,935)",-3.0%,"92,735",22.4%,17,15,88.2%,
REV-00886,2026,6,Jun,Q2,2026-06-01,Singapore,USD,Enterprise Applications,Apex Retail Group,Retail,Time & Material,"8,95,445","8,71,979","8,88,373","5,54,223","5,47,521","5,52,180","3,41,222","3,24,458","3,36,193",38.1%,37.2%,37.8%,"(23,466)",-2.6%,"(6,702)",-1.2%,"(16,764)",-4.9%,13,10,76.9%,
REV-00887,2026,6,Jun,Q2,2026-06-01,Singapore,USD,Enterprise Applications,BlueRiver Bank,Banking,Managed Services,"10,53,724","10,61,661","10,36,947","6,34,224","6,54,753","6,55,583","4,19,500","4,06,908","3,81,364",39.8%,38.3%,36.8%,"7,937",0.8%,"20,529",3.2%,"(12,592)",-3.0%,16,13,81.3%,
REV-00888,2026,6,Jun,Q2,2026-06-01,Singapore,USD,Enterprise Applications,Crestview Health,Healthcare,Fixed Price,"7,90,180","8,01,294","8,09,620","5,15,981","5,25,377","5,27,317","2,74,199","2,75,917","2,82,303",34.7%,34.4%,34.9%,"11,114",1.4%,"9,396",1.8%,"1,718",0.6%,12,10,83.3%,
REV-00889,2026,6,Jun,Q2,2026-06-01,Singapore,USD,Enterprise Applications,Delta Manufacturing,Manufacturing,Time & Material,"9,38,769","9,66,613","9,45,044","5,80,880","5,78,120","5,78,421","3,57,889","3,88,493","3,66,623",38.1%,40.2%,38.8%,"27,844",3.0%,"(2,760)",-0.5%,"30,604",8.6%,15,12,80.0%,
REV-00890,2026,6,Jun,Q2,2026-06-01,Singapore,USD,Enterprise Applications,Evergreen Telecom,Telecommunications,Managed Services,"9,82,904","8,96,267","9,12,704","5,91,556","5,87,186","5,87,803","3,91,348","3,09,081","3,24,901",39.8%,34.5%,35.6%,"(86,637)",-8.8%,"(4,370)",-0.7%,"(82,267)",-21.0%,15,11,73.3%,
REV-00891,2026,6,Jun,Q2,2026-06-01,Singapore,USD,Digital Engineering,Apex Retail Group,Retail,Time & Material,"8,92,493","8,28,736","8,24,200","5,50,213","5,89,165","5,84,753","3,42,280","2,39,571","2,39,447",38.4%,28.9%,29.1%,"(63,757)",-7.1%,"38,952",7.1%,"(1,02,709)",-30.0%,14,11,78.6%,
REV-00892,2026,6,Jun,Q2,2026-06-01,Singapore,USD,Digital Engineering,BlueRiver Bank,Banking,Managed Services,"10,69,151","10,72,225","10,67,475","6,72,457","7,15,968","7,08,397","3,96,694","3,56,257","3,59,078",37.1%,33.2%,33.6%,"3,074",0.3%,"43,511",6.5%,"(40,437)",-10.2%,16,12,75.0%,
REV-00893,2026,6,Jun,Q2,2026-06-01,Singapore,USD,Digital Engineering,Crestview Health,Healthcare,Fixed Price,"8,31,611","8,14,464","7,97,693","5,20,195","5,12,286","5,09,835","3,11,416","3,02,178","2,87,858",37.4%,37.1%,36.1%,"(17,147)",-2.1%,"(7,909)",-1.5%,"(9,238)",-3.0%,12,10,83.3%,
REV-00894,2026,6,Jun,Q2,2026-06-01,Singapore,USD,Digital Engineering,Delta Manufacturing,Manufacturing,Time & Material,"9,51,482","9,23,163","9,10,235","5,97,383","6,22,870","6,27,635","3,54,099","3,00,293","2,82,600",37.2%,32.5%,31.0%,"(28,319)",-3.0%,"25,487",4.3%,"(53,806)",-15.2%,15,12,80.0%,
REV-00895,2026,6,Jun,Q2,2026-06-01,Singapore,USD,Digital Engineering,Evergreen Telecom,Telecommunications,Managed Services,"9,90,585","10,91,444","11,13,565","5,93,481","6,24,078","6,23,635","3,97,104","4,67,366","4,89,930",40.1%,42.8%,44.0%,"1,00,859",10.2%,"30,597",5.2%,"70,262",17.7%,14,12,85.7%,
REV-00896,2026,6,Jun,Q2,2026-06-01,Singapore,USD,Managed Services,Apex Retail Group,Retail,Time & Material,"7,23,068","7,84,659","7,96,318","4,79,427","5,03,998","5,08,740","2,43,641","2,80,661","2,87,578",33.7%,35.8%,36.1%,"61,591",8.5%,"24,571",5.1%,"37,020",15.2%,11,9,81.8%,
REV-00897,2026,6,Jun,Q2,2026-06-01,Singapore,USD,Managed Services,BlueRiver Bank,Banking,Managed Services,"8,80,081","8,15,106","8,11,196","5,73,691","6,01,350","5,93,245","3,06,390","2,13,756","2,17,951",34.8%,26.2%,26.9%,"(64,975)",-7.4%,"27,659",4.8%,"(92,634)",-30.2%,14,11,78.6%,
REV-00898,2026,6,Jun,Q2,2026-06-01,Singapore,USD,Managed Services,Crestview Health,Healthcare,Fixed Price,"6,74,430","6,69,990","6,58,054","4,74,025","4,90,719","4,95,084","2,00,405","1,79,271","1,62,970",29.7%,26.8%,24.8%,"(4,440)",-0.7%,"16,694",3.5%,"(21,134)",-10.5%,10,8,80.0%,
REV-00899,2026,6,Jun,Q2,2026-06-01,Singapore,USD,Managed Services,Delta Manufacturing,Manufacturing,Time & Material,"7,91,827","7,72,030","7,56,588","5,27,287","5,54,536","5,57,591","2,64,540","2,17,494","1,98,997",33.4%,28.2%,26.3%,"(19,797)",-2.5%,"27,249",5.2%,"(47,046)",-17.8%,13,11,84.6%,
REV-00900,2026,6,Jun,Q2,2026-06-01,Singapore,USD,Managed Services,Evergreen Telecom,Telecommunications,Managed Services,"8,19,331","8,90,697","8,99,036","5,42,240","5,48,149","5,47,314","2,77,091","3,42,548","3,51,722",33.8%,38.5%,39.1%,"71,366",8.7%,"5,909",1.1%,"65,457",23.6%,11,9,81.8%,
REV-00901,2026,7,Jul,Q3,2026-07-01,India,USD,Cloud Services,Apex Retail Group,Retail,Time & Material,"7,15,306","6,94,130","7,00,213","4,31,742","4,34,721","4,33,202","2,83,564","2,59,409","2,67,011",39.6%,37.4%,38.1%,"(21,176)",-3.0%,"2,979",0.7%,"(24,155)",-8.5%,14,11,78.6%,
REV-00902,2026,7,Jul,Q3,2026-07-01,India,USD,Cloud Services,BlueRiver Bank,Banking,Managed Services,"8,26,467","8,28,485","8,19,253","5,01,318","5,13,693","5,13,526","3,25,149","3,14,792","3,05,727",39.3%,38.0%,37.3%,"2,018",0.2%,"12,375",2.5%,"(10,357)",-3.2%,17,13,76.5%,
REV-00903,2026,7,Jul,Q3,2026-07-01,India,USD,Cloud Services,Crestview Health,Healthcare,Fixed Price,"6,78,706","6,35,889","6,28,074","4,26,733","4,11,926","4,09,550","2,51,973","2,23,963","2,18,524",37.1%,35.2%,34.8%,"(42,817)",-6.3%,"(14,807)",-3.5%,"(28,010)",-11.1%,13,10,76.9%,
REV-00904,2026,7,Jul,Q3,2026-07-01,India,USD,Cloud Services,Delta Manufacturing,Manufacturing,Time & Material,"7,95,980","7,26,651","7,17,228","4,78,005","4,65,705","4,67,888","3,17,975","2,60,946","2,49,340",39.9%,35.9%,34.8%,"(69,329)",-8.7%,"(12,300)",-2.6%,"(57,029)",-17.9%,15,11,73.3%,
REV-00905,2026,7,Jul,Q3,2026-07-01,India,USD,Cloud Services,Evergreen Telecom,Telecommunications,Managed Services,"8,15,293","7,33,833","7,42,667","5,12,005","4,83,867","4,87,661","3,03,288","2,49,966","2,55,006",37.2%,34.1%,34.3%,"(81,460)",-10.0%,"(28,138)",-5.5%,"(53,322)",-17.6%,17,12,70.6%,
REV-00906,2026,7,Jul,Q3,2026-07-01,India,USD,Data & Analytics,Apex Retail Group,Retail,Time & Material,"6,93,132","6,91,788","6,91,870","4,30,420","4,30,577","4,29,336","2,62,712","2,61,211","2,62,534",37.9%,37.8%,37.9%,"(1,344)",-0.2%,157,0.0%,"(1,501)",-0.6%,14,12,85.7%,
REV-00907,2026,7,Jul,Q3,2026-07-01,India,USD,Data & Analytics,BlueRiver Bank,Banking,Managed Services,"8,21,185","8,79,156","8,66,814","5,07,008","5,22,424","5,19,465","3,14,177","3,56,732","3,47,349",38.3%,40.6%,40.1%,"57,971",7.1%,"15,416",3.0%,"42,555",13.5%,16,13,81.3%,
REV-00908,2026,7,Jul,Q3,2026-07-01,India,USD,Data & Analytics,Crestview Health,Healthcare,Fixed Price,"6,45,048","6,30,915","6,39,299","4,06,779","3,96,765","3,91,844","2,38,269","2,34,150","2,47,455",36.9%,37.1%,38.7%,"(14,133)",-2.2%,"(10,014)",-2.5%,"(4,119)",-1.7%,14,11,78.6%,
REV-00909,2026,7,Jul,Q3,2026-07-01,India,USD,Data & Analytics,Delta Manufacturing,Manufacturing,Time & Material,"7,04,062","7,35,081","7,32,031","4,21,424","4,10,656","4,11,365","2,82,638","3,24,425","3,20,666",40.1%,44.1%,43.8%,"31,019",4.4%,"(10,768)",-2.6%,"41,787",14.8%,13,11,84.6%,
REV-00910,2026,7,Jul,Q3,2026-07-01,India,USD,Data & Analytics,Evergreen Telecom,Telecommunications,Managed Services,"7,76,839","7,56,518","7,66,249","4,82,802","4,73,623","4,72,416","2,94,037","2,82,895","2,93,833",37.9%,37.4%,38.3%,"(20,321)",-2.6%,"(9,179)",-1.9%,"(11,142)",-3.8%,16,13,81.3%,
REV-00911,2026,7,Jul,Q3,2026-07-01,India,USD,Cybersecurity,Apex Retail Group,Retail,Time & Material,"6,98,364","6,67,936","6,58,919","4,28,669","4,38,242","4,41,225","2,69,695","2,29,694","2,17,694",38.6%,34.4%,33.0%,"(30,428)",-4.4%,"9,573",2.2%,"(40,001)",-14.8%,13,10,76.9%,
REV-00912,2026,7,Jul,Q3,2026-07-01,India,USD,Cybersecurity,BlueRiver Bank,Banking,Managed Services,"7,83,292","7,53,976","7,55,218","4,80,573","4,88,488","4,90,845","3,02,719","2,65,488","2,64,373",38.6%,35.2%,35.0%,"(29,316)",-3.7%,"7,915",1.6%,"(37,231)",-12.3%,15,12,80.0%,
REV-00913,2026,7,Jul,Q3,2026-07-01,India,USD,Cybersecurity,Crestview Health,Healthcare,Fixed Price,"6,08,850","6,24,101","6,18,189","3,92,010","3,97,940","4,00,548","2,16,840","2,26,161","2,17,641",35.6%,36.2%,35.2%,"15,251",2.5%,"5,930",1.5%,"9,321",4.3%,13,10,76.9%,
REV-00914,2026,7,Jul,Q3,2026-07-01,India,USD,Cybersecurity,Delta Manufacturing,Manufacturing,Time & Material,"6,98,454","6,49,074","6,60,360","4,32,148","4,23,169","4,24,314","2,66,306","2,25,905","2,36,046",38.1%,34.8%,35.7%,"(49,380)",-7.1%,"(8,979)",-2.1%,"(40,401)",-15.2%,13,11,84.6%,
REV-00915,2026,7,Jul,Q3,2026-07-01,India,USD,Cybersecurity,Evergreen Telecom,Telecommunications,Managed Services,"7,72,616","7,30,343","7,38,295","4,78,733","4,97,794","4,96,555","2,93,883","2,32,549","2,41,740",38.0%,31.8%,32.7%,"(42,273)",-5.5%,"19,061",4.0%,"(61,334)",-20.9%,14,11,78.6%,
REV-00916,2026,7,Jul,Q3,2026-07-01,India,USD,Enterprise Applications,Apex Retail Group,Retail,Time & Material,"6,20,673","6,72,663","6,75,588","3,90,215","3,95,749","4,00,573","2,30,458","2,76,914","2,75,015",37.1%,41.2%,40.7%,"51,990",8.4%,"5,534",1.4%,"46,456",20.2%,12,11,91.7%,
REV-00917,2026,7,Jul,Q3,2026-07-01,India,USD,Enterprise Applications,BlueRiver Bank,Banking,Managed Services,"7,57,239","7,82,105","7,87,205","4,68,528","4,59,208","4,54,536","2,88,711","3,22,897","3,32,669",38.1%,41.3%,42.3%,"24,866",3.3%,"(9,320)",-2.0%,"34,186",11.8%,16,13,81.3%,
REV-00918,2026,7,Jul,Q3,2026-07-01,India,USD,Enterprise Applications,Crestview Health,Healthcare,Fixed Price,"5,94,386","6,49,680","6,41,901","3,73,022","3,82,480","3,78,988","2,21,364","2,67,200","2,62,913",37.2%,41.1%,41.0%,"55,294",9.3%,"9,458",2.5%,"45,836",20.7%,13,11,84.6%,
REV-00919,2026,7,Jul,Q3,2026-07-01,India,USD,Enterprise Applications,Delta Manufacturing,Manufacturing,Time & Material,"6,72,864","6,13,405","6,01,826","4,16,057","4,27,319","4,27,697","2,56,807","1,86,086","1,74,129",38.2%,30.3%,28.9%,"(59,459)",-8.8%,"11,262",2.7%,"(70,721)",-27.5%,13,10,76.9%,
REV-00920,2026,7,Jul,Q3,2026-07-01,India,USD,Enterprise Applications,Evergreen Telecom,Telecommunications,Managed Services,"7,01,359","7,43,233","7,45,444","4,21,086","4,26,894","4,31,829","2,80,273","3,16,339","3,13,615",40.0%,42.6%,42.1%,"41,874",6.0%,"5,808",1.4%,"36,066",12.9%,13,10,76.9%,
REV-00921,2026,7,Jul,Q3,2026-07-01,India,USD,Digital Engineering,Apex Retail Group,Retail,Time & Material,"6,67,871","6,66,113","6,49,485","4,11,839","4,03,325","4,03,183","2,56,032","2,62,788","2,46,302",38.3%,39.5%,37.9%,"(1,758)",-0.3%,"(8,514)",-2.1%,"6,756",2.6%,13,11,84.6%,
REV-00922,2026,7,Jul,Q3,2026-07-01,India,USD,Digital Engineering,BlueRiver Bank,Banking,Managed Services,"7,40,862","8,11,840","8,31,136","4,62,545","4,71,007","4,72,148","2,78,317","3,40,833","3,58,988",37.6%,42.0%,43.2%,"70,978",9.6%,"8,462",1.8%,"62,516",22.5%,16,13,81.3%,
REV-00923,2026,7,Jul,Q3,2026-07-01,India,USD,Digital Engineering,Crestview Health,Healthcare,Fixed Price,"5,90,784","5,29,737","5,35,180","3,68,077","3,67,269","3,70,219","2,22,707","1,62,468","1,64,961",37.7%,30.7%,30.8%,"(61,047)",-10.3%,(808),-0.2%,"(60,239)",-27.0%,12,9,75.0%,
REV-00924,2026,7,Jul,Q3,2026-07-01,India,USD,Digital Engineering,Delta Manufacturing,Manufacturing,Time & Material,"7,07,697","6,80,949","6,80,322","4,39,707","4,39,580","4,34,497","2,67,990","2,41,369","2,45,825",37.9%,35.4%,36.1%,"(26,748)",-3.8%,(127),0.0%,"(26,621)",-9.9%,13,10,76.9%,
REV-00925,2026,7,Jul,Q3,2026-07-01,India,USD,Digital Engineering,Evergreen Telecom,Telecommunications,Managed Services,"7,12,309","7,27,889","7,19,633","4,37,772","4,32,637","4,36,510","2,74,537","2,95,252","2,83,123",38.5%,40.6%,39.3%,"15,580",2.2%,"(5,135)",-1.2%,"20,715",7.5%,15,13,86.7%,
REV-00926,2026,7,Jul,Q3,2026-07-01,India,USD,Managed Services,Apex Retail Group,Retail,Time & Material,"5,28,572","5,46,408","5,40,336","3,58,510","3,72,030","3,76,327","1,70,062","1,74,378","1,64,009",32.2%,31.9%,30.4%,"17,836",3.4%,"13,520",3.8%,"4,316",2.5%,9,7,77.8%,
REV-00927,2026,7,Jul,Q3,2026-07-01,India,USD,Managed Services,BlueRiver Bank,Banking,Managed Services,"6,35,403","5,79,135","5,75,135","4,17,523","3,92,056","3,92,233","2,17,880","1,87,079","1,82,902",34.3%,32.3%,31.8%,"(56,268)",-8.9%,"(25,467)",-6.1%,"(30,801)",-14.1%,13,10,76.9%,
REV-00928,2026,7,Jul,Q3,2026-07-01,India,USD,Managed Services,Crestview Health,Healthcare,Fixed Price,"5,09,180","5,19,340","5,21,839","3,49,473","3,65,906","3,67,677","1,59,707","1,53,434","1,54,162",31.4%,29.5%,29.5%,"10,160",2.0%,"16,433",4.7%,"(6,273)",-3.9%,10,8,80.0%,
REV-00929,2026,7,Jul,Q3,2026-07-01,India,USD,Managed Services,Delta Manufacturing,Manufacturing,Time & Material,"5,74,067","5,60,292","5,55,790","3,84,446","3,93,285","3,91,783","1,89,621","1,67,007","1,64,007",33.0%,29.8%,29.5%,"(13,775)",-2.4%,"8,839",2.3%,"(22,614)",-11.9%,12,9,75.0%,
REV-00930,2026,7,Jul,Q3,2026-07-01,India,USD,Managed Services,Evergreen Telecom,Telecommunications,Managed Services,"5,89,302","6,25,484","6,27,716","3,86,712","3,73,277","3,74,539","2,02,590","2,52,207","2,53,177",34.4%,40.3%,40.3%,"36,182",6.1%,"(13,435)",-3.5%,"49,617",24.5%,12,10,83.3%,
REV-00931,2026,7,Jul,Q3,2026-07-01,United States,USD,Cloud Services,Apex Retail Group,Retail,Time & Material,"13,11,131","12,45,563","12,41,392","8,16,248","8,20,637","8,24,830","4,94,883","4,24,926","4,16,562",37.7%,34.1%,33.6%,"(65,568)",-5.0%,"4,389",0.5%,"(69,957)",-14.1%,14,10,71.4%,
REV-00932,2026,7,Jul,Q3,2026-07-01,United States,USD,Cloud Services,BlueRiver Bank,Banking,Managed Services,"15,06,683","15,09,172","14,84,339","9,40,767","9,16,888","9,17,398","5,65,916","5,92,284","5,66,941",37.6%,39.2%,38.2%,"2,489",0.2%,"(23,879)",-2.5%,"26,368",4.7%,18,14,77.8%,
REV-00933,2026,7,Jul,Q3,2026-07-01,United States,USD,Cloud Services,Crestview Health,Healthcare,Fixed Price,"11,76,498","10,92,910","11,17,142","7,44,212","7,56,370","7,56,587","4,32,286","3,36,540","3,60,555",36.7%,30.8%,32.3%,"(83,588)",-7.1%,"12,158",1.6%,"(95,746)",-22.1%,13,10,76.9%,
REV-00934,2026,7,Jul,Q3,2026-07-01,United States,USD,Cloud Services,Delta Manufacturing,Manufacturing,Time & Material,"13,47,681","13,27,324","13,06,780","8,30,411","8,07,799","8,04,672","5,17,270","5,19,525","5,02,108",38.4%,39.1%,38.4%,"(20,357)",-1.5%,"(22,612)",-2.7%,"2,255",0.4%,15,12,80.0%,
REV-00935,2026,7,Jul,Q3,2026-07-01,United States,USD,Cloud Services,Evergreen Telecom,Telecommunications,Managed Services,"13,95,536","13,98,946","14,00,284","8,52,950","8,48,007","8,41,546","5,42,586","5,50,939","5,58,738",38.9%,39.4%,39.9%,"3,410",0.2%,"(4,943)",-0.6%,"8,353",1.5%,17,14,82.4%,
REV-00936,2026,7,Jul,Q3,2026-07-01,United States,USD,Data & Analytics,Apex Retail Group,Retail,Time & Material,"11,86,438","12,68,463","12,56,404","7,40,261","7,41,793","7,47,375","4,46,177","5,26,670","5,09,029",37.6%,41.5%,40.5%,"82,025",6.9%,"1,532",0.2%,"80,493",18.0%,14,11,78.6%,
REV-00937,2026,7,Jul,Q3,2026-07-01,United States,USD,Data & Analytics,BlueRiver Bank,Banking,Managed Services,"13,58,833","12,94,389","12,94,053","8,40,158","8,64,628","8,64,138","5,18,675","4,29,761","4,29,915",38.2%,33.2%,33.2%,"(64,444)",-4.7%,"24,470",2.9%,"(88,914)",-17.1%,14,11,78.6%,
REV-00938,2026,7,Jul,Q3,2026-07-01,United States,USD,Data & Analytics,Crestview Health,Healthcare,Fixed Price,"11,29,734","10,22,477","10,07,780","7,38,933","7,20,606","7,14,735","3,90,801","3,01,871","2,93,045",34.6%,29.5%,29.1%,"(1,07,257)",-9.5%,"(18,327)",-2.5%,"(88,930)",-22.8%,12,9,75.0%,
REV-00939,2026,7,Jul,Q3,2026-07-01,United States,USD,Data & Analytics,Delta Manufacturing,Manufacturing,Time & Material,"12,18,021","13,01,044","12,87,490","7,29,957","7,64,469","7,57,655","4,88,064","5,36,575","5,29,835",40.1%,41.2%,41.2%,"83,023",6.8%,"34,512",4.7%,"48,511",9.9%,14,12,85.7%,
REV-00940,2026,7,Jul,Q3,2026-07-01,United States,USD,Data & Analytics,Evergreen Telecom,Telecommunications,Managed Services,"13,36,584","12,70,424","12,87,376","8,27,725","8,24,101","8,29,859","5,08,859","4,46,323","4,57,517",38.1%,35.1%,35.5%,"(66,160)",-4.9%,"(3,624)",-0.4%,"(62,536)",-12.3%,15,11,73.3%,
REV-00941,2026,7,Jul,Q3,2026-07-01,United States,USD,Cybersecurity,Apex Retail Group,Retail,Time & Material,"12,02,792","11,12,005","11,33,144","7,22,224","7,29,738","7,19,998","4,80,568","3,82,267","4,13,146",40.0%,34.4%,36.5%,"(90,787)",-7.5%,"7,514",1.0%,"(98,301)",-20.5%,15,12,80.0%,
REV-00942,2026,7,Jul,Q3,2026-07-01,United States,USD,Cybersecurity,BlueRiver Bank,Banking,Managed Services,"13,60,829","13,88,780","13,72,856","8,54,675","8,99,592","8,99,610","5,06,154","4,89,188","4,73,246",37.2%,35.2%,34.5%,"27,951",2.1%,"44,917",5.3%,"(16,966)",-3.4%,15,12,80.0%,
REV-00943,2026,7,Jul,Q3,2026-07-01,United States,USD,Cybersecurity,Crestview Health,Healthcare,Fixed Price,"10,95,535","10,50,469","10,40,269","7,02,434","6,73,289","6,71,473","3,93,101","3,77,180","3,68,796",35.9%,35.9%,35.5%,"(45,066)",-4.1%,"(29,145)",-4.1%,"(15,921)",-4.1%,12,9,75.0%,
REV-00944,2026,7,Jul,Q3,2026-07-01,United States,USD,Cybersecurity,Delta Manufacturing,Manufacturing,Time & Material,"11,87,835","11,91,667","12,07,014","7,22,213","7,26,235","7,32,513","4,65,622","4,65,432","4,74,501",39.2%,39.1%,39.3%,"3,832",0.3%,"4,022",0.6%,(190),0.0%,14,11,78.6%,
REV-00945,2026,7,Jul,Q3,2026-07-01,United States,USD,Cybersecurity,Evergreen Telecom,Telecommunications,Managed Services,"13,30,417","12,79,000","12,64,704","8,10,888","8,11,654","8,08,018","5,19,529","4,67,346","4,56,686",39.1%,36.5%,36.1%,"(51,417)",-3.9%,766,0.1%,"(52,183)",-10.0%,15,12,80.0%,
REV-00946,2026,7,Jul,Q3,2026-07-01,United States,USD,Enterprise Applications,Apex Retail Group,Retail,Time & Material,"11,35,663","11,48,074","11,40,396","6,93,445","6,50,935","6,52,654","4,42,218","4,97,139","4,87,742",38.9%,43.3%,42.8%,"12,411",1.1%,"(42,510)",-6.1%,"54,921",12.4%,13,11,84.6%,
REV-00947,2026,7,Jul,Q3,2026-07-01,United States,USD,Enterprise Applications,BlueRiver Bank,Banking,Managed Services,"12,35,111","11,63,157","11,81,370","7,61,604","7,67,574","7,71,072","4,73,507","3,95,583","4,10,298",38.3%,34.0%,34.7%,"(71,954)",-5.8%,"5,970",0.8%,"(77,924)",-16.5%,15,12,80.0%,
REV-00948,2026,7,Jul,Q3,2026-07-01,United States,USD,Enterprise Applications,Crestview Health,Healthcare,Fixed Price,"10,29,714","9,96,044","10,09,593","6,64,628","6,71,476","6,80,541","3,65,086","3,24,568","3,29,052",35.5%,32.6%,32.6%,"(33,670)",-3.3%,"6,848",1.0%,"(40,518)",-11.1%,13,11,84.6%,
REV-00949,2026,7,Jul,Q3,2026-07-01,United States,USD,Enterprise Applications,Delta Manufacturing,Manufacturing,Time & Material,"11,56,392","11,69,897","11,96,976","6,97,534","6,46,864","6,42,863","4,58,858","5,23,033","5,54,113",39.7%,44.7%,46.3%,"13,505",1.2%,"(50,670)",-7.3%,"64,175",14.0%,14,12,85.7%,
REV-00950,2026,7,Jul,Q3,2026-07-01,United States,USD,Enterprise Applications,Evergreen Telecom,Telecommunications,Managed Services,"11,90,465","13,09,383","13,21,244","7,12,935","7,21,459","7,25,212","4,77,530","5,87,924","5,96,032",40.1%,44.9%,45.1%,"1,18,918",10.0%,"8,524",1.2%,"1,10,394",23.1%,15,13,86.7%,
REV-00951,2026,7,Jul,Q3,2026-07-01,United States,USD,Digital Engineering,Apex Retail Group,Retail,Time & Material,"11,36,669","10,37,321","10,41,162","7,04,087","6,68,867","6,71,703","4,32,582","3,68,454","3,69,459",38.1%,35.5%,35.5%,"(99,348)",-8.7%,"(35,220)",-5.0%,"(64,128)",-14.8%,12,10,83.3%,
REV-00952,2026,7,Jul,Q3,2026-07-01,United States,USD,Digital Engineering,BlueRiver Bank,Banking,Managed Services,"12,99,025","13,35,856","13,28,326","7,97,781","7,72,369","7,65,509","5,01,244","5,63,487","5,62,817",38.6%,42.2%,42.4%,"36,831",2.8%,"(25,412)",-3.2%,"62,243",12.4%,15,12,80.0%,
REV-00953,2026,7,Jul,Q3,2026-07-01,United States,USD,Digital Engineering,Crestview Health,Healthcare,Fixed Price,"10,76,477","11,61,808","11,40,551","6,86,310","6,50,554","6,57,692","3,90,167","5,11,254","4,82,859",36.2%,44.0%,42.3%,"85,331",7.9%,"(35,756)",-5.2%,"1,21,087",31.0%,12,10,83.3%,
REV-00954,2026,7,Jul,Q3,2026-07-01,United States,USD,Digital Engineering,Delta Manufacturing,Manufacturing,Time & Material,"12,24,684","12,47,090","12,40,267","7,69,035","7,81,469","7,79,636","4,55,649","4,65,621","4,60,631",37.2%,37.3%,37.1%,"22,406",1.8%,"12,434",1.6%,"9,972",2.2%,13,10,76.9%,
REV-00955,2026,7,Jul,Q3,2026-07-01,United States,USD,Digital Engineering,Evergreen Telecom,Telecommunications,Managed Services,"12,92,581","13,42,930","13,54,352","7,79,870","7,82,435","7,81,332","5,12,711","5,60,495","5,73,020",39.7%,41.7%,42.3%,"50,349",3.9%,"2,565",0.3%,"47,784",9.3%,15,12,80.0%,
REV-00956,2026,7,Jul,Q3,2026-07-01,United States,USD,Managed Services,Apex Retail Group,Retail,Time & Material,"9,53,709","9,44,899","9,25,038","6,37,523","6,06,680","6,06,227","3,16,186","3,38,219","3,18,811",33.2%,35.8%,34.5%,"(8,810)",-0.9%,"(30,843)",-4.8%,"22,033",7.0%,12,9,75.0%,
REV-00957,2026,7,Jul,Q3,2026-07-01,United States,USD,Managed Services,BlueRiver Bank,Banking,Managed Services,"10,75,434","11,03,595","11,15,282","7,10,753","6,81,270","6,87,080","3,64,681","4,22,325","4,28,202",33.9%,38.3%,38.4%,"28,161",2.6%,"(29,483)",-4.1%,"57,644",15.8%,13,11,84.6%,
REV-00958,2026,7,Jul,Q3,2026-07-01,United States,USD,Managed Services,Crestview Health,Healthcare,Fixed Price,"8,58,765","9,16,581","9,15,448","5,90,831","6,19,271","6,23,139","2,67,934","2,97,310","2,92,309",31.2%,32.4%,31.9%,"57,816",6.7%,"28,440",4.8%,"29,376",11.0%,10,8,80.0%,
REV-00959,2026,7,Jul,Q3,2026-07-01,United States,USD,Managed Services,Delta Manufacturing,Manufacturing,Time & Material,"9,63,880","8,99,483","8,91,239","6,46,118","6,61,324","6,55,686","3,17,762","2,38,159","2,35,553",33.0%,26.5%,26.4%,"(64,397)",-6.7%,"15,206",2.4%,"(79,603)",-25.1%,10,7,70.0%,
REV-00960,2026,7,Jul,Q3,2026-07-01,United States,USD,Managed Services,Evergreen Telecom,Telecommunications,Managed Services,"10,50,982","9,67,746","9,45,364","6,94,157","6,56,619","6,51,755","3,56,825","3,11,127","2,93,609",34.0%,32.1%,31.1%,"(83,236)",-7.9%,"(37,538)",-5.4%,"(45,698)",-12.8%,12,9,75.0%,
REV-00961,2026,7,Jul,Q3,2026-07-01,United Kingdom,USD,Cloud Services,Apex Retail Group,Retail,Time & Material,"10,37,208","10,43,336","10,25,501","6,23,471","6,34,774","6,28,735","4,13,737","4,08,562","3,96,766",39.9%,39.2%,38.7%,"6,128",0.6%,"11,303",1.8%,"(5,175)",-1.3%,13,11,84.6%,
REV-00962,2026,7,Jul,Q3,2026-07-01,United Kingdom,USD,Cloud Services,BlueRiver Bank,Banking,Managed Services,"12,04,550","13,02,856","13,05,083","7,52,340","7,39,266","7,36,945","4,52,210","5,63,590","5,68,138",37.5%,43.3%,43.5%,"98,306",8.2%,"(13,074)",-1.7%,"1,11,380",24.6%,15,13,86.7%,
REV-00963,2026,7,Jul,Q3,2026-07-01,United Kingdom,USD,Cloud Services,Crestview Health,Healthcare,Fixed Price,"9,38,489","8,68,728","8,76,353","5,91,381","5,70,627","5,71,833","3,47,108","2,98,101","3,04,520",37.0%,34.3%,34.7%,"(69,761)",-7.4%,"(20,754)",-3.5%,"(49,007)",-14.1%,12,10,83.3%,
REV-00964,2026,7,Jul,Q3,2026-07-01,United Kingdom,USD,Cloud Services,Delta Manufacturing,Manufacturing,Time & Material,"10,96,861","10,41,740","10,66,399","6,79,210","6,92,704","6,90,349","4,17,651","3,49,036","3,76,050",38.1%,33.5%,35.3%,"(55,121)",-5.0%,"13,494",2.0%,"(68,615)",-16.4%,15,12,80.0%,
REV-00965,2026,7,Jul,Q3,2026-07-01,United Kingdom,USD,Cloud Services,Evergreen Telecom,Telecommunications,Managed Services,"12,01,685","12,69,528","12,56,043","7,36,451","7,24,882","7,29,371","4,65,234","5,44,646","5,26,672",38.7%,42.9%,41.9%,"67,843",5.6%,"(11,569)",-1.6%,"79,412",17.1%,18,15,83.3%,
REV-00966,2026,7,Jul,Q3,2026-07-01,United Kingdom,USD,Data & Analytics,Apex Retail Group,Retail,Time & Material,"9,98,442","10,70,693","10,75,883","6,03,650","6,22,680","6,29,125","3,94,792","4,48,013","4,46,758",39.5%,41.8%,41.5%,"72,251",7.2%,"19,030",3.2%,"53,221",13.5%,15,13,86.7%,
REV-00967,2026,7,Jul,Q3,2026-07-01,United Kingdom,USD,Data & Analytics,BlueRiver Bank,Banking,Managed Services,"11,77,715","12,10,509","12,20,625","7,37,012","7,40,912","7,40,931","4,40,703","4,69,597","4,79,694",37.4%,38.8%,39.3%,"32,794",2.8%,"3,900",0.5%,"28,894",6.6%,17,14,82.4%,
REV-00968,2026,7,Jul,Q3,2026-07-01,United Kingdom,USD,Data & Analytics,Crestview Health,Healthcare,Fixed Price,"8,93,965","9,62,812","9,83,859","5,70,757","5,51,911","5,56,458","3,23,208","4,10,901","4,27,401",36.2%,42.7%,43.4%,"68,847",7.7%,"(18,846)",-3.3%,"87,693",27.1%,13,11,84.6%,
REV-00969,2026,7,Jul,Q3,2026-07-01,United Kingdom,USD,Data & Analytics,Delta Manufacturing,Manufacturing,Time & Material,"10,55,999","9,54,111","9,34,059","6,53,173","6,37,050","6,41,580","4,02,826","3,17,061","2,92,479",38.1%,33.2%,31.3%,"(1,01,888)",-9.6%,"(16,123)",-2.5%,"(85,765)",-21.3%,13,10,76.9%,
REV-00970,2026,7,Jul,Q3,2026-07-01,United Kingdom,USD,Data & Analytics,Evergreen Telecom,Telecommunications,Managed Services,"11,37,589","11,72,266","11,97,841","7,09,253","7,31,156","7,38,060","4,28,336","4,41,110","4,59,781",37.7%,37.6%,38.4%,"34,677",3.0%,"21,903",3.1%,"12,774",3.0%,15,13,86.7%,
REV-00971,2026,7,Jul,Q3,2026-07-01,United Kingdom,USD,Cybersecurity,Apex Retail Group,Retail,Time & Material,"9,84,186","9,30,466","9,43,644","5,93,834","5,88,027","5,94,233","3,90,352","3,42,439","3,49,411",39.7%,36.8%,37.0%,"(53,720)",-5.5%,"(5,807)",-1.0%,"(47,913)",-12.3%,12,10,83.3%,
REV-00972,2026,7,Jul,Q3,2026-07-01,United Kingdom,USD,Cybersecurity,BlueRiver Bank,Banking,Managed Services,"11,24,350","10,94,300","10,73,938","7,05,055","7,24,995","7,28,599","4,19,295","3,69,305","3,45,339",37.3%,33.7%,32.2%,"(30,050)",-2.7%,"19,940",2.8%,"(49,990)",-11.9%,16,12,75.0%,
REV-00973,2026,7,Jul,Q3,2026-07-01,United Kingdom,USD,Cybersecurity,Crestview Health,Healthcare,Fixed Price,"9,20,190","9,41,870","9,41,474","5,75,160","5,82,430","5,75,511","3,45,030","3,59,440","3,65,963",37.5%,38.2%,38.9%,"21,680",2.4%,"7,270",1.3%,"14,410",4.2%,12,10,83.3%,
REV-00974,2026,7,Jul,Q3,2026-07-01,United Kingdom,USD,Cybersecurity,Delta Manufacturing,Manufacturing,Time & Material,"10,11,199","9,50,218","9,68,310","6,15,510","6,10,080","6,13,258","3,95,689","3,40,138","3,55,052",39.1%,35.8%,36.7%,"(60,981)",-6.0%,"(5,430)",-0.9%,"(55,551)",-14.0%,13,10,76.9%,
REV-00975,2026,7,Jul,Q3,2026-07-01,United Kingdom,USD,Cybersecurity,Evergreen Telecom,Telecommunications,Managed Services,"11,04,428","10,28,691","10,49,236","6,66,696","6,78,249","6,79,782","4,37,732","3,50,442","3,69,454",39.6%,34.1%,35.2%,"(75,737)",-6.9%,"11,553",1.7%,"(87,290)",-19.9%,14,11,78.6%,
REV-00976,2026,7,Jul,Q3,2026-07-01,United Kingdom,USD,Enterprise Applications,Apex Retail Group,Retail,Time & Material,"8,87,136","9,25,803","9,35,354","5,36,182","5,62,038","5,59,598","3,50,954","3,63,765","3,75,756",39.6%,39.3%,40.2%,"38,667",4.4%,"25,856",4.8%,"12,811",3.7%,12,10,83.3%,
REV-00977,2026,7,Jul,Q3,2026-07-01,United Kingdom,USD,Enterprise Applications,BlueRiver Bank,Banking,Managed Services,"10,36,997","10,13,132","10,01,503","6,50,584","6,74,569","6,72,505","3,86,413","3,38,563","3,28,998",37.3%,33.4%,32.9%,"(23,865)",-2.3%,"23,985",3.7%,"(47,850)",-12.4%,14,11,78.6%,
REV-00978,2026,7,Jul,Q3,2026-07-01,United Kingdom,USD,Enterprise Applications,Crestview Health,Healthcare,Fixed Price,"8,19,066","8,18,796","8,23,993","5,14,612","5,26,348","5,21,697","3,04,454","2,92,448","3,02,296",37.2%,35.7%,36.7%,(270),0.0%,"11,736",2.3%,"(12,006)",-3.9%,10,8,80.0%,
REV-00979,2026,7,Jul,Q3,2026-07-01,United Kingdom,USD,Enterprise Applications,Delta Manufacturing,Manufacturing,Time & Material,"9,34,236","8,96,297","8,77,813","5,61,812","5,81,895","5,86,476","3,72,424","3,14,402","2,91,337",39.9%,35.1%,33.2%,"(37,939)",-4.1%,"20,083",3.6%,"(58,022)",-15.6%,12,10,83.3%,
REV-00980,2026,7,Jul,Q3,2026-07-01,United Kingdom,USD,Enterprise Applications,Evergreen Telecom,Telecommunications,Managed Services,"10,09,701","9,79,935","9,85,227","6,06,024","5,97,920","5,93,399","4,03,677","3,82,015","3,91,828",40.0%,39.0%,39.8%,"(29,766)",-2.9%,"(8,104)",-1.3%,"(21,662)",-5.4%,13,11,84.6%,
REV-00981,2026,7,Jul,Q3,2026-07-01,United Kingdom,USD,Digital Engineering,Apex Retail Group,Retail,Time & Material,"9,34,703","10,29,319","10,43,005","5,81,982","5,81,698","5,84,163","3,52,721","4,47,621","4,58,842",37.7%,43.5%,44.0%,"94,616",10.1%,(284),0.0%,"94,900",26.9%,14,12,85.7%,
REV-00982,2026,7,Jul,Q3,2026-07-01,United Kingdom,USD,Digital Engineering,BlueRiver Bank,Banking,Managed Services,"11,20,076","11,30,332","11,05,015","6,74,509","6,81,821","6,80,803","4,45,567","4,48,511","4,24,212",39.8%,39.7%,38.4%,"10,256",0.9%,"7,312",1.1%,"2,944",0.7%,16,13,81.3%,
REV-00983,2026,7,Jul,Q3,2026-07-01,United Kingdom,USD,Digital Engineering,Crestview Health,Healthcare,Fixed Price,"8,54,687","8,08,911","8,06,009","5,51,934","5,55,938","5,53,539","3,02,753","2,52,973","2,52,470",35.4%,31.3%,31.3%,"(45,776)",-5.4%,"4,004",0.7%,"(49,780)",-16.4%,12,10,83.3%,
REV-00984,2026,7,Jul,Q3,2026-07-01,United Kingdom,USD,Digital Engineering,Delta Manufacturing,Manufacturing,Time & Material,"9,95,474","9,82,807","9,75,691","6,08,872","6,13,137","6,07,028","3,86,602","3,69,670","3,68,663",38.8%,37.6%,37.8%,"(12,667)",-1.3%,"4,265",0.7%,"(16,932)",-4.4%,15,12,80.0%,
REV-00985,2026,7,Jul,Q3,2026-07-01,United Kingdom,USD,Digital Engineering,Evergreen Telecom,Telecommunications,Managed Services,"10,68,472","11,26,039","11,39,706","6,41,003","6,28,364","6,30,752","4,27,469","4,97,675","5,08,954",40.0%,44.2%,44.7%,"57,567",5.4%,"(12,639)",-2.0%,"70,206",16.4%,15,13,86.7%,
REV-00986,2026,7,Jul,Q3,2026-07-01,United Kingdom,USD,Managed Services,Apex Retail Group,Retail,Time & Material,"7,76,663","7,83,725","7,84,764","5,27,996","5,22,603","5,24,033","2,48,667","2,61,122","2,60,731",32.0%,33.3%,33.2%,"7,062",0.9%,"(5,393)",-1.0%,"12,455",5.0%,11,9,81.8%,
REV-00987,2026,7,Jul,Q3,2026-07-01,United Kingdom,USD,Managed Services,BlueRiver Bank,Banking,Managed Services,"9,10,880","8,89,412","9,03,796","5,94,444","5,81,654","5,75,715","3,16,436","3,07,758","3,28,081",34.7%,34.6%,36.3%,"(21,468)",-2.4%,"(12,790)",-2.2%,"(8,678)",-2.7%,13,11,84.6%,
REV-00988,2026,7,Jul,Q3,2026-07-01,United Kingdom,USD,Managed Services,Crestview Health,Healthcare,Fixed Price,"7,32,291","7,69,504","7,83,723","5,17,911","4,80,696","4,86,462","2,14,380","2,88,808","2,97,261",29.3%,37.5%,37.9%,"37,213",5.1%,"(37,215)",-7.2%,"74,428",34.7%,10,8,80.0%,
REV-00989,2026,7,Jul,Q3,2026-07-01,United Kingdom,USD,Managed Services,Delta Manufacturing,Manufacturing,Time & Material,"8,20,468","8,90,892","8,77,225","5,51,393","5,58,537","5,64,360","2,69,075","3,32,355","3,12,865",32.8%,37.3%,35.7%,"70,424",8.6%,"7,144",1.3%,"63,280",23.5%,11,9,81.8%,
REV-00990,2026,7,Jul,Q3,2026-07-01,United Kingdom,USD,Managed Services,Evergreen Telecom,Telecommunications,Managed Services,"8,54,011","9,27,239","9,37,741","5,70,940","5,61,804","5,59,142","2,83,071","3,65,435","3,78,599",33.1%,39.4%,40.4%,"73,228",8.6%,"(9,136)",-1.6%,"82,364",29.1%,12,10,83.3%,
REV-00991,2026,7,Jul,Q3,2026-07-01,Germany,USD,Cloud Services,Apex Retail Group,Retail,Time & Material,"9,69,930","10,69,900","10,86,424","6,01,817","6,21,240","6,24,051","3,68,113","4,48,660","4,62,373",38.0%,41.9%,42.6%,"99,970",10.3%,"19,423",3.2%,"80,547",21.9%,14,11,78.6%,
REV-00992,2026,7,Jul,Q3,2026-07-01,Germany,USD,Cloud Services,BlueRiver Bank,Banking,Managed Services,"11,67,905","12,43,808","12,30,424","7,11,690","7,22,700","7,27,601","4,56,215","5,21,108","5,02,823",39.1%,41.9%,40.9%,"75,903",6.5%,"11,010",1.5%,"64,893",14.2%,16,14,87.5%,
REV-00993,2026,7,Jul,Q3,2026-07-01,Germany,USD,Cloud Services,Crestview Health,Healthcare,Fixed Price,"9,18,690","9,22,733","9,06,564","5,83,615","5,85,223","5,92,901","3,35,075","3,37,510","3,13,663",36.5%,36.6%,34.6%,"4,043",0.4%,"1,608",0.3%,"2,435",0.7%,13,11,84.6%,
REV-00994,2026,7,Jul,Q3,2026-07-01,Germany,USD,Cloud Services,Delta Manufacturing,Manufacturing,Time & Material,"10,43,800","10,06,040","10,03,337","6,34,310","6,88,592","6,85,755","4,09,490","3,17,448","3,17,582",39.2%,31.6%,31.7%,"(37,760)",-3.6%,"54,282",8.6%,"(92,042)",-22.5%,16,13,81.3%,
REV-00995,2026,7,Jul,Q3,2026-07-01,Germany,USD,Cloud Services,Evergreen Telecom,Telecommunications,Managed Services,"11,13,938","10,50,488","10,43,479","6,93,718","6,86,769","6,92,431","4,20,220","3,63,719","3,51,048",37.7%,34.6%,33.6%,"(63,450)",-5.7%,"(6,949)",-1.0%,"(56,501)",-13.4%,15,12,80.0%,
REV-00996,2026,7,Jul,Q3,2026-07-01,Germany,USD,Data & Analytics,Apex Retail Group,Retail,Time & Material,"9,63,144","10,62,978","10,76,736","5,89,259","5,91,779","5,87,234","3,73,885","4,71,199","4,89,502",38.8%,44.3%,45.5%,"99,834",10.4%,"2,520",0.4%,"97,314",26.0%,14,12,85.7%,
REV-00997,2026,7,Jul,Q3,2026-07-01,Germany,USD,Data & Analytics,BlueRiver Bank,Banking,Managed Services,"11,08,075","11,37,357","11,37,167","6,93,533","7,11,822","7,06,798","4,14,542","4,25,535","4,30,369",37.4%,37.4%,37.8%,"29,282",2.6%,"18,289",2.6%,"10,993",2.7%,16,13,81.3%,
REV-00998,2026,7,Jul,Q3,2026-07-01,Germany,USD,Data & Analytics,Crestview Health,Healthcare,Fixed Price,"8,62,342","9,22,374","9,18,255","5,37,296","5,18,317","5,20,362","3,25,046","4,04,057","3,97,893",37.7%,43.8%,43.3%,"60,032",7.0%,"(18,979)",-3.5%,"79,011",24.3%,11,9,81.8%,
REV-00999,2026,7,Jul,Q3,2026-07-01,Germany,USD,Data & Analytics,Delta Manufacturing,Manufacturing,Time & Material,"9,99,258","9,48,431","9,59,683","6,01,931","6,09,222","6,13,140","3,97,327","3,39,209","3,46,543",39.8%,35.8%,36.1%,"(50,827)",-5.1%,"7,291",1.2%,"(58,118)",-14.6%,13,10,76.9%,
REV-01000,2026,7,Jul,Q3,2026-07-01,Germany,USD,Data & Analytics,Evergreen Telecom,Telecommunications,Managed Services,"10,64,131","10,68,173","10,56,783","6,43,387","6,38,799","6,33,854","4,20,744","4,29,374","4,22,929",39.5%,40.2%,40.0%,"4,042",0.4%,"(4,588)",-0.7%,"8,630",2.1%,15,13,86.7%,
REV-01001,2026,7,Jul,Q3,2026-07-01,Germany,USD,Cybersecurity,Apex Retail Group,Retail,Time & Material,"9,13,031","8,68,678","8,81,032","5,67,263","5,62,303","5,63,470","3,45,768","3,06,375","3,17,562",37.9%,35.3%,36.0%,"(44,353)",-4.9%,"(4,960)",-0.9%,"(39,393)",-11.4%,14,11,78.6%,
REV-01002,2026,7,Jul,Q3,2026-07-01,Germany,USD,Cybersecurity,BlueRiver Bank,Banking,Managed Services,"11,07,823","11,89,909","11,65,392","6,83,483","6,70,390","6,70,198","4,24,340","5,19,519","4,95,194",38.3%,43.7%,42.5%,"82,086",7.4%,"(13,093)",-1.9%,"95,179",22.4%,16,14,87.5%,
REV-01003,2026,7,Jul,Q3,2026-07-01,Germany,USD,Cybersecurity,Crestview Health,Healthcare,Fixed Price,"8,21,847","7,83,527","7,73,072","5,12,304","4,97,012","4,98,306","3,09,543","2,86,515","2,74,766",37.7%,36.6%,35.5%,"(38,320)",-4.7%,"(15,292)",-3.0%,"(23,028)",-7.4%,11,8,72.7%,
REV-01004,2026,7,Jul,Q3,2026-07-01,Germany,USD,Cybersecurity,Delta Manufacturing,Manufacturing,Time & Material,"9,88,458","9,97,033","9,97,670","6,11,152","6,17,672","6,10,792","3,77,306","3,79,361","3,86,878",38.2%,38.0%,38.8%,"8,575",0.9%,"6,520",1.1%,"2,055",0.5%,13,11,84.6%,
REV-01005,2026,7,Jul,Q3,2026-07-01,Germany,USD,Cybersecurity,Evergreen Telecom,Telecommunications,Managed Services,"9,90,662","10,05,220","9,82,112","6,01,894","6,16,063","6,23,178","3,88,768","3,89,157","3,58,934",39.2%,38.7%,36.5%,"14,558",1.5%,"14,169",2.4%,389,0.1%,15,12,80.0%,
REV-01006,2026,7,Jul,Q3,2026-07-01,Germany,USD,Enterprise Applications,Apex Retail Group,Retail,Time & Material,"8,48,579","8,11,303","8,11,371","5,27,135","5,11,204","5,07,032","3,21,444","3,00,099","3,04,339",37.9%,37.0%,37.5%,"(37,276)",-4.4%,"(15,931)",-3.0%,"(21,345)",-6.6%,13,10,76.9%,
REV-01007,2026,7,Jul,Q3,2026-07-01,Germany,USD,Enterprise Applications,BlueRiver Bank,Banking,Managed Services,"9,80,971","10,00,714","9,78,196","6,10,241","5,94,714","5,92,127","3,70,730","4,06,000","3,86,069",37.8%,40.6%,39.5%,"19,743",2.0%,"(15,527)",-2.5%,"35,270",9.5%,14,11,78.6%,
REV-01008,2026,7,Jul,Q3,2026-07-01,Germany,USD,Enterprise Applications,Crestview Health,Healthcare,Fixed Price,"8,02,193","7,54,801","7,56,435","5,06,373","5,17,637","5,13,942","2,95,820","2,37,164","2,42,493",36.9%,31.4%,32.1%,"(47,392)",-5.9%,"11,264",2.2%,"(58,656)",-19.8%,11,8,72.7%,
REV-01009,2026,7,Jul,Q3,2026-07-01,Germany,USD,Enterprise Applications,Delta Manufacturing,Manufacturing,Time & Material,"8,95,408","9,49,550","9,53,423","5,40,561","5,49,808","5,46,685","3,54,847","3,99,742","4,06,738",39.6%,42.1%,42.7%,"54,142",6.0%,"9,247",1.7%,"44,895",12.7%,14,12,85.7%,
REV-01010,2026,7,Jul,Q3,2026-07-01,Germany,USD,Enterprise Applications,Evergreen Telecom,Telecommunications,Managed Services,"9,51,983","9,66,544","9,44,502","5,81,149","6,10,635","6,13,724","3,70,834","3,55,909","3,30,778",39.0%,36.8%,35.0%,"14,561",1.5%,"29,486",5.1%,"(14,925)",-4.0%,15,12,80.0%,
REV-01011,2026,7,Jul,Q3,2026-07-01,Germany,USD,Digital Engineering,Apex Retail Group,Retail,Time & Material,"9,22,215","9,58,406","9,38,278","5,57,703","5,56,698","5,61,294","3,64,512","4,01,708","3,76,984",39.5%,41.9%,40.2%,"36,191",3.9%,"(1,005)",-0.2%,"37,196",10.2%,14,11,78.6%,
REV-01012,2026,7,Jul,Q3,2026-07-01,Germany,USD,Digital Engineering,BlueRiver Bank,Banking,Managed Services,"10,63,391","11,22,603","11,37,137","6,57,299","6,36,233","6,34,309","4,06,092","4,86,370","5,02,828",38.2%,43.3%,44.2%,"59,212",5.6%,"(21,066)",-3.2%,"80,278",19.8%,14,12,85.7%,
REV-01013,2026,7,Jul,Q3,2026-07-01,Germany,USD,Digital Engineering,Crestview Health,Healthcare,Fixed Price,"8,42,789","8,21,716","8,35,210","5,46,744","5,42,587","5,46,624","2,96,045","2,79,129","2,88,586",35.1%,34.0%,34.6%,"(21,073)",-2.5%,"(4,157)",-0.8%,"(16,916)",-5.7%,13,11,84.6%,
REV-01014,2026,7,Jul,Q3,2026-07-01,Germany,USD,Digital Engineering,Delta Manufacturing,Manufacturing,Time & Material,"9,28,493","9,70,818","9,60,487","5,66,046","5,66,889","5,68,998","3,62,447","4,03,929","3,91,489",39.0%,41.6%,40.8%,"42,325",4.6%,843,0.1%,"41,482",11.4%,14,11,78.6%,
REV-01015,2026,7,Jul,Q3,2026-07-01,Germany,USD,Digital Engineering,Evergreen Telecom,Telecommunications,Managed Services,"9,72,780","9,23,344","9,33,690","5,90,648","5,91,433","5,97,082","3,82,132","3,31,911","3,36,608",39.3%,35.9%,36.1%,"(49,436)",-5.1%,785,0.1%,"(50,221)",-13.1%,14,11,78.6%,
REV-01016,2026,7,Jul,Q3,2026-07-01,Germany,USD,Managed Services,Apex Retail Group,Retail,Time & Material,"7,41,693","7,44,466","7,49,206","5,06,824","4,98,525","5,03,353","2,34,869","2,45,941","2,45,853",31.7%,33.0%,32.8%,"2,773",0.4%,"(8,299)",-1.6%,"11,072",4.7%,10,8,80.0%,
REV-01017,2026,7,Jul,Q3,2026-07-01,Germany,USD,Managed Services,BlueRiver Bank,Banking,Managed Services,"8,53,684","7,76,607","7,61,690","5,58,723","5,82,471","5,81,934","2,94,961","1,94,136","1,79,756",34.6%,25.0%,23.6%,"(77,077)",-9.0%,"23,748",4.3%,"(1,00,825)",-34.2%,13,10,76.9%,
REV-01018,2026,7,Jul,Q3,2026-07-01,Germany,USD,Managed Services,Crestview Health,Healthcare,Fixed Price,"6,62,539","6,47,939","6,57,569","4,67,923","4,67,757","4,70,128","1,94,616","1,80,182","1,87,441",29.4%,27.8%,28.5%,"(14,600)",-2.2%,(166),0.0%,"(14,434)",-7.4%,9,7,77.8%,
REV-01019,2026,7,Jul,Q3,2026-07-01,Germany,USD,Managed Services,Delta Manufacturing,Manufacturing,Time & Material,"7,95,704","7,63,971","7,71,787","5,35,423","5,49,850","5,55,830","2,60,281","2,14,121","2,15,957",32.7%,28.0%,28.0%,"(31,733)",-4.0%,"14,427",2.7%,"(46,160)",-17.7%,11,9,81.8%,
REV-01020,2026,7,Jul,Q3,2026-07-01,Germany,USD,Managed Services,Evergreen Telecom,Telecommunications,Managed Services,"8,41,041","9,29,041","9,29,761","5,64,609","5,56,349","5,59,201","2,76,432","3,72,692","3,70,560",32.9%,40.1%,39.9%,"88,000",10.5%,"(8,260)",-1.5%,"96,260",34.8%,11,9,81.8%,
REV-01021,2026,7,Jul,Q3,2026-07-01,Singapore,USD,Cloud Services,Apex Retail Group,Retail,Time & Material,"9,81,579","10,64,360","10,64,700","6,11,051","5,91,877","5,94,028","3,70,528","4,72,483","4,70,672",37.7%,44.4%,44.2%,"82,781",8.4%,"(19,174)",-3.1%,"1,01,955",27.5%,16,13,81.3%,
REV-01022,2026,7,Jul,Q3,2026-07-01,Singapore,USD,Cloud Services,BlueRiver Bank,Banking,Managed Services,"11,33,593","12,51,229","12,79,103","6,83,318","6,67,257","6,73,607","4,50,275","5,83,972","6,05,496",39.7%,46.7%,47.3%,"1,17,636",10.4%,"(16,061)",-2.4%,"1,33,697",29.7%,17,15,88.2%,
REV-01023,2026,7,Jul,Q3,2026-07-01,Singapore,USD,Cloud Services,Crestview Health,Healthcare,Fixed Price,"9,12,778","8,55,362","8,71,508","5,72,358","5,82,704","5,87,233","3,40,420","2,72,658","2,84,275",37.3%,31.9%,32.6%,"(57,416)",-6.3%,"10,346",1.8%,"(67,762)",-19.9%,14,11,78.6%,
REV-01024,2026,7,Jul,Q3,2026-07-01,Singapore,USD,Cloud Services,Delta Manufacturing,Manufacturing,Time & Material,"10,07,886","11,08,460","11,08,591","6,24,995","6,48,062","6,42,113","3,82,891","4,60,398","4,66,478",38.0%,41.5%,42.1%,"1,00,574",10.0%,"23,067",3.7%,"77,507",20.2%,16,14,87.5%,
REV-01025,2026,7,Jul,Q3,2026-07-01,Singapore,USD,Cloud Services,Evergreen Telecom,Telecommunications,Managed Services,"10,90,444","10,46,823","10,52,197","6,60,393","6,52,361","6,47,511","4,30,051","3,94,462","4,04,686",39.4%,37.7%,38.5%,"(43,621)",-4.0%,"(8,032)",-1.2%,"(35,589)",-8.3%,16,13,81.3%,
REV-01026,2026,7,Jul,Q3,2026-07-01,Singapore,USD,Data & Analytics,Apex Retail Group,Retail,Time & Material,"8,93,379","9,27,150","9,37,424","5,58,558","5,76,765","5,72,859","3,34,821","3,50,385","3,64,565",37.5%,37.8%,38.9%,"33,771",3.8%,"18,207",3.3%,"15,564",4.6%,13,10,76.9%,
REV-01027,2026,7,Jul,Q3,2026-07-01,Singapore,USD,Data & Analytics,BlueRiver Bank,Banking,Managed Services,"10,88,474","11,35,417","11,09,595","6,66,742","6,75,239","6,81,665","4,21,732","4,60,178","4,27,930",38.7%,40.5%,38.6%,"46,943",4.3%,"8,497",1.3%,"38,446",9.1%,18,15,83.3%,
REV-01028,2026,7,Jul,Q3,2026-07-01,Singapore,USD,Data & Analytics,Crestview Health,Healthcare,Fixed Price,"8,35,607","8,40,319","8,27,348","5,40,312","5,27,112","5,33,208","2,95,295","3,13,207","2,94,140",35.3%,37.3%,35.6%,"4,712",0.6%,"(13,200)",-2.4%,"17,912",6.1%,12,9,75.0%,
REV-01029,2026,7,Jul,Q3,2026-07-01,Singapore,USD,Data & Analytics,Delta Manufacturing,Manufacturing,Time & Material,"9,53,127","8,88,672","8,82,445","5,95,125","5,81,611","5,86,310","3,58,002","3,07,061","2,96,135",37.6%,34.6%,33.6%,"(64,455)",-6.8%,"(13,514)",-2.3%,"(50,941)",-14.2%,14,10,71.4%,
REV-01030,2026,7,Jul,Q3,2026-07-01,Singapore,USD,Data & Analytics,Evergreen Telecom,Telecommunications,Managed Services,"9,95,543","9,86,994","9,89,251","6,23,453","6,03,926","6,04,125","3,72,090","3,83,068","3,85,126",37.4%,38.8%,38.9%,"(8,549)",-0.9%,"(19,527)",-3.1%,"10,978",3.0%,16,13,81.3%,
REV-01031,2026,7,Jul,Q3,2026-07-01,Singapore,USD,Cybersecurity,Apex Retail Group,Retail,Time & Material,"9,21,575","8,40,779","8,52,071","5,69,445","5,82,350","5,78,216","3,52,130","2,58,429","2,73,855",38.2%,30.7%,32.1%,"(80,796)",-8.8%,"12,905",2.3%,"(93,701)",-26.6%,13,10,76.9%,
REV-01032,2026,7,Jul,Q3,2026-07-01,Singapore,USD,Cybersecurity,BlueRiver Bank,Banking,Managed Services,"9,99,445","9,16,248","9,17,279","6,00,388","5,94,558","5,88,219","3,99,057","3,21,690","3,29,060",39.9%,35.1%,35.9%,"(83,197)",-8.3%,"(5,830)",-1.0%,"(77,367)",-19.4%,14,10,71.4%,
REV-01033,2026,7,Jul,Q3,2026-07-01,Singapore,USD,Cybersecurity,Crestview Health,Healthcare,Fixed Price,"8,11,200","8,79,999","8,97,517","5,22,497","5,24,316","5,23,450","2,88,703","3,55,683","3,74,067",35.6%,40.4%,41.7%,"68,799",8.5%,"1,819",0.3%,"66,980",23.2%,12,11,91.7%,
REV-01034,2026,7,Jul,Q3,2026-07-01,Singapore,USD,Cybersecurity,Delta Manufacturing,Manufacturing,Time & Material,"9,20,018","8,70,029","8,51,815","5,71,285","5,63,216","5,57,096","3,48,733","3,06,813","2,94,719",37.9%,35.3%,34.6%,"(49,989)",-5.4%,"(8,069)",-1.4%,"(41,920)",-12.0%,14,11,78.6%,
REV-01035,2026,7,Jul,Q3,2026-07-01,Singapore,USD,Cybersecurity,Evergreen Telecom,Telecommunications,Managed Services,"10,10,041","9,32,316","9,17,414","6,23,893","6,04,811","6,07,964","3,86,148","3,27,505","3,09,450",38.2%,35.1%,33.7%,"(77,725)",-7.7%,"(19,082)",-3.1%,"(58,643)",-15.2%,16,12,75.0%,
REV-01036,2026,7,Jul,Q3,2026-07-01,Singapore,USD,Enterprise Applications,Apex Retail Group,Retail,Time & Material,"8,28,349","8,44,063","8,47,681","5,07,229","5,17,117","5,14,433","3,21,120","3,26,946","3,33,248",38.8%,38.7%,39.3%,"15,714",1.9%,"9,888",1.9%,"5,826",1.8%,13,10,76.9%,
REV-01037,2026,7,Jul,Q3,2026-07-01,Singapore,USD,Enterprise Applications,BlueRiver Bank,Banking,Managed Services,"9,98,877","9,90,326","9,81,177","6,27,901","5,97,423","5,94,357","3,70,976","3,92,903","3,86,820",37.1%,39.7%,39.4%,"(8,551)",-0.9%,"(30,478)",-4.9%,"21,927",5.9%,16,13,81.3%,
REV-01038,2026,7,Jul,Q3,2026-07-01,Singapore,USD,Enterprise Applications,Crestview Health,Healthcare,Fixed Price,"7,79,207","8,45,003","8,25,879","4,86,852","5,08,617","5,03,498","2,92,355","3,36,386","3,22,381",37.5%,39.8%,39.0%,"65,796",8.4%,"21,765",4.5%,"44,031",15.1%,11,9,81.8%,
REV-01039,2026,7,Jul,Q3,2026-07-01,Singapore,USD,Enterprise Applications,Delta Manufacturing,Manufacturing,Time & Material,"8,75,961","8,33,025","8,45,373","5,48,175","5,64,962","5,62,658","3,27,786","2,68,063","2,82,715",37.4%,32.2%,33.4%,"(42,936)",-4.9%,"16,787",3.1%,"(59,723)",-18.2%,14,11,78.6%,
REV-01040,2026,7,Jul,Q3,2026-07-01,Singapore,USD,Enterprise Applications,Evergreen Telecom,Telecommunications,Managed Services,"9,49,627","9,23,508","9,20,392","5,88,011","6,10,818","6,17,257","3,61,616","3,12,690","3,03,135",38.1%,33.9%,32.9%,"(26,119)",-2.8%,"22,807",3.9%,"(48,926)",-13.5%,13,10,76.9%,
REV-01041,2026,7,Jul,Q3,2026-07-01,Singapore,USD,Digital Engineering,Apex Retail Group,Retail,Time & Material,"8,67,824","8,59,412","8,59,366","5,40,770","5,54,863","5,53,005","3,27,054","3,04,549","3,06,361",37.7%,35.4%,35.6%,"(8,412)",-1.0%,"14,093",2.6%,"(22,505)",-6.9%,13,11,84.6%,
REV-01042,2026,7,Jul,Q3,2026-07-01,Singapore,USD,Digital Engineering,BlueRiver Bank,Banking,Managed Services,"10,34,764","10,01,202","9,77,733","6,32,486","6,26,768","6,24,557","4,02,278","3,74,434","3,53,176",38.9%,37.4%,36.1%,"(33,562)",-3.2%,"(5,718)",-0.9%,"(27,844)",-6.9%,16,13,81.3%,
REV-01043,2026,7,Jul,Q3,2026-07-01,Singapore,USD,Digital Engineering,Crestview Health,Healthcare,Fixed Price,"7,99,508","8,09,357","8,02,457","5,21,524","5,13,337","5,12,359","2,77,984","2,96,020","2,90,098",34.8%,36.6%,36.2%,"9,849",1.2%,"(8,187)",-1.6%,"18,036",6.5%,11,9,81.8%,
REV-01044,2026,7,Jul,Q3,2026-07-01,Singapore,USD,Digital Engineering,Delta Manufacturing,Manufacturing,Time & Material,"8,88,925","8,66,751","8,83,604","5,34,708","5,75,895","5,75,147","3,54,217","2,90,856","3,08,457",39.8%,33.6%,34.9%,"(22,174)",-2.5%,"41,187",7.7%,"(63,361)",-17.9%,13,11,84.6%,
REV-01045,2026,7,Jul,Q3,2026-07-01,Singapore,USD,Digital Engineering,Evergreen Telecom,Telecommunications,Managed Services,"9,87,052","9,24,378","9,44,694","6,06,002","5,97,010","5,92,944","3,81,050","3,27,368","3,51,750",38.6%,35.4%,37.2%,"(62,674)",-6.3%,"(8,992)",-1.5%,"(53,682)",-14.1%,15,12,80.0%,
REV-01046,2026,7,Jul,Q3,2026-07-01,Singapore,USD,Managed Services,Apex Retail Group,Retail,Time & Material,"7,22,329","7,32,401","7,25,101","4,85,681","4,88,258","4,91,272","2,36,648","2,44,143","2,33,829",32.8%,33.3%,32.2%,"10,072",1.4%,"2,577",0.5%,"7,495",3.2%,10,8,80.0%,
REV-01047,2026,7,Jul,Q3,2026-07-01,Singapore,USD,Managed Services,BlueRiver Bank,Banking,Managed Services,"8,05,119","8,58,926","8,58,956","5,47,836","5,78,766","5,75,884","2,57,283","2,80,160","2,83,072",32.0%,32.6%,33.0%,"53,807",6.7%,"30,930",5.6%,"22,877",8.9%,11,10,90.9%,
REV-01048,2026,7,Jul,Q3,2026-07-01,Singapore,USD,Managed Services,Crestview Health,Healthcare,Fixed Price,"6,45,461","6,03,512","5,99,521","4,40,804","4,58,471","4,62,878","2,04,657","1,45,041","1,36,643",31.7%,24.0%,22.8%,"(41,949)",-6.5%,"17,667",4.0%,"(59,616)",-29.1%,10,8,80.0%,
REV-01049,2026,7,Jul,Q3,2026-07-01,Singapore,USD,Managed Services,Delta Manufacturing,Manufacturing,Time & Material,"7,23,886","7,63,907","7,65,527","4,80,029","4,72,889","4,70,652","2,43,857","2,91,018","2,94,875",33.7%,38.1%,38.5%,"40,021",5.5%,"(7,140)",-1.5%,"47,161",19.3%,11,9,81.8%,
REV-01050,2026,7,Jul,Q3,2026-07-01,Singapore,USD,Managed Services,Evergreen Telecom,Telecommunications,Managed Services,"7,86,217","8,21,339","8,26,136","5,24,129","5,17,497","5,16,371","2,62,088","3,03,842","3,09,765",33.3%,37.0%,37.5%,"35,122",4.5%,"(6,632)",-1.3%,"41,754",15.9%,11,9,81.8%,
REV-01051,2026,8,Aug,Q3,2026-08-01,India,USD,Cloud Services,Apex Retail Group,Retail,Time & Material,"7,36,330","7,59,181","7,72,566","4,63,002","4,55,095","4,52,802","2,73,328","3,04,086","3,19,764",37.1%,40.1%,41.4%,"22,851",3.1%,"(7,907)",-1.7%,"30,758",11.3%,16,13,81.3%,
REV-01052,2026,8,Aug,Q3,2026-08-01,India,USD,Cloud Services,BlueRiver Bank,Banking,Managed Services,"8,66,470","7,83,700","7,90,810","5,23,373","5,43,155","5,37,284","3,43,097","2,40,545","2,53,526",39.6%,30.7%,32.1%,"(82,770)",-9.6%,"19,782",3.8%,"(1,02,552)",-29.9%,16,13,81.3%,
REV-01053,2026,8,Aug,Q3,2026-08-01,India,USD,Cloud Services,Crestview Health,Healthcare,Fixed Price,"6,80,527","6,16,014","6,14,179","4,24,758","4,28,457","4,29,102","2,55,769","1,87,557","1,85,077",37.6%,30.4%,30.1%,"(64,513)",-9.5%,"3,699",0.9%,"(68,212)",-26.7%,13,10,76.9%,
REV-01054,2026,8,Aug,Q3,2026-08-01,India,USD,Cloud Services,Delta Manufacturing,Manufacturing,Time & Material,"7,59,371","7,03,307","6,87,357","4,57,627","4,58,212","4,53,225","3,01,744","2,45,095","2,34,132",39.7%,34.8%,34.1%,"(56,064)",-7.4%,585,0.1%,"(56,649)",-18.8%,16,13,81.3%,
REV-01055,2026,8,Aug,Q3,2026-08-01,India,USD,Cloud Services,Evergreen Telecom,Telecommunications,Managed Services,"8,00,147","8,01,179","8,03,648","4,87,127","4,93,543","4,95,527","3,13,020","3,07,636","3,08,121",39.1%,38.4%,38.3%,"1,032",0.1%,"6,416",1.3%,"(5,384)",-1.7%,15,12,80.0%,
REV-01056,2026,8,Aug,Q3,2026-08-01,India,USD,Data & Analytics,Apex Retail Group,Retail,Time & Material,"7,08,097","7,73,565","7,87,266","4,33,529","4,59,271","4,60,152","2,74,568","3,14,294","3,27,114",38.8%,40.6%,41.6%,"65,468",9.2%,"25,742",5.9%,"39,726",14.5%,14,12,85.7%,
REV-01057,2026,8,Aug,Q3,2026-08-01,India,USD,Data & Analytics,BlueRiver Bank,Banking,Managed Services,"8,08,157","8,65,707","8,78,975","4,92,395","4,96,975","5,01,936","3,15,762","3,68,732","3,77,039",39.1%,42.6%,42.9%,"57,550",7.1%,"4,580",0.9%,"52,970",16.8%,17,14,82.4%,
REV-01058,2026,8,Aug,Q3,2026-08-01,India,USD,Data & Analytics,Crestview Health,Healthcare,Fixed Price,"6,66,721","6,68,927","6,78,103","4,35,255","4,45,733","4,51,009","2,31,466","2,23,194","2,27,094",34.7%,33.4%,33.5%,"2,206",0.3%,"10,478",2.4%,"(8,272)",-3.6%,13,10,76.9%,
REV-01059,2026,8,Aug,Q3,2026-08-01,India,USD,Data & Analytics,Delta Manufacturing,Manufacturing,Time & Material,"7,38,649","7,80,711","7,70,966","4,47,622","4,62,034","4,67,598","2,91,027","3,18,677","3,03,368",39.4%,40.8%,39.3%,"42,062",5.7%,"14,412",3.2%,"27,650",9.5%,13,11,84.6%,
REV-01060,2026,8,Aug,Q3,2026-08-01,India,USD,Data & Analytics,Evergreen Telecom,Telecommunications,Managed Services,"7,69,060","7,98,258","8,15,610","4,66,432","4,51,613","4,47,824","3,02,628","3,46,645","3,67,786",39.4%,43.4%,45.1%,"29,198",3.8%,"(14,819)",-3.2%,"44,017",14.5%,15,12,80.0%,
REV-01061,2026,8,Aug,Q3,2026-08-01,India,USD,Cybersecurity,Apex Retail Group,Retail,Time & Material,"6,74,040","7,26,494","7,32,530","4,15,391","3,93,888","3,93,810","2,58,649","3,32,606","3,38,720",38.4%,45.8%,46.2%,"52,454",7.8%,"(21,503)",-5.2%,"73,957",28.6%,14,12,85.7%,
REV-01062,2026,8,Aug,Q3,2026-08-01,India,USD,Cybersecurity,BlueRiver Bank,Banking,Managed Services,"8,27,328","8,79,056","8,97,347","5,14,267","5,20,754","5,18,947","3,13,061","3,58,302","3,78,400",37.8%,40.8%,42.2%,"51,728",6.3%,"6,487",1.3%,"45,241",14.5%,15,12,80.0%,
REV-01063,2026,8,Aug,Q3,2026-08-01,India,USD,Cybersecurity,Crestview Health,Healthcare,Fixed Price,"6,48,620","6,89,769","7,00,123","4,22,799","4,35,477","4,33,512","2,25,821","2,54,292","2,66,611",34.8%,36.9%,38.1%,"41,149",6.3%,"12,678",3.0%,"28,471",12.6%,13,11,84.6%,
REV-01064,2026,8,Aug,Q3,2026-08-01,India,USD,Cybersecurity,Delta Manufacturing,Manufacturing,Time & Material,"7,04,467","7,70,091","7,81,973","4,26,985","4,17,187","4,20,457","2,77,482","3,52,904","3,61,516",39.4%,45.8%,46.2%,"65,624",9.3%,"(9,798)",-2.3%,"75,422",27.2%,15,13,86.7%,
REV-01065,2026,8,Aug,Q3,2026-08-01,India,USD,Cybersecurity,Evergreen Telecom,Telecommunications,Managed Services,"7,45,673","8,06,967","8,15,434","4,50,857","4,55,014","4,56,353","2,94,816","3,51,953","3,59,081",39.5%,43.6%,44.0%,"61,294",8.2%,"4,157",0.9%,"57,137",19.4%,15,12,80.0%,
REV-01066,2026,8,Aug,Q3,2026-08-01,India,USD,Enterprise Applications,Apex Retail Group,Retail,Time & Material,"6,39,543","6,23,526","6,18,243","3,94,274","4,01,327","4,02,017","2,45,269","2,22,199","2,16,226",38.4%,35.6%,35.0%,"(16,017)",-2.5%,"7,053",1.8%,"(23,070)",-9.4%,12,10,83.3%,
REV-01067,2026,8,Aug,Q3,2026-08-01,India,USD,Enterprise Applications,BlueRiver Bank,Banking,Managed Services,"7,48,728","6,70,452","6,59,186","4,70,504","4,68,050","4,70,375","2,78,224","2,02,402","1,88,811",37.2%,30.2%,28.6%,"(78,276)",-10.5%,"(2,454)",-0.5%,"(75,822)",-27.3%,14,11,78.6%,
REV-01068,2026,8,Aug,Q3,2026-08-01,India,USD,Enterprise Applications,Crestview Health,Healthcare,Fixed Price,"6,00,026","5,79,881","5,65,695","3,92,415","3,91,206","3,92,187","2,07,611","1,88,675","1,73,508",34.6%,32.5%,30.7%,"(20,145)",-3.4%,"(1,209)",-0.3%,"(18,936)",-9.1%,11,9,81.8%,
REV-01069,2026,8,Aug,Q3,2026-08-01,India,USD,Enterprise Applications,Delta Manufacturing,Manufacturing,Time & Material,"6,62,397","6,93,734","6,80,054","4,04,376","4,22,794","4,20,226","2,58,021","2,70,940","2,59,828",39.0%,39.1%,38.2%,"31,337",4.7%,"18,418",4.6%,"12,919",5.0%,14,11,78.6%,
REV-01070,2026,8,Aug,Q3,2026-08-01,India,USD,Enterprise Applications,Evergreen Telecom,Telecommunications,Managed Services,"7,39,674","6,80,176","6,77,862","4,47,246","4,66,803","4,64,972","2,92,428","2,13,373","2,12,890",39.5%,31.4%,31.4%,"(59,498)",-8.0%,"19,557",4.4%,"(79,055)",-27.0%,14,11,78.6%,
REV-01071,2026,8,Aug,Q3,2026-08-01,India,USD,Digital Engineering,Apex Retail Group,Retail,Time & Material,"6,95,170","7,50,795","7,38,706","4,16,901","4,22,366","4,19,342","2,78,269","3,28,429","3,19,364",40.0%,43.7%,43.2%,"55,625",8.0%,"5,465",1.3%,"50,160",18.0%,15,13,86.7%,
REV-01072,2026,8,Aug,Q3,2026-08-01,India,USD,Digital Engineering,BlueRiver Bank,Banking,Managed Services,"8,01,221","7,97,676","7,99,194","4,92,819","4,68,783","4,72,299","3,08,402","3,28,893","3,26,895",38.5%,41.2%,40.9%,"(3,545)",-0.4%,"(24,036)",-4.9%,"20,491",6.6%,16,13,81.3%,
REV-01073,2026,8,Aug,Q3,2026-08-01,India,USD,Digital Engineering,Crestview Health,Healthcare,Fixed Price,"5,94,531","5,73,737","5,68,332","3,81,521","3,67,289","3,69,824","2,13,010","2,06,448","1,98,508",35.8%,36.0%,34.9%,"(20,794)",-3.5%,"(14,232)",-3.7%,"(6,562)",-3.1%,11,8,72.7%,
REV-01074,2026,8,Aug,Q3,2026-08-01,India,USD,Digital Engineering,Delta Manufacturing,Manufacturing,Time & Material,"7,28,324","7,11,026","6,93,352","4,50,113","4,70,586","4,66,065","2,78,211","2,40,440","2,27,287",38.2%,33.8%,32.8%,"(17,298)",-2.4%,"20,473",4.5%,"(37,771)",-13.6%,14,11,78.6%,
REV-01075,2026,8,Aug,Q3,2026-08-01,India,USD,Digital Engineering,Evergreen Telecom,Telecommunications,Managed Services,"7,63,026","7,01,702","6,97,322","4,63,199","4,53,575","4,53,398","2,99,827","2,48,127","2,43,924",39.3%,35.4%,35.0%,"(61,324)",-8.0%,"(9,624)",-2.1%,"(51,700)",-17.2%,15,12,80.0%,
REV-01076,2026,8,Aug,Q3,2026-08-01,India,USD,Managed Services,Apex Retail Group,Retail,Time & Material,"5,48,930","4,94,533","4,98,536","3,58,897","3,45,509","3,45,532","1,90,033","1,49,024","1,53,004",34.6%,30.1%,30.7%,"(54,397)",-9.9%,"(13,388)",-3.7%,"(41,009)",-21.6%,10,8,80.0%,
REV-01077,2026,8,Aug,Q3,2026-08-01,India,USD,Managed Services,BlueRiver Bank,Banking,Managed Services,"6,30,324","6,80,287","6,93,496","4,12,877","3,82,016","3,84,770","2,17,447","2,98,271","3,08,726",34.5%,43.8%,44.5%,"49,963",7.9%,"(30,861)",-7.5%,"80,824",37.2%,13,11,84.6%,
REV-01078,2026,8,Aug,Q3,2026-08-01,India,USD,Managed Services,Crestview Health,Healthcare,Fixed Price,"5,15,843","4,79,217","4,67,393","3,62,528","3,69,728","3,65,258","1,53,315","1,09,489","1,02,135",29.7%,22.8%,21.9%,"(36,626)",-7.1%,"7,200",2.0%,"(43,826)",-28.6%,11,9,81.8%,
REV-01079,2026,8,Aug,Q3,2026-08-01,India,USD,Managed Services,Delta Manufacturing,Manufacturing,Time & Material,"5,58,331","5,72,517","5,81,021","3,81,993","3,75,951","3,71,493","1,76,338","1,96,566","2,09,528",31.6%,34.3%,36.1%,"14,186",2.5%,"(6,042)",-1.6%,"20,228",11.5%,12,10,83.3%,
REV-01080,2026,8,Aug,Q3,2026-08-01,India,USD,Managed Services,Evergreen Telecom,Telecommunications,Managed Services,"5,91,977","6,26,519","6,34,053","3,92,346","3,73,975","3,77,121","1,99,631","2,52,544","2,56,932",33.7%,40.3%,40.5%,"34,542",5.8%,"(18,371)",-4.7%,"52,913",26.5%,12,10,83.3%,
REV-01081,2026,8,Aug,Q3,2026-08-01,United States,USD,Cloud Services,Apex Retail Group,Retail,Time & Material,"13,41,001","14,20,276","14,06,893","8,26,483","8,48,720","8,48,521","5,14,518","5,71,556","5,58,372",38.4%,40.2%,39.7%,"79,275",5.9%,"22,237",2.7%,"57,038",11.1%,14,12,85.7%,
REV-01082,2026,8,Aug,Q3,2026-08-01,United States,USD,Cloud Services,BlueRiver Bank,Banking,Managed Services,"15,18,667","13,80,445","13,73,494","9,52,561","9,99,762","9,94,176","5,66,106","3,80,683","3,79,318",37.3%,27.6%,27.6%,"(1,38,222)",-9.1%,"47,201",5.0%,"(1,85,423)",-32.8%,17,13,76.5%,
REV-01083,2026,8,Aug,Q3,2026-08-01,United States,USD,Cloud Services,Crestview Health,Healthcare,Fixed Price,"11,54,527","11,77,836","11,95,890","7,22,074","7,15,923","7,13,296","4,32,453","4,61,913","4,82,594",37.5%,39.2%,40.4%,"23,309",2.0%,"(6,151)",-0.9%,"29,460",6.8%,14,11,78.6%,
REV-01084,2026,8,Aug,Q3,2026-08-01,United States,USD,Cloud Services,Delta Manufacturing,Manufacturing,Time & Material,"14,05,993","14,65,901","14,31,563","8,54,931","8,44,224","8,46,568","5,51,062","6,21,677","5,84,995",39.2%,42.4%,40.9%,"59,908",4.3%,"(10,707)",-1.3%,"70,615",12.8%,16,13,81.3%,
REV-01085,2026,8,Aug,Q3,2026-08-01,United States,USD,Cloud Services,Evergreen Telecom,Telecommunications,Managed Services,"14,24,383","15,12,625","15,34,136","8,81,585","9,11,901","9,17,912","5,42,798","6,00,724","6,16,224",38.1%,39.7%,40.2%,"88,242",6.2%,"30,316",3.4%,"57,926",10.7%,16,13,81.3%,
REV-01086,2026,8,Aug,Q3,2026-08-01,United States,USD,Data & Analytics,Apex Retail Group,Retail,Time & Material,"12,24,783","12,09,726","12,36,534","7,47,141","7,27,776","7,27,233","4,77,642","4,81,950","5,09,301",39.0%,39.8%,41.2%,"(15,057)",-1.2%,"(19,365)",-2.6%,"4,308",0.9%,14,11,78.6%,
REV-01087,2026,8,Aug,Q3,2026-08-01,United States,USD,Data & Analytics,BlueRiver Bank,Banking,Managed Services,"13,93,406","14,23,593","14,52,087","8,68,816","8,44,942","8,38,521","5,24,590","5,78,651","6,13,566",37.6%,40.6%,42.3%,"30,187",2.2%,"(23,874)",-2.7%,"54,061",10.3%,16,14,87.5%,
REV-01088,2026,8,Aug,Q3,2026-08-01,United States,USD,Data & Analytics,Crestview Health,Healthcare,Fixed Price,"11,52,004","10,37,106","10,37,337","7,43,711","7,37,683","7,37,036","4,08,293","2,99,423","3,00,301",35.4%,28.9%,28.9%,"(1,14,898)",-10.0%,"(6,028)",-0.8%,"(1,08,870)",-26.7%,12,9,75.0%,
REV-01089,2026,8,Aug,Q3,2026-08-01,United States,USD,Data & Analytics,Delta Manufacturing,Manufacturing,Time & Material,"12,53,043","11,35,960","11,10,413","7,69,623","7,95,226","8,04,946","4,83,420","3,40,734","3,05,467",38.6%,30.0%,27.5%,"(1,17,083)",-9.3%,"25,603",3.3%,"(1,42,686)",-29.5%,15,11,73.3%,
REV-01090,2026,8,Aug,Q3,2026-08-01,United States,USD,Data & Analytics,Evergreen Telecom,Telecommunications,Managed Services,"14,01,335","13,73,463","13,40,396","8,77,744","9,10,814","9,17,102","5,23,591","4,62,649","4,23,294",37.4%,33.7%,31.6%,"(27,872)",-2.0%,"33,070",3.8%,"(60,942)",-11.6%,17,14,82.4%,
REV-01091,2026,8,Aug,Q3,2026-08-01,United States,USD,Cybersecurity,Apex Retail Group,Retail,Time & Material,"12,19,234","12,50,331","12,51,660","7,35,644","7,15,850","7,10,994","4,83,590","5,34,481","5,40,666",39.7%,42.7%,43.2%,"31,097",2.6%,"(19,794)",-2.7%,"50,891",10.5%,15,12,80.0%,
REV-01092,2026,8,Aug,Q3,2026-08-01,United States,USD,Cybersecurity,BlueRiver Bank,Banking,Managed Services,"13,99,697","13,33,775","13,44,001","8,63,278","8,97,696","8,98,464","5,36,419","4,36,079","4,45,537",38.3%,32.7%,33.2%,"(65,922)",-4.7%,"34,418",4.0%,"(1,00,340)",-18.7%,17,13,76.5%,
REV-01093,2026,8,Aug,Q3,2026-08-01,United States,USD,Cybersecurity,Crestview Health,Healthcare,Fixed Price,"10,94,025","10,13,372","9,98,408","6,93,624","7,12,797","7,12,510","4,00,401","3,00,575","2,85,898",36.6%,29.7%,28.6%,"(80,653)",-7.4%,"19,173",2.8%,"(99,826)",-24.9%,14,11,78.6%,
REV-01094,2026,8,Aug,Q3,2026-08-01,United States,USD,Cybersecurity,Delta Manufacturing,Manufacturing,Time & Material,"12,30,235","13,38,143","13,33,861","7,53,000","7,46,460","7,51,965","4,77,235","5,91,683","5,81,896",38.8%,44.2%,43.6%,"1,07,908",8.8%,"(6,540)",-0.9%,"1,14,448",24.0%,13,11,84.6%,
REV-01095,2026,8,Aug,Q3,2026-08-01,United States,USD,Cybersecurity,Evergreen Telecom,Telecommunications,Managed Services,"13,00,814","11,94,781","12,16,952","7,97,790","8,14,030","8,15,690","5,03,024","3,80,751","4,01,262",38.7%,31.9%,33.0%,"(1,06,033)",-8.2%,"16,240",2.0%,"(1,22,273)",-24.3%,16,12,75.0%,
REV-01096,2026,8,Aug,Q3,2026-08-01,United States,USD,Enterprise Applications,Apex Retail Group,Retail,Time & Material,"10,99,761","10,67,049","10,56,860","6,87,199","7,14,179","7,06,892","4,12,562","3,52,870","3,49,968",37.5%,33.1%,33.1%,"(32,712)",-3.0%,"26,980",3.9%,"(59,692)",-14.5%,13,10,76.9%,
REV-01097,2026,8,Aug,Q3,2026-08-01,United States,USD,Enterprise Applications,BlueRiver Bank,Banking,Managed Services,"13,30,889","12,40,523","12,41,059","7,99,905","8,49,079","8,57,687","5,30,984","3,91,444","3,83,372",39.9%,31.6%,30.9%,"(90,366)",-6.8%,"49,174",6.1%,"(1,39,540)",-26.3%,15,12,80.0%,
REV-01098,2026,8,Aug,Q3,2026-08-01,United States,USD,Enterprise Applications,Crestview Health,Healthcare,Fixed Price,"10,15,671","10,88,527","10,74,907","6,50,181","6,40,397","6,43,875","3,65,490","4,48,130","4,31,032",36.0%,41.2%,40.1%,"72,856",7.2%,"(9,784)",-1.5%,"82,640",22.6%,11,10,90.9%,
REV-01099,2026,8,Aug,Q3,2026-08-01,United States,USD,Enterprise Applications,Delta Manufacturing,Manufacturing,Time & Material,"11,52,875","10,50,974","10,62,690","6,92,748","6,76,390","6,77,330","4,60,127","3,74,584","3,85,360",39.9%,35.6%,36.3%,"(1,01,901)",-8.8%,"(16,358)",-2.4%,"(85,543)",-18.6%,12,9,75.0%,
REV-01100,2026,8,Aug,Q3,2026-08-01,United States,USD,Enterprise Applications,Evergreen Telecom,Telecommunications,Managed Services,"12,28,880","12,57,520","12,54,492","7,68,366","7,70,032","7,70,664","4,60,514","4,87,488","4,83,828",37.5%,38.8%,38.6%,"28,640",2.3%,"1,666",0.2%,"26,974",5.9%,14,12,85.7%,
REV-01101,2026,8,Aug,Q3,2026-08-01,United States,USD,Digital Engineering,Apex Retail Group,Retail,Time & Material,"11,70,583","12,47,629","12,28,944","7,28,644","7,34,981","7,36,885","4,41,939","5,12,648","4,92,059",37.8%,41.1%,40.0%,"77,046",6.6%,"6,337",0.9%,"70,709",16.0%,13,11,84.6%,
REV-01102,2026,8,Aug,Q3,2026-08-01,United States,USD,Digital Engineering,BlueRiver Bank,Banking,Managed Services,"13,67,192","12,25,281","12,29,537","8,19,089","8,45,866","8,44,459","5,48,103","3,79,415","3,85,078",40.1%,31.0%,31.3%,"(1,41,911)",-10.4%,"26,777",3.3%,"(1,68,688)",-30.8%,16,12,75.0%,
REV-01103,2026,8,Aug,Q3,2026-08-01,United States,USD,Digital Engineering,Crestview Health,Healthcare,Fixed Price,"10,70,847","9,88,645","9,75,475","6,91,567","7,11,344","7,15,713","3,79,280","2,77,301","2,59,762",35.4%,28.0%,26.6%,"(82,202)",-7.7%,"19,777",2.9%,"(1,01,979)",-26.9%,13,10,76.9%,
REV-01104,2026,8,Aug,Q3,2026-08-01,United States,USD,Digital Engineering,Delta Manufacturing,Manufacturing,Time & Material,"12,36,678","13,32,429","13,00,716","7,40,137","7,32,812","7,30,080","4,96,541","5,99,617","5,70,636",40.2%,45.0%,43.9%,"95,751",7.7%,"(7,325)",-1.0%,"1,03,076",20.8%,13,11,84.6%,
REV-01105,2026,8,Aug,Q3,2026-08-01,United States,USD,Digital Engineering,Evergreen Telecom,Telecommunications,Managed Services,"12,51,025","12,17,416","12,05,763","7,60,746","7,53,596","7,58,407","4,90,279","4,63,820","4,47,356",39.2%,38.1%,37.1%,"(33,609)",-2.7%,"(7,150)",-0.9%,"(26,459)",-5.4%,14,11,78.6%,
REV-01106,2026,8,Aug,Q3,2026-08-01,United States,USD,Managed Services,Apex Retail Group,Retail,Time & Material,"9,29,040","8,83,620","8,78,009","6,18,856","5,98,137","5,90,820","3,10,184","2,85,483","2,87,189",33.4%,32.3%,32.7%,"(45,420)",-4.9%,"(20,719)",-3.3%,"(24,701)",-8.0%,10,8,80.0%,
REV-01107,2026,8,Aug,Q3,2026-08-01,United States,USD,Managed Services,BlueRiver Bank,Banking,Managed Services,"10,86,055","10,99,300","11,13,374","7,17,084","7,28,634","7,25,825","3,68,971","3,70,666","3,87,549",34.0%,33.7%,34.8%,"13,245",1.2%,"11,550",1.6%,"1,695",0.5%,11,9,81.8%,
REV-01108,2026,8,Aug,Q3,2026-08-01,United States,USD,Managed Services,Crestview Health,Healthcare,Fixed Price,"8,46,425","8,51,076","8,61,377","5,77,100","5,93,913","5,98,322","2,69,325","2,57,163","2,63,055",31.8%,30.2%,30.5%,"4,651",0.5%,"16,813",2.9%,"(12,162)",-4.5%,9,7,77.8%,
REV-01109,2026,8,Aug,Q3,2026-08-01,United States,USD,Managed Services,Delta Manufacturing,Manufacturing,Time & Material,"10,05,626","10,82,855","10,80,897","6,84,577","6,97,719","6,93,114","3,21,049","3,85,136","3,87,783",31.9%,35.6%,35.9%,"77,229",7.7%,"13,142",1.9%,"64,087",20.0%,11,9,81.8%,
REV-01110,2026,8,Aug,Q3,2026-08-01,United States,USD,Managed Services,Evergreen Telecom,Telecommunications,Managed Services,"10,56,261","10,72,648","10,62,932","7,13,742","7,06,447","7,06,588","3,42,519","3,66,201","3,56,344",32.4%,34.1%,33.5%,"16,387",1.6%,"(7,295)",-1.0%,"23,682",6.9%,13,11,84.6%,
REV-01111,2026,8,Aug,Q3,2026-08-01,United Kingdom,USD,Cloud Services,Apex Retail Group,Retail,Time & Material,"11,07,856","10,75,648","10,83,839","6,67,303","6,93,429","6,87,616","4,40,553","3,82,219","3,96,223",39.8%,35.5%,36.6%,"(32,208)",-2.9%,"26,126",3.9%,"(58,334)",-13.2%,14,11,78.6%,
REV-01112,2026,8,Aug,Q3,2026-08-01,United Kingdom,USD,Cloud Services,BlueRiver Bank,Banking,Managed Services,"12,80,247","13,07,168","13,33,943","7,84,417","7,66,835","7,65,246","4,95,830","5,40,333","5,68,697",38.7%,41.3%,42.6%,"26,921",2.1%,"(17,582)",-2.2%,"44,503",9.0%,18,15,83.3%,
REV-01113,2026,8,Aug,Q3,2026-08-01,United Kingdom,USD,Cloud Services,Crestview Health,Healthcare,Fixed Price,"9,75,594","8,87,515","8,96,935","6,24,575","6,02,763","5,99,738","3,51,019","2,84,752","2,97,197",36.0%,32.1%,33.1%,"(88,079)",-9.0%,"(21,812)",-3.5%,"(66,267)",-18.9%,14,11,78.6%,
REV-01114,2026,8,Aug,Q3,2026-08-01,United Kingdom,USD,Cloud Services,Delta Manufacturing,Manufacturing,Time & Material,"11,62,701","10,47,206","10,50,281","7,21,604","7,02,859","7,11,870","4,41,097","3,44,347","3,38,411",37.9%,32.9%,32.2%,"(1,15,495)",-9.9%,"(18,745)",-2.6%,"(96,750)",-21.9%,15,12,80.0%,
REV-01115,2026,8,Aug,Q3,2026-08-01,United Kingdom,USD,Cloud Services,Evergreen Telecom,Telecommunications,Managed Services,"12,31,213","11,92,554","11,69,030","7,72,629","7,84,969","7,86,785","4,58,584","4,07,585","3,82,245",37.2%,34.2%,32.7%,"(38,659)",-3.1%,"12,340",1.6%,"(50,999)",-11.1%,17,14,82.4%,
REV-01116,2026,8,Aug,Q3,2026-08-01,United Kingdom,USD,Data & Analytics,Apex Retail Group,Retail,Time & Material,"9,97,764","10,58,928","10,44,618","6,16,068","6,37,354","6,43,965","3,81,696","4,21,574","4,00,653",38.3%,39.8%,38.4%,"61,164",6.1%,"21,286",3.5%,"39,878",10.4%,14,11,78.6%,
REV-01117,2026,8,Aug,Q3,2026-08-01,United Kingdom,USD,Data & Analytics,BlueRiver Bank,Banking,Managed Services,"11,78,403","11,99,731","11,89,377","7,37,586","7,33,170","7,34,157","4,40,817","4,66,561","4,55,220",37.4%,38.9%,38.3%,"21,328",1.8%,"(4,416)",-0.6%,"25,744",5.8%,15,12,80.0%,
REV-01118,2026,8,Aug,Q3,2026-08-01,United Kingdom,USD,Data & Analytics,Crestview Health,Healthcare,Fixed Price,"9,54,529","10,43,438","10,46,045","6,16,991","6,16,090","6,10,742","3,37,538","4,27,348","4,35,303",35.4%,41.0%,41.6%,"88,909",9.3%,(901),-0.1%,"89,810",26.6%,14,12,85.7%,
REV-01119,2026,8,Aug,Q3,2026-08-01,United Kingdom,USD,Data & Analytics,Delta Manufacturing,Manufacturing,Time & Material,"10,63,902","9,93,934","10,15,433","6,39,539","6,25,511","6,25,878","4,24,363","3,68,423","3,89,555",39.9%,37.1%,38.4%,"(69,968)",-6.6%,"(14,028)",-2.2%,"(55,940)",-13.2%,13,10,76.9%,
REV-01120,2026,8,Aug,Q3,2026-08-01,United Kingdom,USD,Data & Analytics,Evergreen Telecom,Telecommunications,Managed Services,"11,40,656","11,52,602","11,59,351","7,05,420","6,84,592","6,86,607","4,35,236","4,68,010","4,72,744",38.2%,40.6%,40.8%,"11,946",1.0%,"(20,828)",-3.0%,"32,774",7.5%,15,12,80.0%,
REV-01121,2026,8,Aug,Q3,2026-08-01,United Kingdom,USD,Cybersecurity,Apex Retail Group,Retail,Time & Material,"10,07,556","10,92,756","10,99,463","6,17,579","6,42,161","6,41,680","3,89,977","4,50,595","4,57,783",38.7%,41.2%,41.6%,"85,200",8.5%,"24,582",4.0%,"60,618",15.5%,15,13,86.7%,
REV-01122,2026,8,Aug,Q3,2026-08-01,United Kingdom,USD,Cybersecurity,BlueRiver Bank,Banking,Managed Services,"11,71,951","12,75,051","12,98,520","7,06,435","7,14,111","7,13,799","4,65,516","5,60,940","5,84,721",39.7%,44.0%,45.0%,"1,03,100",8.8%,"7,676",1.1%,"95,424",20.5%,17,14,82.4%,
REV-01123,2026,8,Aug,Q3,2026-08-01,United Kingdom,USD,Cybersecurity,Crestview Health,Healthcare,Fixed Price,"9,00,399","8,91,240","8,86,646","5,66,593","5,62,416","5,65,759","3,33,806","3,28,824","3,20,887",37.1%,36.9%,36.2%,"(9,159)",-1.0%,"(4,177)",-0.7%,"(4,982)",-1.5%,11,9,81.8%,
REV-01124,2026,8,Aug,Q3,2026-08-01,United Kingdom,USD,Cybersecurity,Delta Manufacturing,Manufacturing,Time & Material,"10,16,140","9,37,606","9,14,686","6,20,232","6,21,563","6,18,831","3,95,908","3,16,043","2,95,855",39.0%,33.7%,32.3%,"(78,534)",-7.7%,"1,331",0.2%,"(79,865)",-20.2%,13,10,76.9%,
REV-01125,2026,8,Aug,Q3,2026-08-01,United Kingdom,USD,Cybersecurity,Evergreen Telecom,Telecommunications,Managed Services,"10,74,931","10,65,539","10,79,627","6,57,645","6,47,499","6,46,425","4,17,286","4,18,040","4,33,202",38.8%,39.2%,40.1%,"(9,392)",-0.9%,"(10,146)",-1.5%,754,0.2%,14,12,85.7%,
REV-01126,2026,8,Aug,Q3,2026-08-01,United Kingdom,USD,Enterprise Applications,Apex Retail Group,Retail,Time & Material,"9,02,691","9,76,483","9,53,015","5,63,974","5,58,804","5,57,346","3,38,717","4,17,679","3,95,669",37.5%,42.8%,41.5%,"73,792",8.2%,"(5,170)",-0.9%,"78,962",23.3%,12,10,83.3%,
REV-01127,2026,8,Aug,Q3,2026-08-01,United Kingdom,USD,Enterprise Applications,BlueRiver Bank,Banking,Managed Services,"10,56,080","11,02,002","10,75,578","6,59,353","6,51,128","6,46,708","3,96,727","4,50,874","4,28,870",37.6%,40.9%,39.9%,"45,922",4.3%,"(8,225)",-1.2%,"54,147",13.6%,14,11,78.6%,
REV-01128,2026,8,Aug,Q3,2026-08-01,United Kingdom,USD,Enterprise Applications,Crestview Health,Healthcare,Fixed Price,"8,43,377","8,73,171","8,59,546","5,26,138","5,18,421","5,13,892","3,17,239","3,54,750","3,45,654",37.6%,40.6%,40.2%,"29,794",3.5%,"(7,717)",-1.5%,"37,511",11.8%,10,8,80.0%,
REV-01129,2026,8,Aug,Q3,2026-08-01,United Kingdom,USD,Enterprise Applications,Delta Manufacturing,Manufacturing,Time & Material,"9,76,434","10,18,451","10,22,707","5,86,746","5,69,795","5,71,322","3,89,688","4,48,656","4,51,385",39.9%,44.1%,44.1%,"42,017",4.3%,"(16,951)",-2.9%,"58,968",15.1%,13,10,76.9%,
REV-01130,2026,8,Aug,Q3,2026-08-01,United Kingdom,USD,Enterprise Applications,Evergreen Telecom,Telecommunications,Managed Services,"10,50,306","9,82,835","9,70,695","6,28,653","6,28,516","6,22,446","4,21,653","3,54,319","3,48,249",40.1%,36.1%,35.9%,"(67,471)",-6.4%,(137),0.0%,"(67,334)",-16.0%,16,13,81.3%,
REV-01131,2026,8,Aug,Q3,2026-08-01,United Kingdom,USD,Digital Engineering,Apex Retail Group,Retail,Time & Material,"9,84,867","9,97,210","9,92,051","6,17,958","6,16,451","6,12,124","3,66,909","3,80,759","3,79,927",37.3%,38.2%,38.3%,"12,343",1.3%,"(1,507)",-0.2%,"13,850",3.8%,15,12,80.0%,
REV-01132,2026,8,Aug,Q3,2026-08-01,United Kingdom,USD,Digital Engineering,BlueRiver Bank,Banking,Managed Services,"10,87,378","10,24,177","10,27,923","6,75,902","6,70,261","6,69,995","4,11,476","3,53,916","3,57,928",37.8%,34.6%,34.8%,"(63,201)",-5.8%,"(5,641)",-0.8%,"(57,560)",-14.0%,14,11,78.6%,
REV-01133,2026,8,Aug,Q3,2026-08-01,United Kingdom,USD,Digital Engineering,Crestview Health,Healthcare,Fixed Price,"9,09,744","8,46,502","8,41,797","5,78,363","5,90,961","5,83,899","3,31,381","2,55,541","2,57,898",36.4%,30.2%,30.6%,"(63,242)",-7.0%,"12,598",2.2%,"(75,840)",-22.9%,13,10,76.9%,
REV-01134,2026,8,Aug,Q3,2026-08-01,United Kingdom,USD,Digital Engineering,Delta Manufacturing,Manufacturing,Time & Material,"10,25,367","10,55,235","10,48,587","6,26,531","6,24,231","6,21,715","3,98,836","4,31,004","4,26,872",38.9%,40.8%,40.7%,"29,868",2.9%,"(2,300)",-0.4%,"32,168",8.1%,13,10,76.9%,
REV-01135,2026,8,Aug,Q3,2026-08-01,United Kingdom,USD,Digital Engineering,Evergreen Telecom,Telecommunications,Managed Services,"10,51,068","11,00,111","10,72,736","6,43,806","6,47,402","6,51,909","4,07,262","4,52,709","4,20,827",38.7%,41.2%,39.2%,"49,043",4.7%,"3,596",0.6%,"45,447",11.2%,14,12,85.7%,
REV-01136,2026,8,Aug,Q3,2026-08-01,United Kingdom,USD,Managed Services,Apex Retail Group,Retail,Time & Material,"7,93,831","8,53,617","8,34,596","5,22,165","5,42,104","5,45,268","2,71,666","3,11,513","2,89,328",34.2%,36.5%,34.7%,"59,786",7.5%,"19,939",3.8%,"39,847",14.7%,12,10,83.3%,
REV-01137,2026,8,Aug,Q3,2026-08-01,United Kingdom,USD,Managed Services,BlueRiver Bank,Banking,Managed Services,"9,52,916","9,55,921","9,69,253","6,43,373","6,22,935","6,27,547","3,09,543","3,32,986","3,41,706",32.5%,34.8%,35.3%,"3,005",0.3%,"(20,438)",-3.2%,"23,443",7.6%,12,10,83.3%,
REV-01138,2026,8,Aug,Q3,2026-08-01,United Kingdom,USD,Managed Services,Crestview Health,Healthcare,Fixed Price,"7,28,580","7,37,262","7,39,313","4,97,246","5,18,499","5,22,785","2,31,334","2,18,763","2,16,528",31.8%,29.7%,29.3%,"8,682",1.2%,"21,253",4.3%,"(12,571)",-5.4%,10,8,80.0%,
REV-01139,2026,8,Aug,Q3,2026-08-01,United Kingdom,USD,Managed Services,Delta Manufacturing,Manufacturing,Time & Material,"8,58,390","7,82,018","7,62,906","5,84,544","5,60,463","5,59,395","2,73,846","2,21,555","2,03,511",31.9%,28.3%,26.7%,"(76,372)",-8.9%,"(24,081)",-4.1%,"(52,291)",-19.1%,12,9,75.0%,
REV-01140,2026,8,Aug,Q3,2026-08-01,United Kingdom,USD,Managed Services,Evergreen Telecom,Telecommunications,Managed Services,"8,88,373","9,24,879","9,38,449","5,80,604","5,87,414","5,95,627","3,07,769","3,37,465","3,42,822",34.6%,36.5%,36.5%,"36,506",4.1%,"6,810",1.2%,"29,696",9.6%,13,11,84.6%,
REV-01141,2026,8,Aug,Q3,2026-08-01,Germany,USD,Cloud Services,Apex Retail Group,Retail,Time & Material,"10,29,498","10,52,779","10,50,417","6,18,405","6,47,568","6,48,722","4,11,093","4,05,211","4,01,695",39.9%,38.5%,38.2%,"23,281",2.3%,"29,163",4.7%,"(5,882)",-1.4%,15,12,80.0%,
REV-01142,2026,8,Aug,Q3,2026-08-01,Germany,USD,Cloud Services,BlueRiver Bank,Banking,Managed Services,"11,99,196","12,93,042","12,70,524","7,29,821","7,04,170","7,07,033","4,69,375","5,88,872","5,63,491",39.1%,45.5%,44.4%,"93,846",7.8%,"(25,651)",-3.5%,"1,19,497",25.5%,18,15,83.3%,
REV-01143,2026,8,Aug,Q3,2026-08-01,Germany,USD,Cloud Services,Crestview Health,Healthcare,Fixed Price,"9,49,412","9,96,318","9,76,662","6,16,036","6,00,336","5,96,952","3,33,376","3,95,982","3,79,710",35.1%,39.7%,38.9%,"46,906",4.9%,"(15,700)",-2.5%,"62,606",18.8%,14,12,85.7%,
REV-01144,2026,8,Aug,Q3,2026-08-01,Germany,USD,Cloud Services,Delta Manufacturing,Manufacturing,Time & Material,"10,82,141","11,90,690","11,63,262","6,71,765","6,64,592","6,66,111","4,10,376","5,26,098","4,97,151",37.9%,44.2%,42.7%,"1,08,549",10.0%,"(7,173)",-1.1%,"1,15,722",28.2%,17,14,82.4%,
REV-01145,2026,8,Aug,Q3,2026-08-01,Germany,USD,Cloud Services,Evergreen Telecom,Telecommunications,Managed Services,"11,24,944","11,42,500","11,15,861","6,73,691","6,79,342","6,80,962","4,51,253","4,63,158","4,34,899",40.1%,40.5%,39.0%,"17,556",1.6%,"5,651",0.8%,"11,905",2.6%,17,14,82.4%,
REV-01146,2026,8,Aug,Q3,2026-08-01,Germany,USD,Data & Analytics,Apex Retail Group,Retail,Time & Material,"9,85,551","9,16,054","9,16,475","5,95,528","5,84,425","5,77,850","3,90,023","3,31,629","3,38,625",39.6%,36.2%,36.9%,"(69,497)",-7.1%,"(11,103)",-1.9%,"(58,394)",-15.0%,14,11,78.6%,
REV-01147,2026,8,Aug,Q3,2026-08-01,Germany,USD,Data & Analytics,BlueRiver Bank,Banking,Managed Services,"11,08,015","10,16,365","10,05,615","6,82,555","6,49,353","6,57,946","4,25,460","3,67,012","3,47,669",38.4%,36.1%,34.6%,"(91,650)",-8.3%,"(33,202)",-4.9%,"(58,448)",-13.7%,15,12,80.0%,
REV-01148,2026,8,Aug,Q3,2026-08-01,Germany,USD,Data & Analytics,Crestview Health,Healthcare,Fixed Price,"8,96,847","8,27,626","8,45,840","5,79,328","5,77,084","5,83,147","3,17,519","2,50,542","2,62,693",35.4%,30.3%,31.1%,"(69,221)",-7.7%,"(2,244)",-0.4%,"(66,977)",-21.1%,13,10,76.9%,
REV-01149,2026,8,Aug,Q3,2026-08-01,Germany,USD,Data & Analytics,Delta Manufacturing,Manufacturing,Time & Material,"9,94,363","10,71,089","10,90,284","6,25,323","6,61,624","6,63,597","3,69,040","4,09,465","4,26,687",37.1%,38.2%,39.1%,"76,726",7.7%,"36,301",5.8%,"40,425",11.0%,15,12,80.0%,
REV-01150,2026,8,Aug,Q3,2026-08-01,Germany,USD,Data & Analytics,Evergreen Telecom,Telecommunications,Managed Services,"11,03,953","11,56,116","11,72,347","6,64,897","6,98,072","6,92,833","4,39,056","4,58,044","4,79,514",39.8%,39.6%,40.9%,"52,163",4.7%,"33,175",5.0%,"18,988",4.3%,16,13,81.3%,
REV-01151,2026,8,Aug,Q3,2026-08-01,Germany,USD,Cybersecurity,Apex Retail Group,Retail,Time & Material,"9,61,257","10,52,592","10,62,991","5,94,609","5,95,758","5,98,386","3,66,648","4,56,834","4,64,605",38.1%,43.4%,43.7%,"91,335",9.5%,"1,149",0.2%,"90,186",24.6%,14,12,85.7%,
REV-01152,2026,8,Aug,Q3,2026-08-01,Germany,USD,Cybersecurity,BlueRiver Bank,Banking,Managed Services,"11,32,682","12,12,370","12,03,655","6,90,876","6,89,264","6,91,325","4,41,806","5,23,106","5,12,330",39.0%,43.1%,42.6%,"79,688",7.0%,"(1,612)",-0.2%,"81,300",18.4%,17,14,82.4%,
REV-01153,2026,8,Aug,Q3,2026-08-01,Germany,USD,Cybersecurity,Crestview Health,Healthcare,Fixed Price,"8,40,786","8,10,288","8,22,979","5,49,983","5,47,028","5,41,144","2,90,803","2,63,260","2,81,835",34.6%,32.5%,34.2%,"(30,498)",-3.6%,"(2,955)",-0.5%,"(27,543)",-9.5%,11,9,81.8%,
REV-01154,2026,8,Aug,Q3,2026-08-01,Germany,USD,Cybersecurity,Delta Manufacturing,Manufacturing,Time & Material,"9,85,676","10,11,956","10,23,963","5,90,654","5,88,503","5,92,004","3,95,022","4,23,453","4,31,959",40.1%,41.8%,42.2%,"26,280",2.7%,"(2,151)",-0.4%,"28,431",7.2%,13,11,84.6%,
REV-01155,2026,8,Aug,Q3,2026-08-01,Germany,USD,Cybersecurity,Evergreen Telecom,Telecommunications,Managed Services,"10,55,289","10,45,713","10,41,340","6,44,550","6,84,531","6,78,742","4,10,739","3,61,182","3,62,598",38.9%,34.5%,34.8%,"(9,576)",-0.9%,"39,981",6.2%,"(49,557)",-12.1%,14,11,78.6%,
REV-01156,2026,8,Aug,Q3,2026-08-01,Germany,USD,Enterprise Applications,Apex Retail Group,Retail,Time & Material,"8,86,297","8,06,233","8,13,171","5,37,788","5,16,954","5,18,699","3,48,509","2,89,279","2,94,472",39.3%,35.9%,36.2%,"(80,064)",-9.0%,"(20,834)",-3.9%,"(59,230)",-17.0%,14,10,71.4%,
REV-01157,2026,8,Aug,Q3,2026-08-01,Germany,USD,Enterprise Applications,BlueRiver Bank,Banking,Managed Services,"10,62,538","10,05,469","9,87,095","6,38,150","6,25,577","6,28,468","4,24,388","3,79,892","3,58,627",39.9%,37.8%,36.3%,"(57,069)",-5.4%,"(12,573)",-2.0%,"(44,496)",-10.5%,14,11,78.6%,
REV-01158,2026,8,Aug,Q3,2026-08-01,Germany,USD,Enterprise Applications,Crestview Health,Healthcare,Fixed Price,"7,90,860","8,37,829","8,41,190","5,14,539","5,16,331","5,18,332","2,76,321","3,21,498","3,22,858",34.9%,38.4%,38.4%,"46,969",5.9%,"1,792",0.3%,"45,177",16.3%,10,8,80.0%,
REV-01159,2026,8,Aug,Q3,2026-08-01,Germany,USD,Enterprise Applications,Delta Manufacturing,Manufacturing,Time & Material,"9,22,053","8,80,050","8,70,686","5,66,052","5,69,939","5,70,433","3,56,001","3,10,111","3,00,253",38.6%,35.2%,34.5%,"(42,003)",-4.6%,"3,887",0.7%,"(45,890)",-12.9%,14,11,78.6%,
REV-01160,2026,8,Aug,Q3,2026-08-01,Germany,USD,Enterprise Applications,Evergreen Telecom,Telecommunications,Managed Services,"9,86,790","9,23,275","9,28,320","6,18,391","6,37,107","6,34,056","3,68,399","2,86,168","2,94,264",37.3%,31.0%,31.7%,"(63,515)",-6.4%,"18,716",3.0%,"(82,231)",-22.3%,15,12,80.0%,
REV-01161,2026,8,Aug,Q3,2026-08-01,Germany,USD,Digital Engineering,Apex Retail Group,Retail,Time & Material,"9,18,218","9,03,073","8,90,597","5,76,197","5,70,384","5,65,746","3,42,021","3,32,689","3,24,851",37.2%,36.8%,36.5%,"(15,145)",-1.6%,"(5,813)",-1.0%,"(9,332)",-2.7%,13,10,76.9%,
REV-01162,2026,8,Aug,Q3,2026-08-01,Germany,USD,Digital Engineering,BlueRiver Bank,Banking,Managed Services,"10,98,739","9,85,357","9,97,882","6,68,639","6,69,750","6,63,156","4,30,100","3,15,607","3,34,726",39.1%,32.0%,33.5%,"(1,13,382)",-10.3%,"1,111",0.2%,"(1,14,493)",-26.6%,17,13,76.5%,
REV-01163,2026,8,Aug,Q3,2026-08-01,Germany,USD,Digital Engineering,Crestview Health,Healthcare,Fixed Price,"8,40,096","8,64,655","8,74,325","5,38,600","5,61,960","5,60,790","3,01,496","3,02,695","3,13,535",35.9%,35.0%,35.9%,"24,559",2.9%,"23,360",4.3%,"1,199",0.4%,12,10,83.3%,
REV-01164,2026,8,Aug,Q3,2026-08-01,Germany,USD,Digital Engineering,Delta Manufacturing,Manufacturing,Time & Material,"9,46,556","10,45,381","10,21,271","5,73,965","5,79,968","5,85,046","3,72,591","4,65,413","4,36,225",39.4%,44.5%,42.7%,"98,825",10.4%,"6,003",1.0%,"92,822",24.9%,13,11,84.6%,
REV-01165,2026,8,Aug,Q3,2026-08-01,Germany,USD,Digital Engineering,Evergreen Telecom,Telecommunications,Managed Services,"10,40,147","9,82,753","9,80,777","6,39,684","6,63,089","6,69,739","4,00,463","3,19,664","3,11,038",38.5%,32.5%,31.7%,"(57,394)",-5.5%,"23,405",3.7%,"(80,799)",-20.2%,15,12,80.0%,
REV-01166,2026,8,Aug,Q3,2026-08-01,Germany,USD,Managed Services,Apex Retail Group,Retail,Time & Material,"7,73,399","7,06,196","7,15,362","5,10,385","4,74,859","4,81,039","2,63,014","2,31,337","2,34,323",34.0%,32.8%,32.8%,"(67,203)",-8.7%,"(35,526)",-7.0%,"(31,677)",-12.0%,11,8,72.7%,
REV-01167,2026,8,Aug,Q3,2026-08-01,Germany,USD,Managed Services,BlueRiver Bank,Banking,Managed Services,"9,06,634","8,76,084","8,77,104","6,13,177","6,58,917","6,67,648","2,93,457","2,17,167","2,09,456",32.4%,24.8%,23.9%,"(30,550)",-3.4%,"45,740",7.5%,"(76,290)",-26.0%,12,9,75.0%,
REV-01168,2026,8,Aug,Q3,2026-08-01,Germany,USD,Managed Services,Crestview Health,Healthcare,Fixed Price,"6,81,148","7,19,634","7,30,185","4,65,692","4,49,679","4,48,558","2,15,456","2,69,955","2,81,627",31.6%,37.5%,38.6%,"38,486",5.7%,"(16,013)",-3.4%,"54,499",25.3%,9,8,88.9%,
REV-01169,2026,8,Aug,Q3,2026-08-01,Germany,USD,Managed Services,Delta Manufacturing,Manufacturing,Time & Material,"8,06,952","8,42,131","8,21,574","5,40,192","5,30,260","5,26,154","2,66,760","3,11,871","2,95,420",33.1%,37.0%,36.0%,"35,179",4.4%,"(9,932)",-1.8%,"45,111",16.9%,11,10,90.9%,
REV-01170,2026,8,Aug,Q3,2026-08-01,Germany,USD,Managed Services,Evergreen Telecom,Telecommunications,Managed Services,"8,43,820","9,01,564","9,22,519","5,58,266","5,64,584","5,70,050","2,85,554","3,36,980","3,52,469",33.8%,37.4%,38.2%,"57,744",6.8%,"6,318",1.1%,"51,426",18.0%,13,11,84.6%,
REV-01171,2026,8,Aug,Q3,2026-08-01,Singapore,USD,Cloud Services,Apex Retail Group,Retail,Time & Material,"9,99,803","10,76,934","10,86,612","6,02,870","5,94,744","5,97,935","3,96,933","4,82,190","4,88,677",39.7%,44.8%,45.0%,"77,131",7.7%,"(8,126)",-1.3%,"85,257",21.5%,15,13,86.7%,
REV-01172,2026,8,Aug,Q3,2026-08-01,Singapore,USD,Cloud Services,BlueRiver Bank,Banking,Managed Services,"11,79,938","11,44,497","11,43,358","7,18,832","7,30,901","7,30,733","4,61,106","4,13,596","4,12,625",39.1%,36.1%,36.1%,"(35,441)",-3.0%,"12,069",1.7%,"(47,510)",-10.3%,17,14,82.4%,
REV-01173,2026,8,Aug,Q3,2026-08-01,Singapore,USD,Cloud Services,Crestview Health,Healthcare,Fixed Price,"8,72,426","8,81,352","8,88,018","5,69,839","5,49,238","5,50,994","3,02,587","3,32,114","3,37,024",34.7%,37.7%,38.0%,"8,926",1.0%,"(20,601)",-3.6%,"29,527",9.8%,12,9,75.0%,
REV-01174,2026,8,Aug,Q3,2026-08-01,Singapore,USD,Cloud Services,Delta Manufacturing,Manufacturing,Time & Material,"10,69,680","9,86,237","9,82,250","6,56,070","6,66,289","6,58,993","4,13,610","3,19,948","3,23,257",38.7%,32.4%,32.9%,"(83,443)",-7.8%,"10,219",1.6%,"(93,662)",-22.6%,17,13,76.5%,
REV-01175,2026,8,Aug,Q3,2026-08-01,Singapore,USD,Cloud Services,Evergreen Telecom,Telecommunications,Managed Services,"10,86,353","10,72,074","10,55,755","6,69,253","6,48,013","6,42,982","4,17,100","4,24,061","4,12,773",38.4%,39.6%,39.1%,"(14,279)",-1.3%,"(21,240)",-3.2%,"6,961",1.7%,17,13,76.5%,
REV-01176,2026,8,Aug,Q3,2026-08-01,Singapore,USD,Data & Analytics,Apex Retail Group,Retail,Time & Material,"9,41,944","8,88,686","8,79,508","5,71,152","6,05,845","6,10,405","3,70,792","2,82,841","2,69,103",39.4%,31.8%,30.6%,"(53,258)",-5.7%,"34,693",6.1%,"(87,951)",-23.7%,15,12,80.0%,
REV-01177,2026,8,Aug,Q3,2026-08-01,Singapore,USD,Data & Analytics,BlueRiver Bank,Banking,Managed Services,"10,77,376","10,18,441","10,21,741","6,68,736","6,56,470","6,59,640","4,08,640","3,61,971","3,62,101",37.9%,35.5%,35.4%,"(58,935)",-5.5%,"(12,266)",-1.8%,"(46,669)",-11.4%,15,12,80.0%,
REV-01178,2026,8,Aug,Q3,2026-08-01,Singapore,USD,Data & Analytics,Crestview Health,Healthcare,Fixed Price,"8,55,497","7,74,397","7,80,777","5,52,296","5,52,868","5,55,012","3,03,201","2,21,529","2,25,765",35.4%,28.6%,28.9%,"(81,100)",-9.5%,572,0.1%,"(81,672)",-26.9%,14,10,71.4%,
REV-01179,2026,8,Aug,Q3,2026-08-01,Singapore,USD,Data & Analytics,Delta Manufacturing,Manufacturing,Time & Material,"9,82,977","8,91,813","9,09,406","6,17,549","6,31,941","6,38,577","3,65,428","2,59,872","2,70,829",37.2%,29.1%,29.8%,"(91,164)",-9.3%,"14,392",2.3%,"(1,05,556)",-28.9%,14,11,78.6%,
REV-01180,2026,8,Aug,Q3,2026-08-01,Singapore,USD,Data & Analytics,Evergreen Telecom,Telecommunications,Managed Services,"9,99,887","10,09,309","10,25,805","6,07,146","6,08,817","6,07,886","3,92,741","4,00,492","4,17,919",39.3%,39.7%,40.7%,"9,422",0.9%,"1,671",0.3%,"7,751",2.0%,15,13,86.7%,
REV-01181,2026,8,Aug,Q3,2026-08-01,Singapore,USD,Cybersecurity,Apex Retail Group,Retail,Time & Material,"9,10,414","8,30,892","8,17,040","5,50,795","5,29,598","5,25,963","3,59,619","3,01,294","2,91,077",39.5%,36.3%,35.6%,"(79,522)",-8.7%,"(21,197)",-3.8%,"(58,325)",-16.2%,14,10,71.4%,
REV-01182,2026,8,Aug,Q3,2026-08-01,Singapore,USD,Cybersecurity,BlueRiver Bank,Banking,Managed Services,"10,71,165","11,51,280","11,54,141","6,54,132","6,75,379","6,78,899","4,17,033","4,75,901","4,75,242",38.9%,41.3%,41.2%,"80,115",7.5%,"21,247",3.2%,"58,868",14.1%,15,12,80.0%,
REV-01183,2026,8,Aug,Q3,2026-08-01,Singapore,USD,Cybersecurity,Crestview Health,Healthcare,Fixed Price,"8,11,004","8,27,245","8,16,255","5,05,703","5,27,056","5,24,520","3,05,301","3,00,189","2,91,735",37.6%,36.3%,35.7%,"16,241",2.0%,"21,353",4.2%,"(5,112)",-1.7%,12,10,83.3%,
REV-01184,2026,8,Aug,Q3,2026-08-01,Singapore,USD,Cybersecurity,Delta Manufacturing,Manufacturing,Time & Material,"9,78,470","9,16,991","9,34,684","5,86,275","6,05,928","6,08,845","3,92,195","3,11,063","3,25,839",40.1%,33.9%,34.9%,"(61,479)",-6.3%,"19,653",3.4%,"(81,132)",-20.7%,16,13,81.3%,
REV-01185,2026,8,Aug,Q3,2026-08-01,Singapore,USD,Cybersecurity,Evergreen Telecom,Telecommunications,Managed Services,"10,18,601","9,70,293","9,90,219","6,35,159","6,31,654","6,28,720","3,83,442","3,38,639","3,61,499",37.6%,34.9%,36.5%,"(48,308)",-4.7%,"(3,505)",-0.6%,"(44,803)",-11.7%,16,12,75.0%,
REV-01186,2026,8,Aug,Q3,2026-08-01,Singapore,USD,Enterprise Applications,Apex Retail Group,Retail,Time & Material,"8,59,192","7,86,972","7,68,875","5,39,111","5,38,133","5,35,843","3,20,081","2,48,839","2,33,032",37.3%,31.6%,30.3%,"(72,220)",-8.4%,(978),-0.2%,"(71,242)",-22.3%,13,10,76.9%,
REV-01187,2026,8,Aug,Q3,2026-08-01,Singapore,USD,Enterprise Applications,BlueRiver Bank,Banking,Managed Services,"9,70,757","10,38,532","10,18,733","6,03,145","6,06,975","6,09,998","3,67,612","4,31,557","4,08,735",37.9%,41.6%,40.1%,"67,775",7.0%,"3,830",0.6%,"63,945",17.4%,15,13,86.7%,
REV-01188,2026,8,Aug,Q3,2026-08-01,Singapore,USD,Enterprise Applications,Crestview Health,Healthcare,Fixed Price,"7,67,711","8,33,751","8,25,430","4,99,468","5,17,671","5,14,324","2,68,243","3,16,080","3,11,106",34.9%,37.9%,37.7%,"66,040",8.6%,"18,203",3.6%,"47,837",17.8%,12,10,83.3%,
REV-01189,2026,8,Aug,Q3,2026-08-01,Singapore,USD,Enterprise Applications,Delta Manufacturing,Manufacturing,Time & Material,"8,96,044","9,81,057","9,61,631","5,50,530","5,42,878","5,47,641","3,45,514","4,38,179","4,13,990",38.6%,44.7%,43.1%,"85,013",9.5%,"(7,652)",-1.4%,"92,665",26.8%,14,12,85.7%,
REV-01190,2026,8,Aug,Q3,2026-08-01,Singapore,USD,Enterprise Applications,Evergreen Telecom,Telecommunications,Managed Services,"9,43,093","9,76,487","9,53,673","5,75,607","5,82,908","5,77,842","3,67,486","3,93,579","3,75,831",39.0%,40.3%,39.4%,"33,394",3.5%,"7,301",1.3%,"26,093",7.1%,15,12,80.0%,
REV-01191,2026,8,Aug,Q3,2026-08-01,Singapore,USD,Digital Engineering,Apex Retail Group,Retail,Time & Material,"8,61,072","8,67,435","8,76,562","5,40,985","5,69,405","5,72,814","3,20,087","2,98,030","3,03,748",37.2%,34.4%,34.7%,"6,363",0.7%,"28,420",5.3%,"(22,057)",-6.9%,13,11,84.6%,
REV-01192,2026,8,Aug,Q3,2026-08-01,Singapore,USD,Digital Engineering,BlueRiver Bank,Banking,Managed Services,"10,04,790","9,52,987","9,64,291","6,20,839","6,27,205","6,31,301","3,83,951","3,25,782","3,32,990",38.2%,34.2%,34.5%,"(51,803)",-5.2%,"6,366",1.0%,"(58,169)",-15.2%,14,11,78.6%,
REV-01193,2026,8,Aug,Q3,2026-08-01,Singapore,USD,Digital Engineering,Crestview Health,Healthcare,Fixed Price,"7,84,295","7,46,682","7,54,825","4,99,377","4,84,681","4,84,425","2,84,918","2,62,001","2,70,400",36.3%,35.1%,35.8%,"(37,613)",-4.8%,"(14,696)",-2.9%,"(22,917)",-8.0%,13,10,76.9%,
REV-01194,2026,8,Aug,Q3,2026-08-01,Singapore,USD,Digital Engineering,Delta Manufacturing,Manufacturing,Time & Material,"9,05,675","9,73,273","9,57,097","5,67,329","5,69,662","5,73,491","3,38,346","4,03,611","3,83,606",37.4%,41.5%,40.1%,"67,598",7.5%,"2,333",0.4%,"65,265",19.3%,13,11,84.6%,
REV-01195,2026,8,Aug,Q3,2026-08-01,Singapore,USD,Digital Engineering,Evergreen Telecom,Telecommunications,Managed Services,"10,09,057","10,11,813","9,98,835","6,34,650","6,36,122","6,35,818","3,74,407","3,75,691","3,63,017",37.1%,37.1%,36.3%,"2,756",0.3%,"1,472",0.2%,"1,284",0.3%,16,13,81.3%,
REV-01196,2026,8,Aug,Q3,2026-08-01,Singapore,USD,Managed Services,Apex Retail Group,Retail,Time & Material,"7,36,657","7,75,814","7,76,303","4,80,424","4,86,172","4,87,085","2,56,233","2,89,642","2,89,218",34.8%,37.3%,37.3%,"39,157",5.3%,"5,748",1.2%,"33,409",13.0%,11,9,81.8%,
REV-01197,2026,8,Aug,Q3,2026-08-01,Singapore,USD,Managed Services,BlueRiver Bank,Banking,Managed Services,"8,25,478","8,19,160","8,06,970","5,49,434","5,84,978","5,85,237","2,76,044","2,34,182","2,21,733",33.4%,28.6%,27.5%,"(6,318)",-0.8%,"35,544",6.5%,"(41,862)",-15.2%,12,9,75.0%,
REV-01198,2026,8,Aug,Q3,2026-08-01,Singapore,USD,Managed Services,Crestview Health,Healthcare,Fixed Price,"6,45,919","6,34,875","6,39,330","4,45,987","4,61,316","4,63,727","1,99,932","1,73,559","1,75,603",31.0%,27.3%,27.5%,"(11,044)",-1.7%,"15,329",3.4%,"(26,373)",-13.2%,11,8,72.7%,
REV-01199,2026,8,Aug,Q3,2026-08-01,Singapore,USD,Managed Services,Delta Manufacturing,Manufacturing,Time & Material,"7,75,466","8,05,075","8,18,581","5,07,447","5,25,789","5,22,167","2,68,019","2,79,286","2,96,414",34.6%,34.7%,36.2%,"29,609",3.8%,"18,342",3.6%,"11,267",4.2%,12,10,83.3%,
REV-01200,2026,8,Aug,Q3,2026-08-01,Singapore,USD,Managed Services,Evergreen Telecom,Telecommunications,Managed Services,"7,93,426","8,63,453","8,59,339","5,24,048","5,36,385","5,32,286","2,69,378","3,27,068","3,27,053",34.0%,37.9%,38.1%,"70,027",8.8%,"12,337",2.4%,"57,690",21.4%,12,10,83.3%,
REV-01201,2026,9,Sep,Q3,2026-09-01,India,USD,Cloud Services,Apex Retail Group,Retail,Time & Material,"8,00,358","8,66,769","7,78,080","4,84,410","4,65,427","5,11,383","3,15,948","4,01,342","2,66,697",39.5%,46.3%,34.3%,"66,411",8.3%,"(18,983)",-3.9%,"85,394",27.0%,15,12,80.0%,
REV-01202,2026,9,Sep,Q3,2026-09-01,India,USD,Cloud Services,BlueRiver Bank,Banking,Managed Services,"9,10,608","8,48,332","9,58,636","5,66,983","5,66,324","5,80,789","3,43,625","2,82,008","3,77,847",37.7%,33.2%,39.4%,"(62,276)",-6.8%,(659),-0.1%,"(61,617)",-17.9%,18,14,77.8%,
REV-01203,2026,9,Sep,Q3,2026-09-01,India,USD,Cloud Services,Crestview Health,Healthcare,Fixed Price,"7,10,040","7,17,360","6,96,289","4,49,427","4,41,627","4,46,539","2,60,613","2,75,733","2,49,750",36.7%,38.4%,35.9%,"7,320",1.0%,"(7,800)",-1.7%,"15,120",5.8%,15,13,86.7%,
REV-01204,2026,9,Sep,Q3,2026-09-01,India,USD,Cloud Services,Delta Manufacturing,Manufacturing,Time & Material,"8,10,614","8,90,913","8,12,952","4,87,106","4,99,213","5,13,800","3,23,508","3,91,700","2,99,152",39.9%,44.0%,36.8%,"80,299",9.9%,"12,107",2.5%,"68,192",21.1%,17,15,88.2%,
REV-01205,2026,9,Sep,Q3,2026-09-01,India,USD,Cloud Services,Evergreen Telecom,Telecommunications,Managed Services,"8,84,613","8,92,431","9,06,822","5,38,182","5,46,517","5,18,117","3,46,431","3,45,914","3,88,705",39.2%,38.8%,42.9%,"7,818",0.9%,"8,335",1.5%,(517),-0.1%,16,14,87.5%,
REV-01206,2026,9,Sep,Q3,2026-09-01,India,USD,Data & Analytics,Apex Retail Group,Retail,Time & Material,"7,60,610","7,89,318","7,86,486","4,65,743","4,66,781","4,64,424","2,94,867","3,22,537","3,22,062",38.8%,40.9%,40.9%,"28,708",3.8%,"1,038",0.2%,"27,670",9.4%,15,13,86.7%,
REV-01207,2026,9,Sep,Q3,2026-09-01,India,USD,Data & Analytics,BlueRiver Bank,Banking,Managed Services,"8,45,592","7,58,879","8,41,886","5,12,583","4,84,338","5,07,122","3,33,009","2,74,541","3,34,764",39.4%,36.2%,39.8%,"(86,713)",-10.3%,"(28,245)",-5.5%,"(58,468)",-17.6%,16,12,75.0%,
REV-01208,2026,9,Sep,Q3,2026-09-01,India,USD,Data & Analytics,Crestview Health,Healthcare,Fixed Price,"6,75,550","6,07,884","7,07,150","4,27,116","4,15,313","4,34,460","2,48,434","1,92,571","2,72,690",36.8%,31.7%,38.6%,"(67,666)",-10.0%,"(11,803)",-2.8%,"(55,863)",-22.5%,13,10,76.9%,
REV-01209,2026,9,Sep,Q3,2026-09-01,India,USD,Data & Analytics,Delta Manufacturing,Manufacturing,Time & Material,"7,51,622","7,93,784","7,81,042","4,67,303","4,77,816","4,50,567","2,84,319","3,15,968","3,30,475",37.8%,39.8%,42.3%,"42,162",5.6%,"10,513",2.2%,"31,649",11.1%,15,12,80.0%,
REV-01210,2026,9,Sep,Q3,2026-09-01,India,USD,Data & Analytics,Evergreen Telecom,Telecommunications,Managed Services,"7,86,554","7,34,045","7,62,043","4,94,537","4,85,137","4,90,862","2,92,017","2,48,908","2,71,181",37.1%,33.9%,35.6%,"(52,509)",-6.7%,"(9,400)",-1.9%,"(43,109)",-14.8%,15,12,80.0%,
REV-01211,2026,9,Sep,Q3,2026-09-01,India,USD,Cybersecurity,Apex Retail Group,Retail,Time & Material,"7,19,805","7,66,792","7,36,613","4,48,576","4,39,346","4,62,540","2,71,229","3,27,446","2,74,073",37.7%,42.7%,37.2%,"46,987",6.5%,"(9,230)",-2.1%,"56,217",20.7%,15,12,80.0%,
REV-01212,2026,9,Sep,Q3,2026-09-01,India,USD,Cybersecurity,BlueRiver Bank,Banking,Managed Services,"8,04,969","8,84,598","7,80,470","4,89,091","4,68,579","4,95,173","3,15,878","4,16,019","2,85,297",39.2%,47.0%,36.6%,"79,629",9.9%,"(20,512)",-4.2%,"1,00,141",31.7%,17,14,82.4%,
REV-01213,2026,9,Sep,Q3,2026-09-01,India,USD,Cybersecurity,Crestview Health,Healthcare,Fixed Price,"6,58,563","6,82,412","6,05,857","4,19,177","4,24,293","4,14,090","2,39,386","2,58,119","1,91,767",36.3%,37.8%,31.7%,"23,849",3.6%,"5,116",1.2%,"18,733",7.8%,12,10,83.3%,
REV-01214,2026,9,Sep,Q3,2026-09-01,India,USD,Cybersecurity,Delta Manufacturing,Manufacturing,Time & Material,"7,70,690","8,23,751","7,64,326","4,61,508","4,65,943","4,53,309","3,09,182","3,57,808","3,11,017",40.1%,43.4%,40.7%,"53,061",6.9%,"4,435",1.0%,"48,626",15.7%,16,13,81.3%,
REV-01215,2026,9,Sep,Q3,2026-09-01,India,USD,Cybersecurity,Evergreen Telecom,Telecommunications,Managed Services,"8,05,902","8,15,238","8,63,563","4,96,975","5,04,591","5,02,997","3,08,927","3,10,647","3,60,566",38.3%,38.1%,41.8%,"9,336",1.2%,"7,616",1.5%,"1,720",0.6%,16,13,81.3%,
REV-01216,2026,9,Sep,Q3,2026-09-01,India,USD,Enterprise Applications,Apex Retail Group,Retail,Time & Material,"6,91,435","7,08,423","6,62,019","4,24,351","4,10,047","4,26,993","2,67,084","2,98,376","2,35,026",38.6%,42.1%,35.5%,"16,988",2.5%,"(14,304)",-3.4%,"31,292",11.7%,13,11,84.6%,
REV-01217,2026,9,Sep,Q3,2026-09-01,India,USD,Enterprise Applications,BlueRiver Bank,Banking,Managed Services,"7,64,847","7,31,898","7,77,799","4,58,135","4,47,664","4,37,185","3,06,712","2,84,234","3,40,614",40.1%,38.8%,43.8%,"(32,949)",-4.3%,"(10,471)",-2.3%,"(22,478)",-7.3%,14,11,78.6%,
REV-01218,2026,9,Sep,Q3,2026-09-01,India,USD,Enterprise Applications,Crestview Health,Healthcare,Fixed Price,"6,13,421","5,80,550","6,23,034","3,89,401","3,73,338","3,80,818","2,24,020","2,07,212","2,42,216",36.5%,35.7%,38.9%,"(32,871)",-5.4%,"(16,063)",-4.1%,"(16,808)",-7.5%,13,10,76.9%,
REV-01219,2026,9,Sep,Q3,2026-09-01,India,USD,Enterprise Applications,Delta Manufacturing,Manufacturing,Time & Material,"7,01,557","6,47,269","6,78,742","4,23,948","4,32,698","4,16,113","2,77,609","2,14,571","2,62,629",39.6%,33.2%,38.7%,"(54,288)",-7.7%,"8,750",2.1%,"(63,038)",-22.7%,13,10,76.9%,
REV-01220,2026,9,Sep,Q3,2026-09-01,India,USD,Enterprise Applications,Evergreen Telecom,Telecommunications,Managed Services,"7,35,418","6,71,670","7,67,163","4,46,636","4,69,276","4,36,449","2,88,782","2,02,394","3,30,714",39.3%,30.1%,43.1%,"(63,748)",-8.7%,"22,640",5.1%,"(86,388)",-29.9%,14,11,78.6%,
REV-01221,2026,9,Sep,Q3,2026-09-01,India,USD,Digital Engineering,Apex Retail Group,Retail,Time & Material,"7,01,490","6,71,027","6,85,166","4,27,402","4,45,916","4,28,554","2,74,088","2,25,111","2,56,612",39.1%,33.5%,37.5%,"(30,463)",-4.3%,"18,514",4.3%,"(48,977)",-17.9%,13,11,84.6%,
REV-01222,2026,9,Sep,Q3,2026-09-01,India,USD,Digital Engineering,BlueRiver Bank,Banking,Managed Services,"7,84,122","7,39,636","8,56,427","4,84,331","4,87,311","4,95,113","2,99,791","2,52,325","3,61,314",38.2%,34.1%,42.2%,"(44,486)",-5.7%,"2,980",0.6%,"(47,466)",-15.8%,17,13,76.5%,
REV-01223,2026,9,Sep,Q3,2026-09-01,India,USD,Digital Engineering,Crestview Health,Healthcare,Fixed Price,"6,31,294","6,17,057","6,39,273","4,04,710","4,00,865","3,96,866","2,26,584","2,16,192","2,42,407",35.9%,35.0%,37.9%,"(14,237)",-2.3%,"(3,845)",-1.0%,"(10,392)",-4.6%,13,10,76.9%,
REV-01224,2026,9,Sep,Q3,2026-09-01,India,USD,Digital Engineering,Delta Manufacturing,Manufacturing,Time & Material,"7,09,029","7,12,131","7,28,699","4,34,112","4,21,825","4,31,842","2,74,917","2,90,306","2,96,857",38.8%,40.8%,40.7%,"3,102",0.4%,"(12,287)",-2.8%,"15,389",5.6%,14,11,78.6%,
REV-01225,2026,9,Sep,Q3,2026-09-01,India,USD,Digital Engineering,Evergreen Telecom,Telecommunications,Managed Services,"7,59,746","7,81,433","7,49,824","4,76,060","4,67,548","4,82,367","2,83,686","3,13,885","2,67,457",37.3%,40.2%,35.7%,"21,687",2.9%,"(8,512)",-1.8%,"30,199",10.6%,15,13,86.7%,
REV-01226,2026,9,Sep,Q3,2026-09-01,India,USD,Managed Services,Apex Retail Group,Retail,Time & Material,"5,75,956","5,68,230","5,73,856","3,82,591","4,01,052","3,83,938","1,93,365","1,67,178","1,89,918",33.6%,29.4%,33.1%,"(7,726)",-1.3%,"18,461",4.8%,"(26,187)",-13.5%,11,9,81.8%,
REV-01227,2026,9,Sep,Q3,2026-09-01,India,USD,Managed Services,BlueRiver Bank,Banking,Managed Services,"6,88,510","7,38,315","7,04,431","4,62,122","4,61,922","4,89,614","2,26,388","2,76,393","2,14,817",32.9%,37.4%,30.5%,"49,805",7.2%,(200),0.0%,"50,005",22.1%,13,11,84.6%,
REV-01228,2026,9,Sep,Q3,2026-09-01,India,USD,Managed Services,Crestview Health,Healthcare,Fixed Price,"5,30,765","5,59,421","5,35,551","3,69,437","3,72,617","3,85,182","1,61,328","1,86,804","1,50,369",30.4%,33.4%,28.1%,"28,656",5.4%,"3,180",0.9%,"25,476",15.8%,11,9,81.8%,
REV-01229,2026,9,Sep,Q3,2026-09-01,India,USD,Managed Services,Delta Manufacturing,Manufacturing,Time & Material,"5,93,294","5,66,946","5,82,609","3,91,521","3,87,092","4,04,888","2,01,773","1,79,854","1,77,721",34.0%,31.7%,30.5%,"(26,348)",-4.4%,"(4,429)",-1.1%,"(21,919)",-10.9%,11,9,81.8%,
REV-01230,2026,9,Sep,Q3,2026-09-01,India,USD,Managed Services,Evergreen Telecom,Telecommunications,Managed Services,"6,19,918","5,62,751","6,16,578","4,21,147","4,17,980","4,35,115","1,98,771","1,44,771","1,81,463",32.1%,25.7%,29.4%,"(57,167)",-9.2%,"(3,167)",-0.8%,"(54,000)",-27.2%,13,10,76.9%,
REV-01231,2026,9,Sep,Q3,2026-09-01,United States,USD,Cloud Services,Apex Retail Group,Retail,Time & Material,"13,90,077","13,41,602","13,70,310","8,45,841","8,68,976","8,26,080","5,44,236","4,72,626","5,44,230",39.2%,35.2%,39.7%,"(48,475)",-3.5%,"23,135",2.7%,"(71,610)",-13.2%,17,13,76.5%,
REV-01232,2026,9,Sep,Q3,2026-09-01,United States,USD,Cloud Services,BlueRiver Bank,Banking,Managed Services,"15,31,661","13,78,233","15,28,996","9,43,736","9,80,915","9,17,415","5,87,925","3,97,318","6,11,581",38.4%,28.8%,40.0%,"(1,53,428)",-10.0%,"37,179",3.9%,"(1,90,607)",-32.4%,17,13,76.5%,
REV-01233,2026,9,Sep,Q3,2026-09-01,United States,USD,Cloud Services,Crestview Health,Healthcare,Fixed Price,"12,35,400","13,39,448","12,22,973","7,84,615","7,57,263","8,06,431","4,50,785","5,82,185","4,16,542",36.5%,43.5%,34.1%,"1,04,048",8.4%,"(27,352)",-3.5%,"1,31,400",29.1%,15,12,80.0%,
REV-01234,2026,9,Sep,Q3,2026-09-01,United States,USD,Cloud Services,Delta Manufacturing,Manufacturing,Time & Material,"14,27,347","14,37,154","13,98,508","8,60,874","8,72,762","9,01,614","5,66,473","5,64,392","4,96,894",39.7%,39.3%,35.5%,"9,807",0.7%,"11,888",1.4%,"(2,081)",-0.4%,16,13,81.3%,
REV-01235,2026,9,Sep,Q3,2026-09-01,United States,USD,Cloud Services,Evergreen Telecom,Telecommunications,Managed Services,"14,80,282","15,53,708","13,46,728","9,14,286","9,26,594","9,27,470","5,65,996","6,27,114","4,19,258",38.2%,40.4%,31.1%,"73,426",5.0%,"12,308",1.3%,"61,118",10.8%,17,14,82.4%,
REV-01236,2026,9,Sep,Q3,2026-09-01,United States,USD,Data & Analytics,Apex Retail Group,Retail,Time & Material,"12,61,215","12,93,182","12,75,650","7,93,264","8,04,549","7,89,756","4,67,951","4,88,633","4,85,894",37.1%,37.8%,38.1%,"31,967",2.5%,"11,285",1.4%,"20,682",4.4%,14,12,85.7%,
REV-01237,2026,9,Sep,Q3,2026-09-01,United States,USD,Data & Analytics,BlueRiver Bank,Banking,Managed Services,"14,30,617","14,29,318","14,78,734","8,70,271","8,65,907","8,64,963","5,60,346","5,63,411","6,13,771",39.2%,39.4%,41.5%,"(1,299)",-0.1%,"(4,364)",-0.5%,"3,065",0.5%,15,12,80.0%,
REV-01238,2026,9,Sep,Q3,2026-09-01,United States,USD,Data & Analytics,Crestview Health,Healthcare,Fixed Price,"11,77,264","11,02,909","12,10,111","7,68,072","8,20,057","7,41,833","4,09,192","2,82,852","4,68,278",34.8%,25.6%,38.7%,"(74,355)",-6.3%,"51,985",6.8%,"(1,26,340)",-30.9%,13,10,76.9%,
REV-01239,2026,9,Sep,Q3,2026-09-01,United States,USD,Data & Analytics,Delta Manufacturing,Manufacturing,Time & Material,"13,42,719","13,82,825","13,64,744","8,22,928","8,40,563","8,21,191","5,19,791","5,42,262","5,43,553",38.7%,39.2%,39.8%,"40,106",3.0%,"17,635",2.1%,"22,471",4.3%,15,12,80.0%,
REV-01240,2026,9,Sep,Q3,2026-09-01,United States,USD,Data & Analytics,Evergreen Telecom,Telecommunications,Managed Services,"13,87,483","14,21,008","13,49,166","8,54,199","8,48,918","8,46,475","5,33,284","5,72,090","5,02,691",38.4%,40.3%,37.3%,"33,525",2.4%,"(5,281)",-0.6%,"38,806",7.3%,17,14,82.4%,
REV-01241,2026,9,Sep,Q3,2026-09-01,United States,USD,Cybersecurity,Apex Retail Group,Retail,Time & Material,"12,59,751","11,68,240","12,36,558","7,69,081","7,51,991","7,96,002","4,90,670","4,16,249","4,40,556",38.9%,35.6%,35.6%,"(91,511)",-7.3%,"(17,090)",-2.2%,"(74,421)",-15.2%,14,11,78.6%,
REV-01242,2026,9,Sep,Q3,2026-09-01,United States,USD,Cybersecurity,BlueRiver Bank,Banking,Managed Services,"14,38,928","12,92,214","13,61,036","8,89,102","8,12,492","8,97,717","5,49,826","4,79,722","4,63,319",38.2%,37.1%,34.0%,"(1,46,714)",-10.2%,"(76,610)",-8.6%,"(70,104)",-12.8%,17,13,76.5%,
REV-01243,2026,9,Sep,Q3,2026-09-01,United States,USD,Cybersecurity,Crestview Health,Healthcare,Fixed Price,"11,07,656","10,02,133","11,14,135","7,05,286","7,03,009","7,24,743","4,02,370","2,99,124","3,89,392",36.3%,29.8%,35.0%,"(1,05,523)",-9.5%,"(2,277)",-0.3%,"(1,03,246)",-25.7%,13,10,76.9%,
REV-01244,2026,9,Sep,Q3,2026-09-01,United States,USD,Cybersecurity,Delta Manufacturing,Manufacturing,Time & Material,"13,22,436","13,28,311","14,02,344","8,14,681","8,55,450","7,86,054","5,07,755","4,72,861","6,16,290",38.4%,35.6%,43.9%,"5,875",0.4%,"40,769",5.0%,"(34,894)",-6.9%,15,12,80.0%,
REV-01245,2026,9,Sep,Q3,2026-09-01,United States,USD,Cybersecurity,Evergreen Telecom,Telecommunications,Managed Services,"13,84,277","14,43,889","13,06,391","8,61,295","8,31,544","8,34,156","5,22,982","6,12,345","4,72,235",37.8%,42.4%,36.1%,"59,612",4.3%,"(29,751)",-3.5%,"89,363",17.1%,17,14,82.4%,
REV-01246,2026,9,Sep,Q3,2026-09-01,United States,USD,Enterprise Applications,Apex Retail Group,Retail,Time & Material,"11,41,493","10,75,902","12,31,295","6,83,176","6,96,088","6,68,540","4,58,317","3,79,814","5,62,755",40.2%,35.3%,45.7%,"(65,591)",-5.7%,"12,912",1.9%,"(78,503)",-17.1%,13,10,76.9%,
REV-01247,2026,9,Sep,Q3,2026-09-01,United States,USD,Enterprise Applications,BlueRiver Bank,Banking,Managed Services,"13,69,255","12,35,165","12,92,841","8,26,092","8,69,166","8,57,334","5,43,163","3,65,999","4,35,507",39.7%,29.6%,33.7%,"(1,34,090)",-9.8%,"43,074",5.2%,"(1,77,164)",-32.6%,16,12,75.0%,
REV-01248,2026,9,Sep,Q3,2026-09-01,United States,USD,Enterprise Applications,Crestview Health,Healthcare,Fixed Price,"10,70,097","11,80,599","10,32,795","6,78,137","7,10,923","6,75,441","3,91,960","4,69,676","3,57,354",36.6%,39.8%,34.6%,"1,10,502",10.3%,"32,786",4.8%,"77,716",19.8%,13,12,92.3%,
REV-01249,2026,9,Sep,Q3,2026-09-01,United States,USD,Enterprise Applications,Delta Manufacturing,Manufacturing,Time & Material,"12,17,281","11,94,779","13,13,516","7,61,505","7,51,522","7,38,368","4,55,776","4,43,257","5,75,148",37.4%,37.1%,43.8%,"(22,502)",-1.8%,"(9,983)",-1.3%,"(12,519)",-2.7%,13,11,84.6%,
REV-01250,2026,9,Sep,Q3,2026-09-01,United States,USD,Enterprise Applications,Evergreen Telecom,Telecommunications,Managed Services,"12,73,526","11,57,021","13,27,406","7,82,702","7,72,466","7,67,127","4,90,824","3,84,555","5,60,279",38.5%,33.2%,42.2%,"(1,16,505)",-9.1%,"(10,236)",-1.3%,"(1,06,269)",-21.7%,13,10,76.9%,
REV-01251,2026,9,Sep,Q3,2026-09-01,United States,USD,Digital Engineering,Apex Retail Group,Retail,Time & Material,"12,48,350","12,39,870","12,64,336","7,73,867","7,45,597","7,70,412","4,74,483","4,94,273","4,93,924",38.0%,39.9%,39.1%,"(8,480)",-0.7%,"(28,270)",-3.7%,"19,790",4.2%,14,11,78.6%,
REV-01252,2026,9,Sep,Q3,2026-09-01,United States,USD,Digital Engineering,BlueRiver Bank,Banking,Managed Services,"13,73,638","13,75,005","13,44,113","8,49,707","8,82,786","8,21,717","5,23,931","4,92,219","5,22,396",38.1%,35.8%,38.9%,"1,367",0.1%,"33,079",3.9%,"(31,712)",-6.1%,16,13,81.3%,
REV-01253,2026,9,Sep,Q3,2026-09-01,United States,USD,Digital Engineering,Crestview Health,Healthcare,Fixed Price,"11,34,583","11,72,759","12,31,749","7,36,458","7,71,916","7,08,314","3,98,125","4,00,843","5,23,435",35.1%,34.2%,42.5%,"38,176",3.4%,"35,458",4.8%,"2,718",0.7%,13,11,84.6%,
REV-01254,2026,9,Sep,Q3,2026-09-01,United States,USD,Digital Engineering,Delta Manufacturing,Manufacturing,Time & Material,"12,34,475","12,15,502","11,65,564","7,71,655","7,74,092","7,96,010","4,62,820","4,41,410","3,69,554",37.5%,36.3%,31.7%,"(18,973)",-1.5%,"2,437",0.3%,"(21,410)",-4.6%,13,11,84.6%,
REV-01255,2026,9,Sep,Q3,2026-09-01,United States,USD,Digital Engineering,Evergreen Telecom,Telecommunications,Managed Services,"13,57,494","14,08,112","13,15,897","8,14,751","7,93,883","7,93,990","5,42,743","6,14,229","5,21,907",40.0%,43.6%,39.7%,"50,618",3.7%,"(20,868)",-2.6%,"71,486",13.2%,16,14,87.5%,
REV-01256,2026,9,Sep,Q3,2026-09-01,United States,USD,Managed Services,Apex Retail Group,Retail,Time & Material,"9,62,652","8,71,849","9,18,815","6,32,218","6,01,812","6,46,537","3,30,434","2,70,037","2,72,278",34.3%,31.0%,29.6%,"(90,803)",-9.4%,"(30,406)",-4.8%,"(60,397)",-18.3%,11,8,72.7%,
REV-01257,2026,9,Sep,Q3,2026-09-01,United States,USD,Managed Services,BlueRiver Bank,Banking,Managed Services,"11,21,757","11,55,872","11,31,919","7,62,629","7,58,832","7,73,589","3,59,128","3,97,040","3,58,330",32.0%,34.3%,31.7%,"34,115",3.0%,"(3,797)",-0.5%,"37,912",10.6%,12,10,83.3%,
REV-01258,2026,9,Sep,Q3,2026-09-01,United States,USD,Managed Services,Crestview Health,Healthcare,Fixed Price,"8,80,937","8,93,613","9,43,145","6,04,315","6,17,829","5,76,442","2,76,622","2,75,784","3,66,703",31.4%,30.9%,38.9%,"12,676",1.4%,"13,514",2.2%,(838),-0.3%,10,8,80.0%,
REV-01259,2026,9,Sep,Q3,2026-09-01,United States,USD,Managed Services,Delta Manufacturing,Manufacturing,Time & Material,"10,63,168","9,84,129","11,55,883","7,12,799","7,11,413","7,41,484","3,50,369","2,72,716","4,14,399",33.0%,27.7%,35.9%,"(79,039)",-7.4%,"(1,386)",-0.2%,"(77,653)",-22.2%,13,10,76.9%,
REV-01260,2026,9,Sep,Q3,2026-09-01,United States,USD,Managed Services,Evergreen Telecom,Telecommunications,Managed Services,"10,63,969","11,35,656","11,15,679","7,23,032","7,18,141","6,91,205","3,40,937","4,17,515","4,24,474",32.0%,36.8%,38.0%,"71,687",6.7%,"(4,891)",-0.7%,"76,578",22.5%,13,11,84.6%,
REV-01261,2026,9,Sep,Q3,2026-09-01,United Kingdom,USD,Cloud Services,Apex Retail Group,Retail,Time & Material,"11,01,285","9,99,021","10,92,363","6,83,781","6,98,489","7,15,413","4,17,504","3,00,532","3,76,950",37.9%,30.1%,34.5%,"(1,02,264)",-9.3%,"14,708",2.2%,"(1,16,972)",-28.0%,15,11,73.3%,
REV-01262,2026,9,Sep,Q3,2026-09-01,United Kingdom,USD,Cloud Services,BlueRiver Bank,Banking,Managed Services,"12,83,190","13,60,860","12,06,945","7,73,227","7,43,769","7,60,615","5,09,963","6,17,091","4,46,330",39.7%,45.3%,37.0%,"77,670",6.1%,"(29,458)",-3.8%,"1,07,128",21.0%,19,16,84.2%,
REV-01263,2026,9,Sep,Q3,2026-09-01,United Kingdom,USD,Cloud Services,Crestview Health,Healthcare,Fixed Price,"10,39,152","9,72,887","10,45,460","6,58,406","6,55,653","6,56,454","3,80,746","3,17,234","3,89,006",36.6%,32.6%,37.2%,"(66,265)",-6.4%,"(2,753)",-0.4%,"(63,512)",-16.7%,13,10,76.9%,
REV-01264,2026,9,Sep,Q3,2026-09-01,United Kingdom,USD,Cloud Services,Delta Manufacturing,Manufacturing,Time & Material,"12,12,125","13,12,242","11,88,191","7,42,548","7,19,871","7,47,939","4,69,577","5,92,371","4,40,252",38.7%,45.1%,37.1%,"1,00,117",8.3%,"(22,677)",-3.1%,"1,22,794",26.1%,16,14,87.5%,
REV-01265,2026,9,Sep,Q3,2026-09-01,United Kingdom,USD,Cloud Services,Evergreen Telecom,Telecommunications,Managed Services,"12,63,428","13,36,615","12,20,577","7,66,962","7,45,496","7,39,734","4,96,466","5,91,119","4,80,843",39.3%,44.2%,39.4%,"73,187",5.8%,"(21,466)",-2.8%,"94,653",19.1%,17,15,88.2%,
REV-01266,2026,9,Sep,Q3,2026-09-01,United Kingdom,USD,Data & Analytics,Apex Retail Group,Retail,Time & Material,"10,95,480","10,07,175","10,97,477","6,61,716","6,38,740","6,48,840","4,33,764","3,68,435","4,48,637",39.6%,36.6%,40.9%,"(88,305)",-8.1%,"(22,976)",-3.5%,"(65,329)",-15.1%,15,12,80.0%,
REV-01267,2026,9,Sep,Q3,2026-09-01,United Kingdom,USD,Data & Analytics,BlueRiver Bank,Banking,Managed Services,"12,68,842","13,16,898","11,99,238","7,87,827","8,13,947","7,65,191","4,81,015","5,02,951","4,34,047",37.9%,38.2%,36.2%,"48,056",3.8%,"26,120",3.3%,"21,936",4.6%,16,14,87.5%,
REV-01268,2026,9,Sep,Q3,2026-09-01,United Kingdom,USD,Data & Analytics,Crestview Health,Healthcare,Fixed Price,"9,87,377","10,74,873","10,57,871","6,45,736","6,23,775","6,45,684","3,41,641","4,51,098","4,12,187",34.6%,42.0%,39.0%,"87,496",8.9%,"(21,961)",-3.4%,"1,09,457",32.0%,12,10,83.3%,
REV-01269,2026,9,Sep,Q3,2026-09-01,United Kingdom,USD,Data & Analytics,Delta Manufacturing,Manufacturing,Time & Material,"11,47,346","11,58,817","11,06,204","7,12,352","7,31,640","7,05,696","4,34,994","4,27,177","4,00,508",37.9%,36.9%,36.2%,"11,471",1.0%,"19,288",2.7%,"(7,817)",-1.8%,15,12,80.0%,
REV-01270,2026,9,Sep,Q3,2026-09-01,United Kingdom,USD,Data & Analytics,Evergreen Telecom,Telecommunications,Managed Services,"12,08,615","10,82,071","11,36,193","7,29,512","7,07,988","7,52,087","4,79,103","3,74,083","3,84,106",39.6%,34.6%,33.8%,"(1,26,544)",-10.5%,"(21,524)",-3.0%,"(1,05,020)",-21.9%,18,14,77.8%,
REV-01271,2026,9,Sep,Q3,2026-09-01,United Kingdom,USD,Cybersecurity,Apex Retail Group,Retail,Time & Material,"10,44,178","10,80,484","10,25,074","6,47,966","6,66,994","6,74,362","3,96,212","4,13,490","3,50,712",37.9%,38.3%,34.2%,"36,306",3.5%,"19,028",2.9%,"17,278",4.4%,16,13,81.3%,
REV-01272,2026,9,Sep,Q3,2026-09-01,United Kingdom,USD,Cybersecurity,BlueRiver Bank,Banking,Managed Services,"11,89,225","12,69,955","11,86,903","7,12,029","6,89,009","7,12,280","4,77,196","5,80,946","4,74,623",40.1%,45.7%,40.0%,"80,730",6.8%,"(23,020)",-3.2%,"1,03,750",21.7%,16,13,81.3%,
REV-01273,2026,9,Sep,Q3,2026-09-01,United Kingdom,USD,Cybersecurity,Crestview Health,Healthcare,Fixed Price,"9,35,783","9,71,427","9,41,883","5,88,418","5,54,752","5,97,753","3,47,365","4,16,675","3,44,130",37.1%,42.9%,36.5%,"35,644",3.8%,"(33,666)",-5.7%,"69,310",20.0%,13,11,84.6%,
REV-01274,2026,9,Sep,Q3,2026-09-01,United Kingdom,USD,Cybersecurity,Delta Manufacturing,Manufacturing,Time & Material,"11,15,316","12,32,337","11,34,348","6,73,553","7,04,004","6,94,849","4,41,763","5,28,333","4,39,499",39.6%,42.9%,38.7%,"1,17,021",10.5%,"30,451",4.5%,"86,570",19.6%,15,13,86.7%,
REV-01275,2026,9,Sep,Q3,2026-09-01,United Kingdom,USD,Cybersecurity,Evergreen Telecom,Telecommunications,Managed Services,"11,71,842","10,79,035","11,39,353","7,15,683","7,25,795","7,12,205","4,56,159","3,53,240","4,27,148",38.9%,32.7%,37.5%,"(92,807)",-7.9%,"10,112",1.4%,"(1,02,919)",-22.6%,17,13,76.5%,
REV-01276,2026,9,Sep,Q3,2026-09-01,United Kingdom,USD,Enterprise Applications,Apex Retail Group,Retail,Time & Material,"9,86,309","9,78,807","9,86,276","5,96,887","6,09,549","5,93,403","3,89,422","3,69,258","3,92,873",39.5%,37.7%,39.8%,"(7,502)",-0.8%,"12,662",2.1%,"(20,164)",-5.2%,13,10,76.9%,
REV-01277,2026,9,Sep,Q3,2026-09-01,United Kingdom,USD,Enterprise Applications,BlueRiver Bank,Banking,Managed Services,"10,97,912","11,51,520","10,03,562","6,60,369","6,87,273","6,41,776","4,37,543","4,64,247","3,61,786",39.9%,40.3%,36.1%,"53,608",4.9%,"26,904",4.1%,"26,704",6.1%,15,12,80.0%,
REV-01278,2026,9,Sep,Q3,2026-09-01,United Kingdom,USD,Enterprise Applications,Crestview Health,Healthcare,Fixed Price,"8,59,248","8,52,085","8,00,705","5,37,656","5,30,342","5,30,901","3,21,592","3,21,743","2,69,804",37.4%,37.8%,33.7%,"(7,163)",-0.8%,"(7,314)",-1.4%,151,0.0%,11,9,81.8%,
REV-01279,2026,9,Sep,Q3,2026-09-01,United Kingdom,USD,Enterprise Applications,Delta Manufacturing,Manufacturing,Time & Material,"9,84,604","10,08,163","10,70,026","6,01,129","5,86,744","6,19,192","3,83,475","4,21,419","4,50,834",38.9%,41.8%,42.1%,"23,559",2.4%,"(14,385)",-2.4%,"37,944",9.9%,13,11,84.6%,
REV-01280,2026,9,Sep,Q3,2026-09-01,United Kingdom,USD,Enterprise Applications,Evergreen Telecom,Telecommunications,Managed Services,"10,72,583","10,38,316","10,95,165","6,68,588","6,78,944","6,72,833","4,03,995","3,59,372","4,22,332",37.7%,34.6%,38.6%,"(34,267)",-3.2%,"10,356",1.5%,"(44,623)",-11.0%,15,12,80.0%,
REV-01281,2026,9,Sep,Q3,2026-09-01,United Kingdom,USD,Digital Engineering,Apex Retail Group,Retail,Time & Material,"10,09,547","9,44,018","9,53,900","6,23,349","6,22,510","6,03,442","3,86,198","3,21,508","3,50,458",38.3%,34.1%,36.7%,"(65,529)",-6.5%,(839),-0.1%,"(64,690)",-16.8%,14,11,78.6%,
REV-01282,2026,9,Sep,Q3,2026-09-01,United Kingdom,USD,Digital Engineering,BlueRiver Bank,Banking,Managed Services,"11,51,789","10,82,717","11,62,712","6,91,045","6,79,150","7,08,529","4,60,744","4,03,567","4,54,183",40.0%,37.3%,39.1%,"(69,072)",-6.0%,"(11,895)",-1.7%,"(57,177)",-12.4%,17,13,76.5%,
REV-01283,2026,9,Sep,Q3,2026-09-01,United Kingdom,USD,Digital Engineering,Crestview Health,Healthcare,Fixed Price,"9,15,264","10,07,290","8,80,990","5,78,345","5,87,469","5,49,848","3,36,919","4,19,821","3,31,142",36.8%,41.7%,37.6%,"92,026",10.1%,"9,124",1.6%,"82,902",24.6%,13,11,84.6%,
REV-01284,2026,9,Sep,Q3,2026-09-01,United Kingdom,USD,Digital Engineering,Delta Manufacturing,Manufacturing,Time & Material,"10,45,241","10,02,443","10,56,398","6,55,609","6,55,992","6,44,709","3,89,632","3,46,451","4,11,689",37.3%,34.6%,39.0%,"(42,798)",-4.1%,383,0.1%,"(43,181)",-11.1%,15,12,80.0%,
REV-01285,2026,9,Sep,Q3,2026-09-01,United Kingdom,USD,Digital Engineering,Evergreen Telecom,Telecommunications,Managed Services,"11,09,405","10,32,187","10,65,495","6,68,069","6,89,892","6,68,059","4,41,336","3,42,295","3,97,436",39.8%,33.2%,37.3%,"(77,218)",-7.0%,"21,823",3.3%,"(99,041)",-22.4%,15,11,73.3%,
REV-01286,2026,9,Sep,Q3,2026-09-01,United Kingdom,USD,Managed Services,Apex Retail Group,Retail,Time & Material,"8,50,389","8,07,874","8,61,768","5,77,497","5,84,660","5,91,299","2,72,892","2,23,214","2,70,469",32.1%,27.6%,31.4%,"(42,515)",-5.0%,"7,163",1.2%,"(49,678)",-18.2%,11,8,72.7%,
REV-01287,2026,9,Sep,Q3,2026-09-01,United Kingdom,USD,Managed Services,BlueRiver Bank,Banking,Managed Services,"9,62,857","8,66,460","9,31,713","6,30,323","6,25,377","6,62,952","3,32,534","2,41,083","2,68,761",34.5%,27.8%,28.8%,"(96,397)",-10.0%,"(4,946)",-0.8%,"(91,451)",-27.5%,12,9,75.0%,
REV-01288,2026,9,Sep,Q3,2026-09-01,United Kingdom,USD,Managed Services,Crestview Health,Healthcare,Fixed Price,"7,58,048","7,06,703","8,17,894","5,15,945","5,09,762","4,93,914","2,42,103","1,96,941","3,23,980",31.9%,27.9%,39.6%,"(51,345)",-6.8%,"(6,183)",-1.2%,"(45,162)",-18.7%,11,8,72.7%,
REV-01289,2026,9,Sep,Q3,2026-09-01,United Kingdom,USD,Managed Services,Delta Manufacturing,Manufacturing,Time & Material,"8,79,584","8,03,300","8,89,122","5,90,645","5,89,840","6,22,016","2,88,939","2,13,460","2,67,106",32.8%,26.6%,30.0%,"(76,284)",-8.7%,(805),-0.1%,"(75,479)",-26.1%,11,9,81.8%,
REV-01290,2026,9,Sep,Q3,2026-09-01,United Kingdom,USD,Managed Services,Evergreen Telecom,Telecommunications,Managed Services,"9,39,366","9,31,311","10,20,415","6,22,313","6,12,721","6,30,019","3,17,053","3,18,590","3,90,396",33.8%,34.2%,38.3%,"(8,055)",-0.9%,"(9,592)",-1.5%,"1,537",0.5%,12,10,83.3%,
REV-01291,2026,9,Sep,Q3,2026-09-01,Germany,USD,Cloud Services,Apex Retail Group,Retail,Time & Material,"10,74,626","10,08,390","11,03,498","6,64,238","6,32,091","6,79,050","4,10,388","3,76,299","4,24,448",38.2%,37.3%,38.5%,"(66,236)",-6.2%,"(32,147)",-4.8%,"(34,089)",-8.3%,17,13,76.5%,
REV-01292,2026,9,Sep,Q3,2026-09-01,Germany,USD,Cloud Services,BlueRiver Bank,Banking,Managed Services,"12,07,234","12,09,158","11,31,567","7,52,082","7,49,190","7,92,351","4,55,152","4,59,968","3,39,216",37.7%,38.0%,30.0%,"1,924",0.2%,"(2,892)",-0.4%,"4,816",1.1%,16,13,81.3%,
REV-01293,2026,9,Sep,Q3,2026-09-01,Germany,USD,Cloud Services,Crestview Health,Healthcare,Fixed Price,"9,78,747","9,50,979","9,71,619","6,12,521","6,36,539","5,81,662","3,66,226","3,14,440","3,89,957",37.4%,33.1%,40.1%,"(27,768)",-2.8%,"24,018",3.9%,"(51,786)",-14.1%,13,10,76.9%,
REV-01294,2026,9,Sep,Q3,2026-09-01,Germany,USD,Cloud Services,Delta Manufacturing,Manufacturing,Time & Material,"11,10,877","10,42,400","11,65,529","6,65,122","6,75,853","6,96,248","4,45,755","3,66,547","4,69,281",40.1%,35.2%,40.3%,"(68,477)",-6.2%,"10,731",1.6%,"(79,208)",-17.8%,17,13,76.5%,
REV-01295,2026,9,Sep,Q3,2026-09-01,Germany,USD,Cloud Services,Evergreen Telecom,Telecommunications,Managed Services,"11,39,838","10,98,778","11,87,099","6,84,261","6,86,975","6,87,833","4,55,577","4,11,803","4,99,266",40.0%,37.5%,42.1%,"(41,060)",-3.6%,"2,714",0.4%,"(43,774)",-9.6%,17,14,82.4%,
REV-01296,2026,9,Sep,Q3,2026-09-01,Germany,USD,Data & Analytics,Apex Retail Group,Retail,Time & Material,"10,18,471","9,59,761","9,76,869","6,26,584","6,51,221","6,50,533","3,91,887","3,08,540","3,26,336",38.5%,32.1%,33.4%,"(58,710)",-5.8%,"24,637",3.9%,"(83,347)",-21.3%,15,11,73.3%,
REV-01297,2026,9,Sep,Q3,2026-09-01,Germany,USD,Data & Analytics,BlueRiver Bank,Banking,Managed Services,"11,35,516","10,41,424","10,76,182","6,86,142","6,65,465","6,78,185","4,49,374","3,75,959","3,97,997",39.6%,36.1%,37.0%,"(94,092)",-8.3%,"(20,677)",-3.0%,"(73,415)",-16.3%,16,13,81.3%,
REV-01298,2026,9,Sep,Q3,2026-09-01,Germany,USD,Data & Analytics,Crestview Health,Healthcare,Fixed Price,"9,00,379","8,31,474","8,23,342","5,69,390","5,50,629","5,64,282","3,30,989","2,80,845","2,59,060",36.8%,33.8%,31.5%,"(68,905)",-7.7%,"(18,761)",-3.3%,"(50,144)",-15.1%,12,10,83.3%,
REV-01299,2026,9,Sep,Q3,2026-09-01,Germany,USD,Data & Analytics,Delta Manufacturing,Manufacturing,Time & Material,"10,73,803","10,10,093","11,08,141","6,49,156","6,75,317","6,70,572","4,24,647","3,34,776","4,37,569",39.5%,33.1%,39.5%,"(63,710)",-5.9%,"26,161",4.0%,"(89,871)",-21.2%,14,11,78.6%,
REV-01300,2026,9,Sep,Q3,2026-09-01,Germany,USD,Data & Analytics,Evergreen Telecom,Telecommunications,Managed Services,"11,09,577","10,71,478","10,80,901","6,88,821","7,01,877","6,76,399","4,20,756","3,69,601","4,04,502",37.9%,34.5%,37.4%,"(38,099)",-3.4%,"13,056",1.9%,"(51,155)",-12.2%,16,13,81.3%,
REV-01301,2026,9,Sep,Q3,2026-09-01,Germany,USD,Cybersecurity,Apex Retail Group,Retail,Time & Material,"9,95,480","10,54,813","10,53,218","6,06,590","6,23,193","5,81,591","3,88,890","4,31,620","4,71,627",39.1%,40.9%,44.8%,"59,333",6.0%,"16,603",2.7%,"42,730",11.0%,13,11,84.6%,
REV-01302,2026,9,Sep,Q3,2026-09-01,Germany,USD,Cybersecurity,BlueRiver Bank,Banking,Managed Services,"10,98,756","11,67,333","11,14,564","6,60,274","6,55,692","6,74,779","4,38,482","5,11,641","4,39,785",39.9%,43.8%,39.5%,"68,577",6.2%,"(4,582)",-0.7%,"73,159",16.7%,17,15,88.2%,
REV-01303,2026,9,Sep,Q3,2026-09-01,Germany,USD,Cybersecurity,Crestview Health,Healthcare,Fixed Price,"9,13,101","8,97,304","9,01,332","5,70,119","5,75,194","5,84,106","3,42,982","3,22,110","3,17,226",37.6%,35.9%,35.2%,"(15,797)",-1.7%,"5,075",0.9%,"(20,872)",-6.1%,12,9,75.0%,
REV-01304,2026,9,Sep,Q3,2026-09-01,Germany,USD,Cybersecurity,Delta Manufacturing,Manufacturing,Time & Material,"9,99,521","10,22,307","9,67,320","6,23,604","6,24,300","6,06,048","3,75,917","3,98,007","3,61,272",37.6%,38.9%,37.3%,"22,786",2.3%,696,0.1%,"22,090",5.9%,13,11,84.6%,
REV-01305,2026,9,Sep,Q3,2026-09-01,Germany,USD,Cybersecurity,Evergreen Telecom,Telecommunications,Managed Services,"10,90,040","11,89,605","10,44,864","6,68,029","6,96,705","6,54,564","4,22,011","4,92,900","3,90,300",38.7%,41.4%,37.4%,"99,565",9.1%,"28,676",4.3%,"70,889",16.8%,16,14,87.5%,
REV-01306,2026,9,Sep,Q3,2026-09-01,Germany,USD,Enterprise Applications,Apex Retail Group,Retail,Time & Material,"8,91,892","8,63,518","8,68,172","5,35,126","5,42,770","5,47,070","3,56,766","3,20,748","3,21,102",40.0%,37.1%,37.0%,"(28,374)",-3.2%,"7,644",1.4%,"(36,018)",-10.1%,14,11,78.6%,
REV-01307,2026,9,Sep,Q3,2026-09-01,Germany,USD,Enterprise Applications,BlueRiver Bank,Banking,Managed Services,"10,66,860","11,51,177","10,81,025","6,46,039","6,72,517","6,76,268","4,20,821","4,78,660","4,04,757",39.4%,41.6%,37.4%,"84,317",7.9%,"26,478",4.1%,"57,839",13.7%,17,14,82.4%,
REV-01308,2026,9,Sep,Q3,2026-09-01,Germany,USD,Enterprise Applications,Crestview Health,Healthcare,Fixed Price,"8,62,969","8,19,453","8,05,681","5,62,466","5,28,140","5,75,742","3,00,503","2,91,313","2,29,939",34.8%,35.5%,28.5%,"(43,516)",-5.0%,"(34,326)",-6.1%,"(9,190)",-3.1%,13,10,76.9%,
REV-01309,2026,9,Sep,Q3,2026-09-01,Germany,USD,Enterprise Applications,Delta Manufacturing,Manufacturing,Time & Material,"9,32,445","9,99,163","8,57,647","5,64,182","6,02,089","5,89,085","3,68,263","3,97,074","2,68,562",39.5%,39.7%,31.3%,"66,718",7.2%,"37,907",6.7%,"28,811",7.8%,14,12,85.7%,
REV-01310,2026,9,Sep,Q3,2026-09-01,Germany,USD,Enterprise Applications,Evergreen Telecom,Telecommunications,Managed Services,"10,18,825","9,63,320","10,13,847","6,17,009","6,28,388","6,61,146","4,01,816","3,34,932","3,52,701",39.4%,34.8%,34.8%,"(55,505)",-5.4%,"11,379",1.8%,"(66,884)",-16.6%,14,11,78.6%,
REV-01311,2026,9,Sep,Q3,2026-09-01,Germany,USD,Digital Engineering,Apex Retail Group,Retail,Time & Material,"9,32,734","9,58,571","9,22,991","5,68,314","5,82,051","5,69,802","3,64,420","3,76,520","3,53,189",39.1%,39.3%,38.3%,"25,837",2.8%,"13,737",2.4%,"12,100",3.3%,14,12,85.7%,
REV-01312,2026,9,Sep,Q3,2026-09-01,Germany,USD,Digital Engineering,BlueRiver Bank,Banking,Managed Services,"10,78,046","11,11,175","10,44,949","6,47,293","6,26,999","6,31,279","4,30,753","4,84,176","4,13,670",40.0%,43.6%,39.6%,"33,129",3.1%,"(20,294)",-3.1%,"53,423",12.4%,16,13,81.3%,
REV-01313,2026,9,Sep,Q3,2026-09-01,Germany,USD,Digital Engineering,Crestview Health,Healthcare,Fixed Price,"9,00,125","8,46,744","8,21,505","5,75,579","5,79,333","5,55,204","3,24,546","2,67,411","2,66,301",36.1%,31.6%,32.4%,"(53,381)",-5.9%,"3,754",0.7%,"(57,135)",-17.6%,13,10,76.9%,
REV-01314,2026,9,Sep,Q3,2026-09-01,Germany,USD,Digital Engineering,Delta Manufacturing,Manufacturing,Time & Material,"10,28,099","11,15,744","10,91,598","6,27,365","6,23,916","6,49,955","4,00,734","4,91,828","4,41,643",39.0%,44.1%,40.5%,"87,645",8.5%,"(3,449)",-0.5%,"91,094",22.7%,15,12,80.0%,
REV-01315,2026,9,Sep,Q3,2026-09-01,Germany,USD,Digital Engineering,Evergreen Telecom,Telecommunications,Managed Services,"10,57,706","10,57,900","10,19,857","6,49,919","6,48,331","6,18,659","4,07,787","4,09,569","4,01,198",38.6%,38.7%,39.3%,194,0.0%,"(1,588)",-0.2%,"1,782",0.4%,14,11,78.6%,
REV-01316,2026,9,Sep,Q3,2026-09-01,Germany,USD,Managed Services,Apex Retail Group,Retail,Time & Material,"7,99,624","8,75,022","7,86,910","5,42,748","5,14,193","5,22,598","2,56,876","3,60,829","2,64,312",32.1%,41.2%,33.6%,"75,398",9.4%,"(28,555)",-5.3%,"1,03,953",40.5%,11,9,81.8%,
REV-01317,2026,9,Sep,Q3,2026-09-01,Germany,USD,Managed Services,BlueRiver Bank,Banking,Managed Services,"9,00,330","9,76,740","8,97,886","5,87,525","5,90,290","5,79,663","3,12,805","3,86,450","3,18,223",34.7%,39.6%,35.4%,"76,410",8.5%,"2,765",0.5%,"73,645",23.5%,14,12,85.7%,
REV-01318,2026,9,Sep,Q3,2026-09-01,Germany,USD,Managed Services,Crestview Health,Healthcare,Fixed Price,"7,14,541","7,06,456","7,45,034","4,93,358","4,88,736","4,71,712","2,21,183","2,17,720","2,73,322",31.0%,30.8%,36.7%,"(8,085)",-1.1%,"(4,622)",-0.9%,"(3,463)",-1.6%,10,8,80.0%,
REV-01319,2026,9,Sep,Q3,2026-09-01,Germany,USD,Managed Services,Delta Manufacturing,Manufacturing,Time & Material,"8,49,367","8,96,749","8,51,414","5,74,465","6,01,943","5,91,596","2,74,902","2,94,806","2,59,818",32.4%,32.9%,30.5%,"47,382",5.6%,"27,478",4.8%,"19,904",7.2%,12,10,83.3%,
REV-01320,2026,9,Sep,Q3,2026-09-01,Germany,USD,Managed Services,Evergreen Telecom,Telecommunications,Managed Services,"8,88,483","9,55,963","8,36,449","5,96,424","5,89,162","6,25,850","2,92,059","3,66,801","2,10,599",32.9%,38.4%,25.2%,"67,480",7.6%,"(7,262)",-1.2%,"74,742",25.6%,13,11,84.6%,
REV-01321,2026,9,Sep,Q3,2026-09-01,Singapore,USD,Cloud Services,Apex Retail Group,Retail,Time & Material,"10,37,263","10,47,816","10,22,122","6,35,791","6,28,332","6,61,392","4,01,472","4,19,484","3,60,730",38.7%,40.0%,35.3%,"10,553",1.0%,"(7,459)",-1.2%,"18,012",4.5%,17,14,82.4%,
REV-01322,2026,9,Sep,Q3,2026-09-01,Singapore,USD,Cloud Services,BlueRiver Bank,Banking,Managed Services,"12,08,350","11,62,424","11,28,689","7,56,499","7,18,559","7,87,045","4,51,851","4,43,865","3,41,644",37.4%,38.2%,30.3%,"(45,926)",-3.8%,"(37,940)",-5.0%,"(7,986)",-1.8%,16,13,81.3%,
REV-01323,2026,9,Sep,Q3,2026-09-01,Singapore,USD,Cloud Services,Crestview Health,Healthcare,Fixed Price,"9,14,272","9,83,760","8,60,737","5,79,921","5,66,741","5,65,576","3,34,351","4,17,019","2,95,161",36.6%,42.4%,34.3%,"69,488",7.6%,"(13,180)",-2.3%,"82,668",24.7%,14,12,85.7%,
REV-01324,2026,9,Sep,Q3,2026-09-01,Singapore,USD,Cloud Services,Delta Manufacturing,Manufacturing,Time & Material,"10,94,627","10,43,658","10,54,408","6,60,103","6,34,177","6,71,723","4,34,524","4,09,481","3,82,685",39.7%,39.2%,36.3%,"(50,969)",-4.7%,"(25,926)",-3.9%,"(25,043)",-5.8%,18,14,77.8%,
REV-01325,2026,9,Sep,Q3,2026-09-01,Singapore,USD,Cloud Services,Evergreen Telecom,Telecommunications,Managed Services,"11,15,200","10,67,359","11,47,339","6,73,062","7,04,083","6,55,663","4,42,138","3,63,276","4,91,676",39.6%,34.0%,42.9%,"(47,841)",-4.3%,"31,021",4.6%,"(78,862)",-17.8%,16,12,75.0%,
REV-01326,2026,9,Sep,Q3,2026-09-01,Singapore,USD,Data & Analytics,Apex Retail Group,Retail,Time & Material,"9,84,813","8,86,890","10,51,963","6,01,043","5,99,706","6,26,539","3,83,770","2,87,184","4,25,424",39.0%,32.4%,40.4%,"(97,923)",-9.9%,"(1,337)",-0.2%,"(96,586)",-25.2%,16,12,75.0%,
REV-01327,2026,9,Sep,Q3,2026-09-01,Singapore,USD,Data & Analytics,BlueRiver Bank,Banking,Managed Services,"11,03,415","10,02,909","10,90,825","6,78,240","6,79,461","6,98,564","4,25,175","3,23,448","3,92,261",38.5%,32.3%,36.0%,"(1,00,506)",-9.1%,"1,221",0.2%,"(1,01,727)",-23.9%,17,13,76.5%,
REV-01328,2026,9,Sep,Q3,2026-09-01,Singapore,USD,Data & Analytics,Crestview Health,Healthcare,Fixed Price,"8,98,072","9,88,690","8,32,192","5,59,489","5,91,757","5,52,028","3,38,583","3,96,933","2,80,164",37.7%,40.1%,33.7%,"90,618",10.1%,"32,268",5.8%,"58,350",17.2%,14,12,85.7%,
REV-01329,2026,9,Sep,Q3,2026-09-01,Singapore,USD,Data & Analytics,Delta Manufacturing,Manufacturing,Time & Material,"10,45,434","10,40,102","10,17,932","6,39,249","6,62,210","6,13,551","4,06,185","3,77,892","4,04,381",38.9%,36.3%,39.7%,"(5,332)",-0.5%,"22,961",3.6%,"(28,293)",-7.0%,15,12,80.0%,
REV-01330,2026,9,Sep,Q3,2026-09-01,Singapore,USD,Data & Analytics,Evergreen Telecom,Telecommunications,Managed Services,"10,96,483","11,66,005","11,03,452","6,88,397","6,86,599","6,63,417","4,08,086","4,79,406","4,40,035",37.2%,41.1%,39.9%,"69,522",6.3%,"(1,798)",-0.3%,"71,320",17.5%,16,14,87.5%,
REV-01331,2026,9,Sep,Q3,2026-09-01,Singapore,USD,Cybersecurity,Apex Retail Group,Retail,Time & Material,"9,50,049","8,86,903","9,66,608","5,85,485","5,81,788","5,61,473","3,64,564","3,05,115","4,05,135",38.4%,34.4%,41.9%,"(63,146)",-6.6%,"(3,697)",-0.6%,"(59,449)",-16.3%,16,13,81.3%,
REV-01332,2026,9,Sep,Q3,2026-09-01,Singapore,USD,Cybersecurity,BlueRiver Bank,Banking,Managed Services,"10,80,320","10,40,660","10,42,770","6,76,587","6,73,178","6,76,592","4,03,733","3,67,482","3,66,178",37.4%,35.3%,35.1%,"(39,660)",-3.7%,"(3,409)",-0.5%,"(36,251)",-9.0%,16,13,81.3%,
REV-01333,2026,9,Sep,Q3,2026-09-01,Singapore,USD,Cybersecurity,Crestview Health,Healthcare,Fixed Price,"8,44,093","8,06,913","8,11,473","5,52,459","5,51,317","5,71,753","2,91,634","2,55,596","2,39,720",34.5%,31.7%,29.5%,"(37,180)",-4.4%,"(1,142)",-0.2%,"(36,038)",-12.4%,13,10,76.9%,
REV-01334,2026,9,Sep,Q3,2026-09-01,Singapore,USD,Cybersecurity,Delta Manufacturing,Manufacturing,Time & Material,"10,10,514","9,67,550","10,05,810","6,23,469","6,23,029","6,66,977","3,87,045","3,44,521","3,38,833",38.3%,35.6%,33.7%,"(42,964)",-4.3%,(440),-0.1%,"(42,524)",-11.0%,15,12,80.0%,
REV-01335,2026,9,Sep,Q3,2026-09-01,Singapore,USD,Cybersecurity,Evergreen Telecom,Telecommunications,Managed Services,"10,13,963","9,57,391","10,38,181","6,23,397","6,21,218","6,13,743","3,90,566","3,36,173","4,24,438",38.5%,35.1%,40.9%,"(56,572)",-5.6%,"(2,179)",-0.3%,"(54,393)",-13.9%,16,13,81.3%,
REV-01336,2026,9,Sep,Q3,2026-09-01,Singapore,USD,Enterprise Applications,Apex Retail Group,Retail,Time & Material,"9,08,064","9,90,424","9,30,345","5,49,009","5,52,747","5,59,771","3,59,055","4,37,677","3,70,574",39.5%,44.2%,39.8%,"82,360",9.1%,"3,738",0.7%,"78,622",21.9%,13,11,84.6%,
REV-01337,2026,9,Sep,Q3,2026-09-01,Singapore,USD,Enterprise Applications,BlueRiver Bank,Banking,Managed Services,"10,52,320","10,52,483","10,83,782","6,46,577","6,60,662","6,27,179","4,05,743","3,91,821","4,56,603",38.6%,37.2%,42.1%,163,0.0%,"14,085",2.2%,"(13,922)",-3.4%,16,14,87.5%,
REV-01338,2026,9,Sep,Q3,2026-09-01,Singapore,USD,Enterprise Applications,Crestview Health,Healthcare,Fixed Price,"8,02,832","7,64,401","8,52,683","5,17,250","5,23,738","4,93,734","2,85,582","2,40,663","3,58,949",35.6%,31.5%,42.1%,"(38,431)",-4.8%,"6,488",1.3%,"(44,919)",-15.7%,13,11,84.6%,
REV-01339,2026,9,Sep,Q3,2026-09-01,Singapore,USD,Enterprise Applications,Delta Manufacturing,Manufacturing,Time & Material,"9,33,096","8,63,086","9,08,714","5,72,488","5,88,833","5,71,159","3,60,608","2,74,253","3,37,555",38.6%,31.8%,37.1%,"(70,010)",-7.5%,"16,345",2.9%,"(86,355)",-23.9%,13,10,76.9%,
REV-01340,2026,9,Sep,Q3,2026-09-01,Singapore,USD,Enterprise Applications,Evergreen Telecom,Telecommunications,Managed Services,"10,07,350","9,79,930","10,08,431","6,13,345","6,19,545","5,92,012","3,94,005","3,60,385","4,16,419",39.1%,36.8%,41.3%,"(27,420)",-2.7%,"6,200",1.0%,"(33,620)",-8.5%,15,12,80.0%,
REV-01341,2026,9,Sep,Q3,2026-09-01,Singapore,USD,Digital Engineering,Apex Retail Group,Retail,Time & Material,"9,03,154","8,30,254","8,21,295","5,66,224","5,67,371","5,98,380","3,36,930","2,62,883","2,22,915",37.3%,31.7%,27.1%,"(72,900)",-8.1%,"1,147",0.2%,"(74,047)",-22.0%,14,11,78.6%,
REV-01342,2026,9,Sep,Q3,2026-09-01,Singapore,USD,Digital Engineering,BlueRiver Bank,Banking,Managed Services,"10,80,609","10,30,260","10,42,973","6,57,812","6,17,316","6,80,425","4,22,797","4,12,944","3,62,548",39.1%,40.1%,34.8%,"(50,349)",-4.7%,"(40,496)",-6.2%,"(9,853)",-2.3%,16,12,75.0%,
REV-01343,2026,9,Sep,Q3,2026-09-01,Singapore,USD,Digital Engineering,Crestview Health,Healthcare,Fixed Price,"8,21,698","8,08,499","8,22,221","5,14,011","5,06,165","4,96,442","3,07,687","3,02,334","3,25,779",37.4%,37.4%,39.6%,"(13,199)",-1.6%,"(7,846)",-1.5%,"(5,353)",-1.7%,12,10,83.3%,
REV-01344,2026,9,Sep,Q3,2026-09-01,Singapore,USD,Digital Engineering,Delta Manufacturing,Manufacturing,Time & Material,"9,70,865","10,41,833","9,24,831","5,89,614","5,64,280","5,78,854","3,81,251","4,77,553","3,45,977",39.3%,45.8%,37.4%,"70,968",7.3%,"(25,334)",-4.3%,"96,302",25.3%,16,13,81.3%,
REV-01345,2026,9,Sep,Q3,2026-09-01,Singapore,USD,Digital Engineering,Evergreen Telecom,Telecommunications,Managed Services,"9,84,779","8,97,505","9,55,840","6,17,004","5,97,396","6,36,320","3,67,775","3,00,109","3,19,520",37.3%,33.4%,33.4%,"(87,274)",-8.9%,"(19,608)",-3.2%,"(67,666)",-18.4%,15,12,80.0%,
REV-01346,2026,9,Sep,Q3,2026-09-01,Singapore,USD,Managed Services,Apex Retail Group,Retail,Time & Material,"7,66,575","7,42,406","8,00,985","5,23,962","4,84,542","5,10,649","2,42,613","2,57,864","2,90,336",31.6%,34.7%,36.2%,"(24,169)",-3.2%,"(39,420)",-7.5%,"15,251",6.3%,12,10,83.3%,
REV-01347,2026,9,Sep,Q3,2026-09-01,Singapore,USD,Managed Services,BlueRiver Bank,Banking,Managed Services,"9,06,469","9,76,870","8,67,858","6,19,205","6,10,088","6,05,190","2,87,264","3,66,782","2,62,668",31.7%,37.5%,30.3%,"70,401",7.8%,"(9,117)",-1.5%,"79,518",27.7%,15,12,80.0%,
REV-01348,2026,9,Sep,Q3,2026-09-01,Singapore,USD,Managed Services,Crestview Health,Healthcare,Fixed Price,"6,74,946","7,31,306","6,35,777","4,78,622","4,78,903","4,92,521","1,96,324","2,52,403","1,43,256",29.1%,34.5%,22.5%,"56,360",8.4%,281,0.1%,"56,079",28.6%,10,9,90.0%,
REV-01349,2026,9,Sep,Q3,2026-09-01,Singapore,USD,Managed Services,Delta Manufacturing,Manufacturing,Time & Material,"7,83,865","8,58,418","8,15,125","5,20,212","5,17,516","5,03,138","2,63,653","3,40,902","3,11,987",33.6%,39.7%,38.3%,"74,553",9.5%,"(2,696)",-0.5%,"77,249",29.3%,11,9,81.8%,
REV-01350,2026,9,Sep,Q3,2026-09-01,Singapore,USD,Managed Services,Evergreen Telecom,Telecommunications,Managed Services,"8,51,527","8,85,561","8,72,523","5,71,968","5,68,294","5,54,969","2,79,559","3,17,267","3,17,554",32.8%,35.8%,36.4%,"34,034",4.0%,"(3,674)",-0.6%,"37,708",13.5%,13,11,84.6%,
REV-01351,2026,10,Oct,Q4,2026-10-01,India,USD,Cloud Services,Apex Retail Group,Retail,Time & Material,"7,86,669","7,43,823","7,60,781","4,72,238","4,72,265","4,83,608","3,14,431","2,71,558","2,77,173",40.0%,36.5%,36.4%,"(42,846)",-5.4%,27,0.0%,"(42,873)",-13.6%,16,12,75.0%,
REV-01352,2026,10,Oct,Q4,2026-10-01,India,USD,Cloud Services,BlueRiver Bank,Banking,Managed Services,"9,18,906","8,34,843","9,09,377","5,69,083","5,88,343","5,85,284","3,49,823","2,46,500","3,24,093",38.1%,29.5%,35.6%,"(84,063)",-9.1%,"19,260",3.4%,"(1,03,323)",-29.5%,17,13,76.5%,
REV-01353,2026,10,Oct,Q4,2026-10-01,India,USD,Cloud Services,Crestview Health,Healthcare,Fixed Price,"7,19,781","7,37,173","7,03,546","4,65,973","4,95,001","4,87,767","2,53,808","2,42,172","2,15,779",35.3%,32.9%,30.7%,"17,392",2.4%,"29,028",6.2%,"(11,636)",-4.6%,14,12,85.7%,
REV-01354,2026,10,Oct,Q4,2026-10-01,India,USD,Cloud Services,Delta Manufacturing,Manufacturing,Time & Material,"8,63,329","8,37,763","8,27,877","5,28,423","5,54,763","5,15,017","3,34,906","2,83,000","3,12,860",38.8%,33.8%,37.8%,"(25,566)",-3.0%,"26,340",5.0%,"(51,906)",-15.5%,18,14,77.8%,
REV-01355,2026,10,Oct,Q4,2026-10-01,India,USD,Cloud Services,Evergreen Telecom,Telecommunications,Managed Services,"9,15,114","10,01,250","9,36,238","5,56,062","5,76,209","5,51,992","3,59,052","4,25,041","3,84,246",39.2%,42.5%,41.0%,"86,136",9.4%,"20,147",3.6%,"65,989",18.4%,19,17,89.5%,
REV-01356,2026,10,Oct,Q4,2026-10-01,India,USD,Data & Analytics,Apex Retail Group,Retail,Time & Material,"7,65,372","7,80,453","7,44,750","4,71,407","4,82,560","4,73,590","2,93,965","2,97,893","2,71,160",38.4%,38.2%,36.4%,"15,081",2.0%,"11,153",2.4%,"3,928",1.3%,15,12,80.0%,
REV-01357,2026,10,Oct,Q4,2026-10-01,India,USD,Data & Analytics,BlueRiver Bank,Banking,Managed Services,"8,61,990","9,40,952","8,98,189","5,35,137","5,37,436","5,65,380","3,26,853","4,03,516","3,32,809",37.9%,42.9%,37.1%,"78,962",9.2%,"2,299",0.4%,"76,663",23.5%,17,15,88.2%,
REV-01358,2026,10,Oct,Q4,2026-10-01,India,USD,Data & Analytics,Crestview Health,Healthcare,Fixed Price,"6,77,402","7,42,739","6,68,481","4,25,974","4,37,288","4,05,990","2,51,428","3,05,451","2,62,491",37.1%,41.1%,39.3%,"65,337",9.6%,"11,314",2.7%,"54,023",21.5%,13,11,84.6%,
REV-01359,2026,10,Oct,Q4,2026-10-01,India,USD,Data & Analytics,Delta Manufacturing,Manufacturing,Time & Material,"7,83,573","8,23,996","7,73,858","4,88,248","4,89,705","5,02,926","2,95,325","3,34,291","2,70,932",37.7%,40.6%,35.0%,"40,423",5.2%,"1,457",0.3%,"38,966",13.2%,16,14,87.5%,
REV-01360,2026,10,Oct,Q4,2026-10-01,India,USD,Data & Analytics,Evergreen Telecom,Telecommunications,Managed Services,"8,22,213","7,56,467","8,01,382","4,93,053","4,90,598","4,83,496","3,29,160","2,65,869","3,17,886",40.0%,35.1%,39.7%,"(65,746)",-8.0%,"(2,455)",-0.5%,"(63,291)",-19.2%,16,13,81.3%,
REV-01361,2026,10,Oct,Q4,2026-10-01,India,USD,Cybersecurity,Apex Retail Group,Retail,Time & Material,"7,46,063","7,41,781","7,00,866","4,53,114","4,62,650","4,43,782","2,92,949","2,79,131","2,57,084",39.3%,37.6%,36.7%,"(4,282)",-0.6%,"9,536",2.1%,"(13,818)",-4.7%,16,12,75.0%,
REV-01362,2026,10,Oct,Q4,2026-10-01,India,USD,Cybersecurity,BlueRiver Bank,Banking,Managed Services,"8,53,692","8,22,523","8,75,938","5,25,604","4,89,436","5,08,825","3,28,088","3,33,087","3,67,113",38.4%,40.5%,41.9%,"(31,169)",-3.7%,"(36,168)",-6.9%,"4,999",1.5%,17,13,76.5%,
REV-01363,2026,10,Oct,Q4,2026-10-01,India,USD,Cybersecurity,Crestview Health,Healthcare,Fixed Price,"6,52,084","6,40,358","6,80,196","4,14,984","4,12,724","4,34,384","2,37,100","2,27,634","2,45,812",36.4%,35.5%,36.1%,"(11,726)",-1.8%,"(2,260)",-0.5%,"(9,466)",-4.0%,12,10,83.3%,
REV-01364,2026,10,Oct,Q4,2026-10-01,India,USD,Cybersecurity,Delta Manufacturing,Manufacturing,Time & Material,"7,97,087","7,71,809","7,87,916","4,81,912","5,03,491","4,86,934","3,15,175","2,68,318","3,00,982",39.5%,34.8%,38.2%,"(25,278)",-3.2%,"21,579",4.5%,"(46,857)",-14.9%,16,13,81.3%,
REV-01365,2026,10,Oct,Q4,2026-10-01,India,USD,Cybersecurity,Evergreen Telecom,Telecommunications,Managed Services,"8,00,891","7,42,503","8,54,697","4,90,834","5,08,656","4,92,560","3,10,057","2,33,847","3,62,137",38.7%,31.5%,42.4%,"(58,388)",-7.3%,"17,822",3.6%,"(76,210)",-24.6%,15,12,80.0%,
REV-01366,2026,10,Oct,Q4,2026-10-01,India,USD,Enterprise Applications,Apex Retail Group,Retail,Time & Material,"6,88,788","6,47,325","6,73,286","4,26,294","4,24,238","4,47,585","2,62,494","2,23,087","2,25,701",38.1%,34.5%,33.5%,"(41,463)",-6.0%,"(2,056)",-0.5%,"(39,407)",-15.0%,15,12,80.0%,
REV-01367,2026,10,Oct,Q4,2026-10-01,India,USD,Enterprise Applications,BlueRiver Bank,Banking,Managed Services,"8,21,629","8,13,279","8,13,054","4,96,891","5,06,855","5,05,121","3,24,738","3,06,424","3,07,933",39.5%,37.7%,37.9%,"(8,350)",-1.0%,"9,964",2.0%,"(18,314)",-5.6%,15,12,80.0%,
REV-01368,2026,10,Oct,Q4,2026-10-01,India,USD,Enterprise Applications,Crestview Health,Healthcare,Fixed Price,"6,47,331","6,81,889","6,55,428","4,09,248","4,16,735","4,13,833","2,38,083","2,65,154","2,41,595",36.8%,38.9%,36.9%,"34,558",5.3%,"7,487",1.8%,"27,071",11.4%,14,12,85.7%,
REV-01369,2026,10,Oct,Q4,2026-10-01,India,USD,Enterprise Applications,Delta Manufacturing,Manufacturing,Time & Material,"7,20,633","7,90,952","6,94,524","4,45,728","4,27,594","4,33,376","2,74,905","3,63,358","2,61,148",38.1%,45.9%,37.6%,"70,319",9.8%,"(18,134)",-4.1%,"88,453",32.2%,15,12,80.0%,
REV-01370,2026,10,Oct,Q4,2026-10-01,India,USD,Enterprise Applications,Evergreen Telecom,Telecommunications,Managed Services,"7,58,796","8,35,472","7,39,779","4,65,657","4,71,456","4,45,412","2,93,139","3,64,016","2,94,367",38.6%,43.6%,39.8%,"76,676",10.1%,"5,799",1.2%,"70,877",24.2%,15,13,86.7%,
REV-01371,2026,10,Oct,Q4,2026-10-01,India,USD,Digital Engineering,Apex Retail Group,Retail,Time & Material,"7,35,097","7,74,912","8,09,205","4,56,509","4,78,323","4,61,020","2,78,588","2,96,589","3,48,185",37.9%,38.3%,43.0%,"39,815",5.4%,"21,814",4.8%,"18,001",6.5%,15,13,86.7%,
REV-01372,2026,10,Oct,Q4,2026-10-01,India,USD,Digital Engineering,BlueRiver Bank,Banking,Managed Services,"8,42,740","7,99,599","7,99,927","5,08,829","5,12,896","4,87,466","3,33,911","2,86,703","3,12,461",39.6%,35.9%,39.1%,"(43,141)",-5.1%,"4,067",0.8%,"(47,208)",-14.1%,17,13,76.5%,
REV-01373,2026,10,Oct,Q4,2026-10-01,India,USD,Digital Engineering,Crestview Health,Healthcare,Fixed Price,"6,65,195","6,85,197","6,46,303","4,15,041","4,40,335","4,07,714","2,50,154","2,44,862","2,38,589",37.6%,35.7%,36.9%,"20,002",3.0%,"25,294",6.1%,"(5,292)",-2.1%,12,10,83.3%,
REV-01374,2026,10,Oct,Q4,2026-10-01,India,USD,Digital Engineering,Delta Manufacturing,Manufacturing,Time & Material,"7,51,870","7,17,748","8,15,461","4,57,670","4,48,363","4,64,117","2,94,200","2,69,385","3,51,344",39.1%,37.5%,43.1%,"(34,122)",-4.5%,"(9,307)",-2.0%,"(24,815)",-8.4%,16,12,75.0%,
REV-01375,2026,10,Oct,Q4,2026-10-01,India,USD,Digital Engineering,Evergreen Telecom,Telecommunications,Managed Services,"7,77,841","7,49,204","8,25,176","4,81,414","5,04,192","4,58,773","2,96,427","2,45,012","3,66,403",38.1%,32.7%,44.4%,"(28,637)",-3.7%,"22,778",4.7%,"(51,415)",-17.3%,14,11,78.6%,
REV-01376,2026,10,Oct,Q4,2026-10-01,India,USD,Managed Services,Apex Retail Group,Retail,Time & Material,"5,82,763","6,33,433","5,63,594","3,92,605","3,99,300","3,94,473","1,90,158","2,34,133","1,69,121",32.6%,37.0%,30.0%,"50,670",8.7%,"6,695",1.7%,"43,975",23.1%,11,10,90.9%,
REV-01377,2026,10,Oct,Q4,2026-10-01,India,USD,Managed Services,BlueRiver Bank,Banking,Managed Services,"6,75,762","6,55,612","6,54,297","4,42,213","4,60,264","4,63,497","2,33,549","1,95,348","1,90,800",34.6%,29.8%,29.2%,"(20,150)",-3.0%,"18,051",4.1%,"(38,201)",-16.4%,14,12,85.7%,
REV-01378,2026,10,Oct,Q4,2026-10-01,India,USD,Managed Services,Crestview Health,Healthcare,Fixed Price,"5,30,044","5,58,663","5,29,801","3,61,804","3,63,549","3,55,499","1,68,240","1,95,114","1,74,302",31.7%,34.9%,32.9%,"28,619",5.4%,"1,745",0.5%,"26,874",16.0%,11,9,81.8%,
REV-01379,2026,10,Oct,Q4,2026-10-01,India,USD,Managed Services,Delta Manufacturing,Manufacturing,Time & Material,"6,12,111","6,66,306","6,34,488","4,01,158","3,96,373","3,85,147","2,10,953","2,69,933","2,49,341",34.5%,40.5%,39.3%,"54,195",8.9%,"(4,785)",-1.2%,"58,980",28.0%,11,9,81.8%,
REV-01380,2026,10,Oct,Q4,2026-10-01,India,USD,Managed Services,Evergreen Telecom,Telecommunications,Managed Services,"6,44,541","6,59,679","6,31,545","4,21,466","4,17,667","4,05,002","2,23,075","2,42,012","2,26,543",34.6%,36.7%,35.9%,"15,138",2.3%,"(3,799)",-0.9%,"18,937",8.5%,11,9,81.8%,
REV-01381,2026,10,Oct,Q4,2026-10-01,United States,USD,Cloud Services,Apex Retail Group,Retail,Time & Material,"13,86,116","13,57,239","12,89,714","8,68,718","8,53,209","8,68,146","5,17,398","5,04,030","4,21,568",37.3%,37.1%,32.7%,"(28,877)",-2.1%,"(15,509)",-1.8%,"(13,368)",-2.6%,15,12,80.0%,
REV-01382,2026,10,Oct,Q4,2026-10-01,United States,USD,Cloud Services,BlueRiver Bank,Banking,Managed Services,"16,64,828","17,36,665","16,71,409","10,10,846","10,44,550","9,79,212","6,53,982","6,92,115","6,92,197",39.3%,39.9%,41.4%,"71,837",4.3%,"33,704",3.3%,"38,133",5.8%,18,15,83.3%,
REV-01383,2026,10,Oct,Q4,2026-10-01,United States,USD,Cloud Services,Crestview Health,Healthcare,Fixed Price,"12,64,246","13,39,699","12,70,269","7,91,178","7,83,295","7,94,953","4,73,068","5,56,404","4,75,316",37.4%,41.5%,37.4%,"75,453",6.0%,"(7,883)",-1.0%,"83,336",17.6%,13,11,84.6%,
REV-01384,2026,10,Oct,Q4,2026-10-01,United States,USD,Cloud Services,Delta Manufacturing,Manufacturing,Time & Material,"14,19,430","14,92,917","13,69,692","8,75,094","8,93,774","8,78,695","5,44,336","5,99,143","4,90,997",38.3%,40.1%,35.8%,"73,487",5.2%,"18,680",2.1%,"54,807",10.1%,17,14,82.4%,
REV-01385,2026,10,Oct,Q4,2026-10-01,United States,USD,Cloud Services,Evergreen Telecom,Telecommunications,Managed Services,"15,82,675","17,06,576","15,50,664","9,86,755","10,33,725","9,26,158","5,95,920","6,72,851","6,24,506",37.7%,39.4%,40.3%,"1,23,901",7.8%,"46,970",4.8%,"76,931",12.9%,18,16,88.9%,
REV-01386,2026,10,Oct,Q4,2026-10-01,United States,USD,Data & Analytics,Apex Retail Group,Retail,Time & Material,"12,75,695","13,53,392","13,49,038","7,78,714","7,27,209","7,43,214","4,96,981","6,26,183","6,05,824",39.0%,46.3%,44.9%,"77,697",6.1%,"(51,505)",-6.6%,"1,29,202",26.0%,16,13,81.3%,
REV-01387,2026,10,Oct,Q4,2026-10-01,United States,USD,Data & Analytics,BlueRiver Bank,Banking,Managed Services,"15,59,754","14,94,674","15,04,469","9,80,979","9,26,852","9,91,439","5,78,775","5,67,822","5,13,030",37.1%,38.0%,34.1%,"(65,080)",-4.2%,"(54,127)",-5.5%,"(10,953)",-1.9%,19,15,78.9%,
REV-01388,2026,10,Oct,Q4,2026-10-01,United States,USD,Data & Analytics,Crestview Health,Healthcare,Fixed Price,"12,13,561","13,19,375","11,65,494","7,84,131","7,75,568","7,42,930","4,29,430","5,43,807","4,22,564",35.4%,41.2%,36.3%,"1,05,814",8.7%,"(8,563)",-1.1%,"1,14,377",26.6%,13,12,92.3%,
REV-01389,2026,10,Oct,Q4,2026-10-01,United States,USD,Data & Analytics,Delta Manufacturing,Manufacturing,Time & Material,"13,61,282","13,24,779","13,34,209","8,39,530","8,04,411","8,54,974","5,21,752","5,20,368","4,79,235",38.3%,39.3%,35.9%,"(36,503)",-2.7%,"(35,119)",-4.2%,"(1,384)",-0.3%,15,12,80.0%,
REV-01390,2026,10,Oct,Q4,2026-10-01,United States,USD,Data & Analytics,Evergreen Telecom,Telecommunications,Managed Services,"14,88,713","15,56,170","14,91,930","9,07,688","9,07,730","9,14,882","5,81,025","6,48,440","5,77,048",39.0%,41.7%,38.7%,"67,457",4.5%,42,0.0%,"67,415",11.6%,16,13,81.3%,
REV-01391,2026,10,Oct,Q4,2026-10-01,United States,USD,Cybersecurity,Apex Retail Group,Retail,Time & Material,"12,85,901","13,40,609","12,64,705","8,06,632","7,99,990","8,22,039","4,79,269","5,40,619","4,42,666",37.3%,40.3%,35.0%,"54,708",4.3%,"(6,642)",-0.8%,"61,350",12.8%,15,13,86.7%,
REV-01392,2026,10,Oct,Q4,2026-10-01,United States,USD,Cybersecurity,BlueRiver Bank,Banking,Managed Services,"15,05,086","15,37,528","14,31,415","9,37,985","9,96,926","9,85,021","5,67,101","5,40,602","4,46,394",37.7%,35.2%,31.2%,"32,442",2.2%,"58,941",6.3%,"(26,499)",-4.7%,17,13,76.5%,
REV-01393,2026,10,Oct,Q4,2026-10-01,United States,USD,Cybersecurity,Crestview Health,Healthcare,Fixed Price,"11,88,645","12,34,133","12,36,916","7,43,467","7,47,332","7,67,620","4,45,178","4,86,801","4,69,296",37.5%,39.4%,37.9%,"45,488",3.8%,"3,865",0.5%,"41,623",9.3%,13,11,84.6%,
REV-01394,2026,10,Oct,Q4,2026-10-01,United States,USD,Cybersecurity,Delta Manufacturing,Manufacturing,Time & Material,"13,44,435","14,62,777","12,32,248","8,27,284","7,98,332","8,18,480","5,17,151","6,64,445","4,13,768",38.5%,45.4%,33.6%,"1,18,342",8.8%,"(28,952)",-3.5%,"1,47,294",28.5%,15,13,86.7%,
REV-01395,2026,10,Oct,Q4,2026-10-01,United States,USD,Cybersecurity,Evergreen Telecom,Telecommunications,Managed Services,"14,40,271","15,14,685","15,15,044","8,75,610","8,80,610","8,66,713","5,64,661","6,34,075","6,48,331",39.2%,41.9%,42.8%,"74,414",5.2%,"5,000",0.6%,"69,414",12.3%,15,12,80.0%,
REV-01396,2026,10,Oct,Q4,2026-10-01,United States,USD,Enterprise Applications,Apex Retail Group,Retail,Time & Material,"11,83,855","12,75,550","12,29,918","7,18,916","7,23,116","7,35,933","4,64,939","5,52,434","4,93,985",39.3%,43.3%,40.2%,"91,695",7.7%,"4,200",0.6%,"87,495",18.8%,14,11,78.6%,
REV-01397,2026,10,Oct,Q4,2026-10-01,United States,USD,Enterprise Applications,BlueRiver Bank,Banking,Managed Services,"14,32,078","14,19,301","13,86,224","8,82,031","9,27,779","8,49,835","5,50,047","4,91,522","5,36,389",38.4%,34.6%,38.7%,"(12,777)",-0.9%,"45,748",5.2%,"(58,525)",-10.6%,17,14,82.4%,
REV-01398,2026,10,Oct,Q4,2026-10-01,United States,USD,Enterprise Applications,Crestview Health,Healthcare,Fixed Price,"11,28,081","10,70,178","11,31,062","7,09,465","7,37,262","7,11,950","4,18,616","3,32,916","4,19,112",37.1%,31.1%,37.1%,"(57,903)",-5.1%,"27,797",3.9%,"(85,700)",-20.5%,12,10,83.3%,
REV-01399,2026,10,Oct,Q4,2026-10-01,United States,USD,Enterprise Applications,Delta Manufacturing,Manufacturing,Time & Material,"12,18,231","11,94,035","13,09,744","7,33,855","7,03,720","7,66,360","4,84,376","4,90,315","5,43,384",39.8%,41.1%,41.5%,"(24,196)",-2.0%,"(30,135)",-4.1%,"5,939",1.2%,14,11,78.6%,
REV-01400,2026,10,Oct,Q4,2026-10-01,United States,USD,Enterprise Applications,Evergreen Telecom,Telecommunications,Managed Services,"13,12,640","11,84,860","13,46,054","7,98,159","8,03,274","7,72,598","5,14,481","3,81,586","5,73,456",39.2%,32.2%,42.6%,"(1,27,780)",-9.7%,"5,115",0.6%,"(1,32,895)",-25.8%,16,12,75.0%,
REV-01401,2026,10,Oct,Q4,2026-10-01,United States,USD,Digital Engineering,Apex Retail Group,Retail,Time & Material,"12,73,053","13,83,379","12,19,927","7,68,651","7,52,029","7,73,998","5,04,402","6,31,350","4,45,929",39.6%,45.6%,36.6%,"1,10,326",8.7%,"(16,622)",-2.2%,"1,26,948",25.2%,14,12,85.7%,
REV-01402,2026,10,Oct,Q4,2026-10-01,United States,USD,Digital Engineering,BlueRiver Bank,Banking,Managed Services,"14,64,421","15,21,888","14,72,509","9,18,156","8,84,896","9,18,803","5,46,265","6,36,992","5,53,706",37.3%,41.9%,37.6%,"57,467",3.9%,"(33,260)",-3.6%,"90,727",16.6%,18,15,83.3%,
REV-01403,2026,10,Oct,Q4,2026-10-01,United States,USD,Digital Engineering,Crestview Health,Healthcare,Fixed Price,"11,75,139","11,89,425","12,09,618","7,51,034","7,38,155","7,38,412","4,24,105","4,51,270","4,71,206",36.1%,37.9%,39.0%,"14,286",1.2%,"(12,879)",-1.7%,"27,165",6.4%,13,11,84.6%,
REV-01404,2026,10,Oct,Q4,2026-10-01,United States,USD,Digital Engineering,Delta Manufacturing,Manufacturing,Time & Material,"13,39,089","13,04,884","13,04,193","8,05,355","8,21,099","7,89,080","5,33,734","4,83,785","5,15,113",39.9%,37.1%,39.5%,"(34,205)",-2.6%,"15,744",2.0%,"(49,949)",-9.4%,15,12,80.0%,
REV-01405,2026,10,Oct,Q4,2026-10-01,United States,USD,Digital Engineering,Evergreen Telecom,Telecommunications,Managed Services,"13,54,425","13,57,075","14,28,641","8,25,628","8,34,982","8,08,211","5,28,797","5,22,093","6,20,430",39.0%,38.5%,43.4%,"2,650",0.2%,"9,354",1.1%,"(6,704)",-1.3%,15,13,86.7%,
REV-01406,2026,10,Oct,Q4,2026-10-01,United States,USD,Managed Services,Apex Retail Group,Retail,Time & Material,"9,91,612","10,89,236","9,36,643","6,51,377","6,57,575","6,86,232","3,40,235","4,31,661","2,50,411",34.3%,39.6%,26.7%,"97,624",9.8%,"6,198",1.0%,"91,426",26.9%,11,9,81.8%,
REV-01407,2026,10,Oct,Q4,2026-10-01,United States,USD,Managed Services,BlueRiver Bank,Banking,Managed Services,"11,86,835","12,29,547","11,46,976","7,78,397","8,33,828","7,91,377","4,08,438","3,95,719","3,55,599",34.4%,32.2%,31.0%,"42,712",3.6%,"55,431",7.1%,"(12,719)",-3.1%,14,12,85.7%,
REV-01408,2026,10,Oct,Q4,2026-10-01,United States,USD,Managed Services,Crestview Health,Healthcare,Fixed Price,"9,38,326","9,98,455","9,89,307","6,45,958","6,64,580","6,46,559","2,92,368","3,33,875","3,42,748",31.2%,33.4%,34.6%,"60,129",6.4%,"18,622",2.9%,"41,507",14.2%,10,9,90.0%,
REV-01409,2026,10,Oct,Q4,2026-10-01,United States,USD,Managed Services,Delta Manufacturing,Manufacturing,Time & Material,"10,40,308","10,71,678","10,88,328","6,89,730","6,88,643","6,49,020","3,50,578","3,83,035","4,39,308",33.7%,35.7%,40.4%,"31,370",3.0%,"(1,087)",-0.2%,"32,457",9.3%,11,9,81.8%,
REV-01410,2026,10,Oct,Q4,2026-10-01,United States,USD,Managed Services,Evergreen Telecom,Telecommunications,Managed Services,"10,96,624","10,59,463","10,65,298","7,34,349","7,44,499","7,73,507","3,62,275","3,14,964","2,91,791",33.0%,29.7%,27.4%,"(37,161)",-3.4%,"10,150",1.4%,"(47,311)",-13.1%,13,10,76.9%,
REV-01411,2026,10,Oct,Q4,2026-10-01,United Kingdom,USD,Cloud Services,Apex Retail Group,Retail,Time & Material,"11,47,132","11,45,237","12,02,100","7,07,159","7,32,041","6,72,545","4,39,973","4,13,196","5,29,555",38.4%,36.1%,44.1%,"(1,895)",-0.2%,"24,882",3.5%,"(26,777)",-6.1%,16,13,81.3%,
REV-01412,2026,10,Oct,Q4,2026-10-01,United Kingdom,USD,Cloud Services,BlueRiver Bank,Banking,Managed Services,"13,02,826","13,17,208","13,54,871","8,12,052","8,23,961","7,93,178","4,90,774","4,93,247","5,61,693",37.7%,37.4%,41.5%,"14,382",1.1%,"11,909",1.5%,"2,473",0.5%,19,16,84.2%,
REV-01413,2026,10,Oct,Q4,2026-10-01,United Kingdom,USD,Cloud Services,Crestview Health,Healthcare,Fixed Price,"10,63,577","10,26,444","10,79,220","6,79,565","6,89,439","7,07,477","3,84,012","3,37,005","3,71,743",36.1%,32.8%,34.4%,"(37,133)",-3.5%,"9,874",1.5%,"(47,007)",-12.2%,15,12,80.0%,
REV-01414,2026,10,Oct,Q4,2026-10-01,United Kingdom,USD,Cloud Services,Delta Manufacturing,Manufacturing,Time & Material,"11,68,742","10,95,729","12,57,033","7,13,764","7,17,830","6,93,179","4,54,978","3,77,899","5,63,854",38.9%,34.5%,44.9%,"(73,013)",-6.2%,"4,066",0.6%,"(77,079)",-16.9%,15,12,80.0%,
REV-01415,2026,10,Oct,Q4,2026-10-01,United Kingdom,USD,Cloud Services,Evergreen Telecom,Telecommunications,Managed Services,"13,02,023","13,65,528","13,80,498","8,15,941","8,23,157","8,54,452","4,86,082","5,42,371","5,26,046",37.3%,39.7%,38.1%,"63,505",4.9%,"7,216",0.9%,"56,289",11.6%,18,15,83.3%,
REV-01416,2026,10,Oct,Q4,2026-10-01,United Kingdom,USD,Data & Analytics,Apex Retail Group,Retail,Time & Material,"11,06,629","11,92,399","11,78,036","6,79,158","6,76,605","6,83,840","4,27,471","5,15,794","4,94,196",38.6%,43.3%,42.0%,"85,770",7.8%,"(2,553)",-0.4%,"88,323",20.7%,16,14,87.5%,
REV-01417,2026,10,Oct,Q4,2026-10-01,United Kingdom,USD,Data & Analytics,BlueRiver Bank,Banking,Managed Services,"12,40,267","13,46,422","13,48,999","7,76,216","8,05,319","8,07,630","4,64,051","5,41,103","5,41,369",37.4%,40.2%,40.1%,"1,06,155",8.6%,"29,103",3.7%,"77,052",16.6%,18,15,83.3%,
REV-01418,2026,10,Oct,Q4,2026-10-01,United Kingdom,USD,Data & Analytics,Crestview Health,Healthcare,Fixed Price,"10,23,959","10,93,430","10,96,025","6,42,984","6,40,972","6,19,591","3,80,975","4,52,458","4,76,434",37.2%,41.4%,43.5%,"69,471",6.8%,"(2,012)",-0.3%,"71,483",18.8%,13,11,84.6%,
REV-01419,2026,10,Oct,Q4,2026-10-01,United Kingdom,USD,Data & Analytics,Delta Manufacturing,Manufacturing,Time & Material,"11,35,135","11,96,432","10,34,329","6,79,409","6,67,309","6,99,859","4,55,726","5,29,123","3,34,470",40.1%,44.2%,32.3%,"61,297",5.4%,"(12,100)",-1.8%,"73,397",16.1%,16,14,87.5%,
REV-01420,2026,10,Oct,Q4,2026-10-01,United Kingdom,USD,Data & Analytics,Evergreen Telecom,Telecommunications,Managed Services,"12,13,471","12,65,285","11,15,825","7,38,687","7,58,371","7,54,865","4,74,784","5,06,914","3,60,960",39.1%,40.1%,32.3%,"51,814",4.3%,"19,684",2.7%,"32,130",6.8%,16,13,81.3%,
REV-01421,2026,10,Oct,Q4,2026-10-01,United Kingdom,USD,Cybersecurity,Apex Retail Group,Retail,Time & Material,"10,74,142","11,16,990","10,55,765","6,61,610","6,63,920","6,92,007","4,12,532","4,53,070","3,63,758",38.4%,40.6%,34.5%,"42,848",4.0%,"2,310",0.3%,"40,538",9.8%,15,13,86.7%,
REV-01422,2026,10,Oct,Q4,2026-10-01,United Kingdom,USD,Cybersecurity,BlueRiver Bank,Banking,Managed Services,"12,67,333","11,36,091","13,39,778","7,90,705","8,42,289","7,82,328","4,76,628","2,93,802","5,57,450",37.6%,25.9%,41.6%,"(1,31,242)",-10.4%,"51,584",6.5%,"(1,82,826)",-38.4%,18,13,72.2%,
REV-01423,2026,10,Oct,Q4,2026-10-01,United Kingdom,USD,Cybersecurity,Crestview Health,Healthcare,Fixed Price,"9,48,975","9,03,740","9,20,930","6,20,879","6,51,973","5,88,069","3,28,096","2,51,767","3,32,861",34.6%,27.9%,36.1%,"(45,235)",-4.8%,"31,094",5.0%,"(76,329)",-23.3%,12,10,83.3%,
REV-01424,2026,10,Oct,Q4,2026-10-01,United Kingdom,USD,Cybersecurity,Delta Manufacturing,Manufacturing,Time & Material,"10,97,715","10,72,744","10,41,308","6,73,564","7,39,324","7,05,546","4,24,151","3,33,420","3,35,762",38.6%,31.1%,32.2%,"(24,971)",-2.3%,"65,760",9.8%,"(90,731)",-21.4%,16,13,81.3%,
REV-01425,2026,10,Oct,Q4,2026-10-01,United Kingdom,USD,Cybersecurity,Evergreen Telecom,Telecommunications,Managed Services,"11,82,978","12,30,262","12,06,856","7,12,727","6,84,603","6,99,925","4,70,251","5,45,659","5,06,931",39.8%,44.4%,42.0%,"47,284",4.0%,"(28,124)",-3.9%,"75,408",16.0%,15,13,86.7%,
REV-01426,2026,10,Oct,Q4,2026-10-01,United Kingdom,USD,Enterprise Applications,Apex Retail Group,Retail,Time & Material,"10,15,483","10,77,734","10,85,715","6,18,720","6,50,422","6,30,869","3,96,763","4,27,312","4,54,846",39.1%,39.6%,41.9%,"62,251",6.1%,"31,702",5.1%,"30,549",7.7%,15,13,86.7%,
REV-01427,2026,10,Oct,Q4,2026-10-01,United Kingdom,USD,Enterprise Applications,BlueRiver Bank,Banking,Managed Services,"11,63,481","10,44,837","11,48,558","7,23,623","7,07,099","7,35,804","4,39,858","3,37,738","4,12,754",37.8%,32.3%,35.9%,"(1,18,644)",-10.2%,"(16,524)",-2.3%,"(1,02,120)",-23.2%,15,11,73.3%,
REV-01428,2026,10,Oct,Q4,2026-10-01,United Kingdom,USD,Enterprise Applications,Crestview Health,Healthcare,Fixed Price,"8,90,361","8,61,504","8,52,008","5,78,430","6,11,965","5,79,730","3,11,931","2,49,539","2,72,278",35.0%,29.0%,32.0%,"(28,857)",-3.2%,"33,535",5.8%,"(62,392)",-20.0%,12,9,75.0%,
REV-01429,2026,10,Oct,Q4,2026-10-01,United Kingdom,USD,Enterprise Applications,Delta Manufacturing,Manufacturing,Time & Material,"10,09,236","9,64,776","10,17,460","6,07,157","6,23,370","5,91,823","4,02,079","3,41,406","4,25,637",39.8%,35.4%,41.8%,"(44,460)",-4.4%,"16,213",2.7%,"(60,673)",-15.1%,15,11,73.3%,
REV-01430,2026,10,Oct,Q4,2026-10-01,United Kingdom,USD,Enterprise Applications,Evergreen Telecom,Telecommunications,Managed Services,"10,87,742","10,04,404","10,50,450","6,55,271","6,56,933","6,82,834","4,32,471","3,47,471","3,67,616",39.8%,34.6%,35.0%,"(83,338)",-7.7%,"1,662",0.3%,"(85,000)",-19.7%,15,12,80.0%,
REV-01431,2026,10,Oct,Q4,2026-10-01,United Kingdom,USD,Digital Engineering,Apex Retail Group,Retail,Time & Material,"10,02,803","9,88,420","9,76,392","6,11,091","6,18,399","6,10,665","3,91,712","3,70,021","3,65,727",39.1%,37.4%,37.5%,"(14,383)",-1.4%,"7,308",1.2%,"(21,691)",-5.5%,15,12,80.0%,
REV-01432,2026,10,Oct,Q4,2026-10-01,United Kingdom,USD,Digital Engineering,BlueRiver Bank,Banking,Managed Services,"12,25,468","12,87,111","12,96,657","7,48,966","7,73,021","7,06,602","4,76,502","5,14,090","5,90,055",38.9%,39.9%,45.5%,"61,643",5.0%,"24,055",3.2%,"37,588",7.9%,17,15,88.2%,
REV-01433,2026,10,Oct,Q4,2026-10-01,United Kingdom,USD,Digital Engineering,Crestview Health,Healthcare,Fixed Price,"9,47,117","10,32,784","9,96,487","6,01,295","6,12,695","5,74,624","3,45,822","4,20,089","4,21,863",36.5%,40.7%,42.3%,"85,667",9.0%,"11,400",1.9%,"74,267",21.5%,13,11,84.6%,
REV-01434,2026,10,Oct,Q4,2026-10-01,United Kingdom,USD,Digital Engineering,Delta Manufacturing,Manufacturing,Time & Material,"11,08,586","11,31,870","11,62,687","6,77,352","6,70,482","6,53,332","4,31,234","4,61,388","5,09,355",38.9%,40.8%,43.8%,"23,284",2.1%,"(6,870)",-1.0%,"30,154",7.0%,16,13,81.3%,
REV-01435,2026,10,Oct,Q4,2026-10-01,United Kingdom,USD,Digital Engineering,Evergreen Telecom,Telecommunications,Managed Services,"11,55,133","11,25,676","11,69,868","7,05,209","7,39,462","6,80,104","4,49,924","3,86,214","4,89,764",38.9%,34.3%,41.9%,"(29,457)",-2.6%,"34,253",4.9%,"(63,710)",-14.2%,16,13,81.3%,
REV-01436,2026,10,Oct,Q4,2026-10-01,United Kingdom,USD,Managed Services,Apex Retail Group,Retail,Time & Material,"8,47,290","7,93,504","8,18,561","5,74,362","5,90,517","5,97,688","2,72,928","2,02,987","2,20,873",32.2%,25.6%,27.0%,"(53,786)",-6.3%,"16,155",2.8%,"(69,941)",-25.6%,11,9,81.8%,
REV-01437,2026,10,Oct,Q4,2026-10-01,United Kingdom,USD,Managed Services,BlueRiver Bank,Banking,Managed Services,"10,21,306","10,85,640","10,72,843","6,89,072","7,13,185","7,07,709","3,32,234","3,72,455","3,65,134",32.5%,34.3%,34.0%,"64,334",6.3%,"24,113",3.5%,"40,221",12.1%,14,12,85.7%,
REV-01438,2026,10,Oct,Q4,2026-10-01,United Kingdom,USD,Managed Services,Crestview Health,Healthcare,Fixed Price,"7,75,530","7,01,236","8,07,421","5,43,944","5,69,588","5,32,296","2,31,586","1,31,648","2,75,125",29.9%,18.8%,34.1%,"(74,294)",-9.6%,"25,644",4.7%,"(99,938)",-43.2%,12,10,83.3%,
REV-01439,2026,10,Oct,Q4,2026-10-01,United Kingdom,USD,Managed Services,Delta Manufacturing,Manufacturing,Time & Material,"8,70,079","9,24,804","8,33,942","5,82,460","6,01,492","5,61,664","2,87,619","3,23,312","2,72,278",33.1%,35.0%,32.6%,"54,725",6.3%,"19,032",3.3%,"35,693",12.4%,11,9,81.8%,
REV-01440,2026,10,Oct,Q4,2026-10-01,United Kingdom,USD,Managed Services,Evergreen Telecom,Telecommunications,Managed Services,"9,46,590","9,43,080","9,53,734","6,35,154","6,30,256","6,28,223","3,11,436","3,12,824","3,25,511",32.9%,33.2%,34.1%,"(3,510)",-0.4%,"(4,898)",-0.8%,"1,388",0.4%,14,11,78.6%,
REV-01441,2026,10,Oct,Q4,2026-10-01,Germany,USD,Cloud Services,Apex Retail Group,Retail,Time & Material,"11,25,363","11,30,253","11,24,490","7,07,783","7,01,119","7,04,319","4,17,580","4,29,134","4,20,171",37.1%,38.0%,37.4%,"4,890",0.4%,"(6,664)",-0.9%,"11,554",2.8%,15,12,80.0%,
REV-01442,2026,10,Oct,Q4,2026-10-01,Germany,USD,Cloud Services,BlueRiver Bank,Banking,Managed Services,"12,98,068","12,45,011","13,03,207","7,93,274","7,86,906","8,19,633","5,04,794","4,58,105","4,83,574",38.9%,36.8%,37.1%,"(53,057)",-4.1%,"(6,368)",-0.8%,"(46,689)",-9.2%,18,14,77.8%,
REV-01443,2026,10,Oct,Q4,2026-10-01,Germany,USD,Cloud Services,Crestview Health,Healthcare,Fixed Price,"10,23,619","10,05,853","11,08,985","6,67,208","6,71,452","6,41,661","3,56,411","3,34,401","4,67,324",34.8%,33.2%,42.1%,"(17,766)",-1.7%,"4,244",0.6%,"(22,010)",-6.2%,16,12,75.0%,
REV-01444,2026,10,Oct,Q4,2026-10-01,Germany,USD,Cloud Services,Delta Manufacturing,Manufacturing,Time & Material,"11,27,553","10,51,958","11,45,247","7,04,622","7,05,460","7,31,243","4,22,931","3,46,498","4,14,004",37.5%,32.9%,36.1%,"(75,595)",-6.7%,838,0.1%,"(76,433)",-18.1%,16,13,81.3%,
REV-01445,2026,10,Oct,Q4,2026-10-01,Germany,USD,Cloud Services,Evergreen Telecom,Telecommunications,Managed Services,"12,28,047","13,15,135","12,09,669","7,70,357","8,16,376","7,87,952","4,57,690","4,98,759","4,21,717",37.3%,37.9%,34.9%,"87,088",7.1%,"46,019",6.0%,"41,069",9.0%,18,16,88.9%,
REV-01446,2026,10,Oct,Q4,2026-10-01,Germany,USD,Data & Analytics,Apex Retail Group,Retail,Time & Material,"10,01,497","10,84,021","10,30,944","6,26,346","6,59,967","6,18,723","3,75,151","4,24,054","4,12,221",37.5%,39.1%,40.0%,"82,524",8.2%,"33,621",5.4%,"48,903",13.0%,15,12,80.0%,
REV-01447,2026,10,Oct,Q4,2026-10-01,Germany,USD,Data & Analytics,BlueRiver Bank,Banking,Managed Services,"12,01,644","11,81,645","11,14,629","7,40,156","7,36,090","7,52,430","4,61,488","4,45,555","3,62,199",38.4%,37.7%,32.5%,"(19,999)",-1.7%,"(4,066)",-0.5%,"(15,933)",-3.5%,17,14,82.4%,
REV-01448,2026,10,Oct,Q4,2026-10-01,Germany,USD,Data & Analytics,Crestview Health,Healthcare,Fixed Price,"9,34,051","9,13,051","9,13,225","5,99,002","6,04,652","6,01,556","3,35,049","3,08,399","3,11,669",35.9%,33.8%,34.1%,"(21,000)",-2.2%,"5,650",0.9%,"(26,650)",-8.0%,13,10,76.9%,
REV-01449,2026,10,Oct,Q4,2026-10-01,Germany,USD,Data & Analytics,Delta Manufacturing,Manufacturing,Time & Material,"10,79,543","10,35,415","11,24,648","6,56,440","6,91,361","6,54,169","4,23,103","3,44,054","4,70,479",39.2%,33.2%,41.8%,"(44,128)",-4.1%,"34,921",5.3%,"(79,049)",-18.7%,16,13,81.3%,
REV-01450,2026,10,Oct,Q4,2026-10-01,Germany,USD,Data & Analytics,Evergreen Telecom,Telecommunications,Managed Services,"11,66,652","12,08,072","10,97,194","7,05,589","7,32,839","6,73,859","4,61,063","4,75,233","4,23,335",39.5%,39.3%,38.6%,"41,420",3.6%,"27,250",3.9%,"14,170",3.1%,16,14,87.5%,
REV-01451,2026,10,Oct,Q4,2026-10-01,Germany,USD,Cybersecurity,Apex Retail Group,Retail,Time & Material,"10,00,059","9,26,901","10,02,174","6,25,560","6,42,698","6,09,139","3,74,499","2,84,203","3,93,035",37.4%,30.7%,39.2%,"(73,158)",-7.3%,"17,138",2.7%,"(90,296)",-24.1%,15,11,73.3%,
REV-01452,2026,10,Oct,Q4,2026-10-01,Germany,USD,Cybersecurity,BlueRiver Bank,Banking,Managed Services,"11,52,938","11,33,361","12,00,802","6,91,429","6,85,626","6,69,968","4,61,509","4,47,735","5,30,834",40.0%,39.5%,44.2%,"(19,577)",-1.7%,"(5,803)",-0.8%,"(13,774)",-3.0%,18,15,83.3%,
REV-01453,2026,10,Oct,Q4,2026-10-01,Germany,USD,Cybersecurity,Crestview Health,Healthcare,Fixed Price,"8,90,625","9,79,480","9,31,569","5,67,499","5,53,478","5,57,283","3,23,126","4,26,002","3,74,286",36.3%,43.5%,40.2%,"88,855",10.0%,"(14,021)",-2.5%,"1,02,876",31.8%,12,10,83.3%,
REV-01454,2026,10,Oct,Q4,2026-10-01,Germany,USD,Cybersecurity,Delta Manufacturing,Manufacturing,Time & Material,"10,35,515","10,44,980","10,29,754","6,36,025","6,55,603","6,53,749","3,99,490","3,89,377","3,76,005",38.6%,37.3%,36.5%,"9,465",0.9%,"19,578",3.1%,"(10,113)",-2.5%,14,11,78.6%,
REV-01455,2026,10,Oct,Q4,2026-10-01,Germany,USD,Cybersecurity,Evergreen Telecom,Telecommunications,Managed Services,"10,95,534","11,62,908","11,41,347","6,56,157","6,52,127","6,45,520","4,39,377","5,10,781","4,95,827",40.1%,43.9%,43.4%,"67,374",6.1%,"(4,030)",-0.6%,"71,404",16.3%,17,14,82.4%,
REV-01456,2026,10,Oct,Q4,2026-10-01,Germany,USD,Enterprise Applications,Apex Retail Group,Retail,Time & Material,"9,40,319","9,29,906","9,01,218","5,70,830","5,93,634","5,97,882","3,69,489","3,36,272","3,03,336",39.3%,36.2%,33.7%,"(10,413)",-1.1%,"22,804",4.0%,"(33,217)",-9.0%,14,12,85.7%,
REV-01457,2026,10,Oct,Q4,2026-10-01,Germany,USD,Enterprise Applications,BlueRiver Bank,Banking,Managed Services,"11,15,334","10,17,643","11,38,203","6,92,017","6,92,816","7,12,193","4,23,317","3,24,827","4,26,010",38.0%,31.9%,37.4%,"(97,691)",-8.8%,799,0.1%,"(98,490)",-23.3%,16,13,81.3%,
REV-01458,2026,10,Oct,Q4,2026-10-01,Germany,USD,Enterprise Applications,Crestview Health,Healthcare,Fixed Price,"8,71,071","8,08,026","8,52,269","5,53,425","5,75,453","5,73,771","3,17,646","2,32,573","2,78,498",36.5%,28.8%,32.7%,"(63,045)",-7.2%,"22,028",4.0%,"(85,073)",-26.8%,12,9,75.0%,
REV-01459,2026,10,Oct,Q4,2026-10-01,Germany,USD,Enterprise Applications,Delta Manufacturing,Manufacturing,Time & Material,"9,57,710","8,68,303","9,03,996","5,83,600","5,89,772","5,95,579","3,74,110","2,78,531","3,08,417",39.1%,32.1%,34.1%,"(89,407)",-9.3%,"6,172",1.1%,"(95,579)",-25.5%,13,10,76.9%,
REV-01460,2026,10,Oct,Q4,2026-10-01,Germany,USD,Enterprise Applications,Evergreen Telecom,Telecommunications,Managed Services,"10,32,659","9,76,367","11,26,197","6,35,810","6,80,755","6,20,762","3,96,849","2,95,612","5,05,435",38.4%,30.3%,44.9%,"(56,292)",-5.5%,"44,945",7.1%,"(1,01,237)",-25.5%,14,11,78.6%,
REV-01461,2026,10,Oct,Q4,2026-10-01,Germany,USD,Digital Engineering,Apex Retail Group,Retail,Time & Material,"9,85,939","10,34,989","10,17,432","6,16,523","6,18,759","5,98,577","3,69,416","4,16,230","4,18,855",37.5%,40.2%,41.2%,"49,050",5.0%,"2,236",0.4%,"46,814",12.7%,14,11,78.6%,
REV-01462,2026,10,Oct,Q4,2026-10-01,Germany,USD,Digital Engineering,BlueRiver Bank,Banking,Managed Services,"11,57,941","11,73,271","11,12,591","7,06,780","7,26,831","6,87,900","4,51,161","4,46,440","4,24,691",39.0%,38.1%,38.2%,"15,330",1.3%,"20,051",2.8%,"(4,721)",-1.0%,18,15,83.3%,
REV-01463,2026,10,Oct,Q4,2026-10-01,Germany,USD,Digital Engineering,Crestview Health,Healthcare,Fixed Price,"8,66,048","9,32,682","8,49,199","5,65,276","5,84,024","5,70,269","3,00,772","3,48,658","2,78,930",34.7%,37.4%,32.8%,"66,634",7.7%,"18,748",3.3%,"47,886",15.9%,11,9,81.8%,
REV-01464,2026,10,Oct,Q4,2026-10-01,Germany,USD,Digital Engineering,Delta Manufacturing,Manufacturing,Time & Material,"10,20,442","10,89,960","9,21,632","6,35,276","6,81,684","6,49,157","3,85,166","4,08,276","2,72,475",37.7%,37.5%,29.6%,"69,518",6.8%,"46,408",7.3%,"23,110",6.0%,13,11,84.6%,
REV-01465,2026,10,Oct,Q4,2026-10-01,Germany,USD,Digital Engineering,Evergreen Telecom,Telecommunications,Managed Services,"11,15,786","11,40,322","11,05,354","6,88,005","6,84,138","6,97,456","4,27,781","4,56,184","4,07,898",38.3%,40.0%,36.9%,"24,536",2.2%,"(3,867)",-0.6%,"28,403",6.6%,16,13,81.3%,
REV-01466,2026,10,Oct,Q4,2026-10-01,Germany,USD,Managed Services,Apex Retail Group,Retail,Time & Material,"7,99,394","8,71,844","7,55,748","5,30,581","5,58,224","5,55,720","2,68,813","3,13,620","2,00,028",33.6%,36.0%,26.5%,"72,450",9.1%,"27,643",5.2%,"44,807",16.7%,11,9,81.8%,
REV-01467,2026,10,Oct,Q4,2026-10-01,Germany,USD,Managed Services,BlueRiver Bank,Banking,Managed Services,"9,41,755","8,53,923","9,31,857","6,42,399","6,55,304","6,47,986","2,99,356","1,98,619","2,83,871",31.8%,23.3%,30.5%,"(87,832)",-9.3%,"12,905",2.0%,"(1,00,737)",-33.7%,13,10,76.9%,
REV-01468,2026,10,Oct,Q4,2026-10-01,Germany,USD,Managed Services,Crestview Health,Healthcare,Fixed Price,"7,19,880","6,70,782","6,97,469","5,09,557","4,99,699","5,18,310","2,10,323","1,71,083","1,79,159",29.2%,25.5%,25.7%,"(49,098)",-6.8%,"(9,858)",-1.9%,"(39,240)",-18.7%,10,8,80.0%,
REV-01469,2026,10,Oct,Q4,2026-10-01,Germany,USD,Managed Services,Delta Manufacturing,Manufacturing,Time & Material,"8,58,450","8,76,668","8,61,882","5,83,375","6,01,239","5,77,382","2,75,075","2,75,429","2,84,500",32.0%,31.4%,33.0%,"18,218",2.1%,"17,864",3.1%,354,0.1%,11,9,81.8%,
REV-01470,2026,10,Oct,Q4,2026-10-01,Germany,USD,Managed Services,Evergreen Telecom,Telecommunications,Managed Services,"9,06,826","8,53,477","9,23,075","5,91,141","6,16,406","5,70,862","3,15,685","2,37,071","3,52,213",34.8%,27.8%,38.2%,"(53,349)",-5.9%,"25,265",4.3%,"(78,614)",-24.9%,13,10,76.9%,
REV-01471,2026,10,Oct,Q4,2026-10-01,Singapore,USD,Cloud Services,Apex Retail Group,Retail,Time & Material,"10,53,972","9,53,272","10,87,768","6,61,160","6,47,127","6,72,733","3,92,812","3,06,145","4,15,035",37.3%,32.1%,38.2%,"(1,00,700)",-9.6%,"(14,033)",-2.1%,"(86,667)",-22.1%,17,13,76.5%,
REV-01472,2026,10,Oct,Q4,2026-10-01,Singapore,USD,Cloud Services,BlueRiver Bank,Banking,Managed Services,"12,55,178","13,62,343","12,84,193","7,69,887","7,63,797","8,15,370","4,85,291","5,98,546","4,68,823",38.7%,43.9%,36.5%,"1,07,165",8.5%,"(6,090)",-0.8%,"1,13,255",23.3%,20,17,85.0%,
REV-01473,2026,10,Oct,Q4,2026-10-01,Singapore,USD,Cloud Services,Crestview Health,Healthcare,Fixed Price,"9,39,652","9,54,497","10,06,301","5,95,227","5,65,706","5,89,087","3,44,425","3,88,791","4,17,214",36.7%,40.7%,41.5%,"14,845",1.6%,"(29,521)",-5.0%,"44,366",12.9%,14,12,85.7%,
REV-01474,2026,10,Oct,Q4,2026-10-01,Singapore,USD,Cloud Services,Delta Manufacturing,Manufacturing,Time & Material,"11,36,824","12,24,734","10,68,451","6,88,782","6,93,384","6,85,358","4,48,042","5,31,350","3,83,093",39.4%,43.4%,35.9%,"87,910",7.7%,"4,602",0.7%,"83,308",18.6%,18,16,88.9%,
REV-01475,2026,10,Oct,Q4,2026-10-01,Singapore,USD,Cloud Services,Evergreen Telecom,Telecommunications,Managed Services,"11,45,635","11,53,622","11,28,230","7,08,663","7,05,901","7,40,931","4,36,972","4,47,721","3,87,299",38.1%,38.8%,34.3%,"7,987",0.7%,"(2,762)",-0.4%,"10,749",2.5%,19,16,84.2%,
REV-01476,2026,10,Oct,Q4,2026-10-01,Singapore,USD,Data & Analytics,Apex Retail Group,Retail,Time & Material,"10,04,786","11,01,282","9,57,071","6,29,311","6,35,224","6,09,047","3,75,475","4,66,058","3,48,024",37.4%,42.3%,36.4%,"96,496",9.6%,"5,913",0.9%,"90,583",24.1%,16,13,81.3%,
REV-01477,2026,10,Oct,Q4,2026-10-01,Singapore,USD,Data & Analytics,BlueRiver Bank,Banking,Managed Services,"11,74,276","12,97,226","12,14,806","7,03,075","6,84,676","7,45,430","4,71,201","6,12,550","4,69,376",40.1%,47.2%,38.6%,"1,22,950",10.5%,"(18,399)",-2.6%,"1,41,349",30.0%,19,16,84.2%,
REV-01478,2026,10,Oct,Q4,2026-10-01,Singapore,USD,Data & Analytics,Crestview Health,Healthcare,Fixed Price,"8,85,270","8,82,670","8,52,738","5,69,549","5,95,194","5,79,949","3,15,721","2,87,476","2,72,789",35.7%,32.6%,32.0%,"(2,600)",-0.3%,"25,645",4.5%,"(28,245)",-8.9%,13,10,76.9%,
REV-01479,2026,10,Oct,Q4,2026-10-01,Singapore,USD,Data & Analytics,Delta Manufacturing,Manufacturing,Time & Material,"10,60,312","9,90,307","10,57,722","6,38,059","6,75,755","6,45,121","4,22,253","3,14,552","4,12,601",39.8%,31.8%,39.0%,"(70,005)",-6.6%,"37,696",5.9%,"(1,07,701)",-25.5%,15,12,80.0%,
REV-01480,2026,10,Oct,Q4,2026-10-01,Singapore,USD,Data & Analytics,Evergreen Telecom,Telecommunications,Managed Services,"10,83,457","10,33,187","10,84,368","6,49,532","6,73,012","6,30,158","4,33,925","3,60,175","4,54,210",40.1%,34.9%,41.9%,"(50,270)",-4.6%,"23,480",3.6%,"(73,750)",-17.0%,17,13,76.5%,
REV-01481,2026,10,Oct,Q4,2026-10-01,Singapore,USD,Cybersecurity,Apex Retail Group,Retail,Time & Material,"9,44,382","9,74,537","8,85,917","5,76,254","5,97,848","5,80,016","3,68,128","3,76,689","3,05,901",39.0%,38.7%,34.5%,"30,155",3.2%,"21,594",3.7%,"8,561",2.3%,15,12,80.0%,
REV-01482,2026,10,Oct,Q4,2026-10-01,Singapore,USD,Cybersecurity,BlueRiver Bank,Banking,Managed Services,"11,19,626","11,28,779","10,26,258","7,02,229","7,20,277","7,00,723","4,17,397","4,08,502","3,25,535",37.3%,36.2%,31.7%,"9,153",0.8%,"18,048",2.6%,"(8,895)",-2.1%,17,14,82.4%,
REV-01483,2026,10,Oct,Q4,2026-10-01,Singapore,USD,Cybersecurity,Crestview Health,Healthcare,Fixed Price,"8,83,904","8,50,635","8,27,900","5,55,577","5,76,679","5,72,929","3,28,327","2,73,956","2,54,971",37.1%,32.2%,30.8%,"(33,269)",-3.8%,"21,102",3.8%,"(54,371)",-16.6%,14,12,85.7%,
REV-01484,2026,10,Oct,Q4,2026-10-01,Singapore,USD,Cybersecurity,Delta Manufacturing,Manufacturing,Time & Material,"10,16,039","10,21,070","9,87,971","6,24,729","6,51,019","6,26,393","3,91,310","3,70,051","3,61,578",38.5%,36.2%,36.6%,"5,031",0.5%,"26,290",4.2%,"(21,259)",-5.4%,14,12,85.7%,
REV-01485,2026,10,Oct,Q4,2026-10-01,Singapore,USD,Cybersecurity,Evergreen Telecom,Telecommunications,Managed Services,"10,63,972","10,22,331","11,30,922","6,38,780","6,40,932","6,42,433","4,25,192","3,81,399","4,88,489",40.0%,37.3%,43.2%,"(41,641)",-3.9%,"2,152",0.3%,"(43,793)",-10.3%,15,12,80.0%,
REV-01486,2026,10,Oct,Q4,2026-10-01,Singapore,USD,Enterprise Applications,Apex Retail Group,Retail,Time & Material,"9,42,075","8,50,414","9,04,188","5,73,856","5,80,130","5,79,741","3,68,219","2,70,284","3,24,447",39.1%,31.8%,35.9%,"(91,661)",-9.7%,"6,274",1.1%,"(97,935)",-26.6%,14,11,78.6%,
REV-01487,2026,10,Oct,Q4,2026-10-01,Singapore,USD,Enterprise Applications,BlueRiver Bank,Banking,Managed Services,"10,26,755","10,47,894","9,66,688","6,16,514","6,16,766","6,22,032","4,10,241","4,31,128","3,44,656",40.0%,41.1%,35.7%,"21,139",2.1%,252,0.0%,"20,887",5.1%,17,14,82.4%,
REV-01488,2026,10,Oct,Q4,2026-10-01,Singapore,USD,Enterprise Applications,Crestview Health,Healthcare,Fixed Price,"8,22,022","8,61,786","8,02,660","5,20,869","5,11,902","5,19,650","3,01,153","3,49,884","2,83,010",36.6%,40.6%,35.3%,"39,764",4.8%,"(8,967)",-1.7%,"48,731",16.2%,13,11,84.6%,
REV-01489,2026,10,Oct,Q4,2026-10-01,Singapore,USD,Enterprise Applications,Delta Manufacturing,Manufacturing,Time & Material,"9,51,117","9,40,311","9,85,400","5,73,636","6,12,400","5,67,046","3,77,481","3,27,911","4,18,354",39.7%,34.9%,42.5%,"(10,806)",-1.1%,"38,764",6.8%,"(49,570)",-13.1%,13,10,76.9%,
REV-01490,2026,10,Oct,Q4,2026-10-01,Singapore,USD,Enterprise Applications,Evergreen Telecom,Telecommunications,Managed Services,"10,16,296","9,56,622","10,56,227","6,11,926","6,50,363","6,13,513","4,04,370","3,06,259","4,42,714",39.8%,32.0%,41.9%,"(59,674)",-5.9%,"38,437",6.3%,"(98,111)",-24.3%,14,11,78.6%,
REV-01491,2026,10,Oct,Q4,2026-10-01,Singapore,USD,Digital Engineering,Apex Retail Group,Retail,Time & Material,"9,68,173","10,09,871","9,35,459","5,98,265","6,21,559","6,13,198","3,69,908","3,88,312","3,22,261",38.2%,38.5%,34.4%,"41,698",4.3%,"23,294",3.9%,"18,404",5.0%,13,11,84.6%,
REV-01492,2026,10,Oct,Q4,2026-10-01,Singapore,USD,Digital Engineering,BlueRiver Bank,Banking,Managed Services,"11,06,204","9,93,314","10,26,497","6,65,717","6,71,990","6,72,833","4,40,487","3,21,324","3,53,664",39.8%,32.3%,34.5%,"(1,12,890)",-10.2%,"6,273",0.9%,"(1,19,163)",-27.1%,17,13,76.5%,
REV-01493,2026,10,Oct,Q4,2026-10-01,Singapore,USD,Digital Engineering,Crestview Health,Healthcare,Fixed Price,"8,63,105","9,32,612","8,90,311","5,56,418","5,70,283","5,38,892","3,06,687","3,62,329","3,51,419",35.5%,38.9%,39.5%,"69,507",8.1%,"13,865",2.5%,"55,642",18.1%,14,12,85.7%,
REV-01494,2026,10,Oct,Q4,2026-10-01,Singapore,USD,Digital Engineering,Delta Manufacturing,Manufacturing,Time & Material,"9,67,670","9,16,899","9,50,231","6,06,019","6,15,300","5,95,395","3,61,651","3,01,599","3,54,836",37.4%,32.9%,37.3%,"(50,771)",-5.2%,"9,281",1.5%,"(60,052)",-16.6%,15,12,80.0%,
REV-01495,2026,10,Oct,Q4,2026-10-01,Singapore,USD,Digital Engineering,Evergreen Telecom,Telecommunications,Managed Services,"10,11,807","9,15,214","10,01,020","6,34,870","6,65,051","6,48,001","3,76,937","2,50,163","3,53,019",37.3%,27.3%,35.3%,"(96,593)",-9.5%,"30,181",4.8%,"(1,26,774)",-33.6%,16,12,75.0%,
REV-01496,2026,10,Oct,Q4,2026-10-01,Singapore,USD,Managed Services,Apex Retail Group,Retail,Time & Material,"7,76,597","7,36,154","7,37,987","5,21,693","5,42,911","5,13,136","2,54,904","1,93,243","2,24,851",32.8%,26.3%,30.5%,"(40,443)",-5.2%,"21,218",4.1%,"(61,661)",-24.2%,12,9,75.0%,
REV-01497,2026,10,Oct,Q4,2026-10-01,Singapore,USD,Managed Services,BlueRiver Bank,Banking,Managed Services,"8,98,650","9,02,539","8,71,090","5,88,482","5,66,416","5,99,629","3,10,168","3,36,123","2,71,461",34.5%,37.2%,31.2%,"3,889",0.4%,"(22,066)",-3.7%,"25,955",8.4%,15,12,80.0%,
REV-01498,2026,10,Oct,Q4,2026-10-01,Singapore,USD,Managed Services,Crestview Health,Healthcare,Fixed Price,"7,29,458","7,89,582","6,88,369","4,98,594","5,05,586","4,91,958","2,30,864","2,83,996","1,96,411",31.6%,36.0%,28.5%,"60,124",8.2%,"6,992",1.4%,"53,132",23.0%,11,9,81.8%,
REV-01499,2026,10,Oct,Q4,2026-10-01,Singapore,USD,Managed Services,Delta Manufacturing,Manufacturing,Time & Material,"8,08,779","7,96,175","8,13,255","5,44,268","5,68,496","5,50,220","2,64,511","2,27,679","2,63,035",32.7%,28.6%,32.3%,"(12,604)",-1.6%,"24,228",4.5%,"(36,832)",-13.9%,13,10,76.9%,
REV-01500,2026,10,Oct,Q4,2026-10-01,Singapore,USD,Managed Services,Evergreen Telecom,Telecommunications,Managed Services,"8,76,790","9,26,841","8,13,696","5,77,008","5,97,101","5,61,140","2,99,782","3,29,740","2,52,556",34.2%,35.6%,31.0%,"50,051",5.7%,"20,093",3.5%,"29,958",10.0%,13,11,84.6%,
REV-01501,2026,11,Nov,Q4,2026-11-01,India,USD,Cloud Services,Apex Retail Group,Retail,Time & Material,"8,27,514","9,14,150","8,75,574","5,10,579","5,38,284","4,95,762","3,16,935","3,75,866","3,79,812",38.3%,41.1%,43.4%,"86,636",10.5%,"27,705",5.4%,"58,931",18.6%,17,15,88.2%,
REV-01502,2026,11,Nov,Q4,2026-11-01,India,USD,Cloud Services,BlueRiver Bank,Banking,Managed Services,"9,97,720","9,36,511","9,17,162","6,24,462","6,75,102","6,18,214","3,73,258","2,61,409","2,98,948",37.4%,27.9%,32.6%,"(61,209)",-6.1%,"50,640",8.1%,"(1,11,849)",-30.0%,20,15,75.0%,
REV-01503,2026,11,Nov,Q4,2026-11-01,India,USD,Cloud Services,Crestview Health,Healthcare,Fixed Price,"7,61,921","8,00,942","7,47,119","4,84,033","4,81,313","5,13,812","2,77,888","3,19,629","2,33,307",36.5%,39.9%,31.2%,"39,021",5.1%,"(2,720)",-0.6%,"41,741",15.0%,16,13,81.3%,
REV-01504,2026,11,Nov,Q4,2026-11-01,India,USD,Cloud Services,Delta Manufacturing,Manufacturing,Time & Material,"8,68,950","7,84,780","9,50,710","5,26,934","5,43,051","5,51,499","3,42,016","2,41,729","3,99,211",39.4%,30.8%,42.0%,"(84,170)",-9.7%,"16,117",3.1%,"(1,00,287)",-29.3%,17,13,76.5%,
REV-01505,2026,11,Nov,Q4,2026-11-01,India,USD,Cloud Services,Evergreen Telecom,Telecommunications,Managed Services,"8,99,041","8,78,868","9,48,305","5,57,057","5,56,000","5,65,788","3,41,984","3,22,868","3,82,517",38.0%,36.7%,40.3%,"(20,173)",-2.2%,"(1,057)",-0.2%,"(19,116)",-5.6%,16,12,75.0%,
REV-01506,2026,11,Nov,Q4,2026-11-01,India,USD,Data & Analytics,Apex Retail Group,Retail,Time & Material,"8,10,448","7,65,890","8,30,790","4,96,447","4,69,233","5,22,028","3,14,001","2,96,657","3,08,762",38.7%,38.7%,37.2%,"(44,558)",-5.5%,"(27,214)",-5.5%,"(17,344)",-5.5%,17,14,82.4%,
REV-01507,2026,11,Nov,Q4,2026-11-01,India,USD,Data & Analytics,BlueRiver Bank,Banking,Managed Services,"9,03,628","9,36,953","9,49,318","5,50,818","5,85,948","5,48,144","3,52,810","3,51,005","4,01,174",39.0%,37.5%,42.3%,"33,325",3.7%,"35,130",6.4%,"(1,805)",-0.5%,19,16,84.2%,
REV-01508,2026,11,Nov,Q4,2026-11-01,India,USD,Data & Analytics,Crestview Health,Healthcare,Fixed Price,"7,41,697","7,17,276","7,73,109","4,76,600","4,70,823","4,87,143","2,65,097","2,46,453","2,85,966",35.7%,34.4%,37.0%,"(24,421)",-3.3%,"(5,777)",-1.2%,"(18,644)",-7.0%,14,11,78.6%,
REV-01509,2026,11,Nov,Q4,2026-11-01,India,USD,Data & Analytics,Delta Manufacturing,Manufacturing,Time & Material,"8,21,996","8,91,449","8,71,733","5,05,149","5,13,157","5,24,408","3,16,847","3,78,292","3,47,325",38.5%,42.4%,39.8%,"69,453",8.4%,"8,008",1.6%,"61,445",19.4%,18,15,83.3%,
REV-01510,2026,11,Nov,Q4,2026-11-01,India,USD,Data & Analytics,Evergreen Telecom,Telecommunications,Managed Services,"8,48,396","8,83,021","7,80,255","5,24,553","5,21,085","5,10,883","3,23,843","3,61,936","2,69,372",38.2%,41.0%,34.5%,"34,625",4.1%,"(3,468)",-0.7%,"38,093",11.8%,17,14,82.4%,
REV-01511,2026,11,Nov,Q4,2026-11-01,India,USD,Cybersecurity,Apex Retail Group,Retail,Time & Material,"7,71,631","7,49,394","7,85,078","4,75,691","4,81,192","4,56,865","2,95,940","2,68,202","3,28,213",38.4%,35.8%,41.8%,"(22,237)",-2.9%,"5,501",1.2%,"(27,738)",-9.4%,14,11,78.6%,
REV-01512,2026,11,Nov,Q4,2026-11-01,India,USD,Cybersecurity,BlueRiver Bank,Banking,Managed Services,"9,10,202","9,07,981","8,89,445","5,45,309","5,06,084","5,52,469","3,64,893","4,01,897","3,36,976",40.1%,44.3%,37.9%,"(2,221)",-0.2%,"(39,225)",-7.2%,"37,004",10.1%,19,16,84.2%,
REV-01513,2026,11,Nov,Q4,2026-11-01,India,USD,Cybersecurity,Crestview Health,Healthcare,Fixed Price,"7,03,565","7,08,532","7,53,701","4,47,114","4,57,269","4,30,559","2,56,451","2,51,263","3,23,142",36.5%,35.5%,42.9%,"4,967",0.7%,"10,155",2.3%,"(5,188)",-2.0%,15,12,80.0%,
REV-01514,2026,11,Nov,Q4,2026-11-01,India,USD,Cybersecurity,Delta Manufacturing,Manufacturing,Time & Material,"7,83,882","8,07,524","8,11,847","4,88,053","5,02,635","4,74,073","2,95,829","3,04,889","3,37,774",37.7%,37.8%,41.6%,"23,642",3.0%,"14,582",3.0%,"9,060",3.1%,16,13,81.3%,
REV-01515,2026,11,Nov,Q4,2026-11-01,India,USD,Cybersecurity,Evergreen Telecom,Telecommunications,Managed Services,"8,28,108","7,58,623","8,74,311","5,07,564","5,20,887","5,32,140","3,20,544","2,37,736","3,42,171",38.7%,31.3%,39.1%,"(69,485)",-8.4%,"13,323",2.6%,"(82,808)",-25.8%,16,13,81.3%,
REV-01516,2026,11,Nov,Q4,2026-11-01,India,USD,Enterprise Applications,Apex Retail Group,Retail,Time & Material,"7,43,523","7,40,023","7,48,286","4,56,296","4,51,852","4,42,309","2,87,227","2,88,171","3,05,977",38.6%,38.9%,40.9%,"(3,500)",-0.5%,"(4,444)",-1.0%,944,0.3%,15,12,80.0%,
REV-01517,2026,11,Nov,Q4,2026-11-01,India,USD,Enterprise Applications,BlueRiver Bank,Banking,Managed Services,"8,43,318","8,94,949","8,65,484","5,09,601","5,21,627","5,26,164","3,33,717","3,73,322","3,39,320",39.6%,41.7%,39.2%,"51,631",6.1%,"12,026",2.4%,"39,605",11.9%,18,14,77.8%,
REV-01518,2026,11,Nov,Q4,2026-11-01,India,USD,Enterprise Applications,Crestview Health,Healthcare,Fixed Price,"6,40,858","6,00,116","6,05,096","4,04,382","4,11,695","4,12,652","2,36,476","1,88,421","1,92,444",36.9%,31.4%,31.8%,"(40,742)",-6.4%,"7,313",1.8%,"(48,055)",-20.3%,13,10,76.9%,
REV-01519,2026,11,Nov,Q4,2026-11-01,India,USD,Enterprise Applications,Delta Manufacturing,Manufacturing,Time & Material,"7,62,591","6,86,446","8,11,140","4,60,929","4,46,356","4,71,297","3,01,662","2,40,090","3,39,843",39.6%,35.0%,41.9%,"(76,145)",-10.0%,"(14,573)",-3.2%,"(61,572)",-20.4%,15,12,80.0%,
REV-01520,2026,11,Nov,Q4,2026-11-01,India,USD,Enterprise Applications,Evergreen Telecom,Telecommunications,Managed Services,"7,80,412","7,31,552","7,77,122","4,87,910","4,86,389","5,16,148","2,92,502","2,45,163","2,60,974",37.5%,33.5%,33.6%,"(48,860)",-6.3%,"(1,521)",-0.3%,"(47,339)",-16.2%,15,11,73.3%,
REV-01521,2026,11,Nov,Q4,2026-11-01,India,USD,Digital Engineering,Apex Retail Group,Retail,Time & Material,"7,30,474","7,09,801","7,38,495","4,53,767","4,72,146","4,27,882","2,76,707","2,37,655","3,10,613",37.9%,33.5%,42.1%,"(20,673)",-2.8%,"18,379",4.1%,"(39,052)",-14.1%,15,12,80.0%,
REV-01522,2026,11,Nov,Q4,2026-11-01,India,USD,Digital Engineering,BlueRiver Bank,Banking,Managed Services,"8,58,255","8,03,824","8,54,474","5,38,439","4,98,200","5,30,209","3,19,816","3,05,624","3,24,265",37.3%,38.0%,37.9%,"(54,431)",-6.3%,"(40,239)",-7.5%,"(14,192)",-4.4%,19,15,78.9%,
REV-01523,2026,11,Nov,Q4,2026-11-01,India,USD,Digital Engineering,Crestview Health,Healthcare,Fixed Price,"6,90,158","7,33,531","7,22,709","4,33,142","4,26,286","4,49,379","2,57,016","3,07,245","2,73,330",37.2%,41.9%,37.8%,"43,373",6.3%,"(6,856)",-1.6%,"50,229",19.5%,14,12,85.7%,
REV-01524,2026,11,Nov,Q4,2026-11-01,India,USD,Digital Engineering,Delta Manufacturing,Manufacturing,Time & Material,"7,94,647","7,32,478","7,68,893","4,79,681","4,87,384","5,08,403","3,14,966","2,45,094","2,60,490",39.6%,33.5%,33.9%,"(62,169)",-7.8%,"7,703",1.6%,"(69,872)",-22.2%,15,12,80.0%,
REV-01525,2026,11,Nov,Q4,2026-11-01,India,USD,Digital Engineering,Evergreen Telecom,Telecommunications,Managed Services,"8,31,465","8,86,625","7,93,218","5,06,694","4,93,152","5,09,113","3,24,771","3,93,473","2,84,105",39.1%,44.4%,35.8%,"55,160",6.6%,"(13,542)",-2.7%,"68,702",21.2%,15,12,80.0%,
REV-01526,2026,11,Nov,Q4,2026-11-01,India,USD,Managed Services,Apex Retail Group,Retail,Time & Material,"6,20,082","6,73,137","6,33,488","4,16,688","4,22,514","4,16,736","2,03,394","2,50,623","2,16,752",32.8%,37.2%,34.2%,"53,055",8.6%,"5,826",1.4%,"47,229",23.2%,12,10,83.3%,
REV-01527,2026,11,Nov,Q4,2026-11-01,India,USD,Managed Services,BlueRiver Bank,Banking,Managed Services,"7,04,204","6,75,322","6,99,540","4,68,606","4,68,936","4,47,091","2,35,598","2,06,386","2,52,449",33.5%,30.6%,36.1%,"(28,882)",-4.1%,330,0.1%,"(29,212)",-12.4%,14,12,85.7%,
REV-01528,2026,11,Nov,Q4,2026-11-01,India,USD,Managed Services,Crestview Health,Healthcare,Fixed Price,"5,54,506","6,10,782","5,28,104","3,75,711","3,68,288","3,89,756","1,78,795","2,42,494","1,38,348",32.2%,39.7%,26.2%,"56,276",10.1%,"(7,423)",-2.0%,"63,699",35.6%,12,10,83.3%,
REV-01529,2026,11,Nov,Q4,2026-11-01,India,USD,Managed Services,Delta Manufacturing,Manufacturing,Time & Material,"6,40,858","6,09,142","6,59,940","4,22,080","4,07,722","4,42,404","2,18,778","2,01,420","2,17,536",34.1%,33.1%,33.0%,"(31,716)",-4.9%,"(14,358)",-3.4%,"(17,358)",-7.9%,12,10,83.3%,
REV-01530,2026,11,Nov,Q4,2026-11-01,India,USD,Managed Services,Evergreen Telecom,Telecommunications,Managed Services,"6,94,080","7,22,311","6,84,638","4,62,037","4,65,903","4,83,313","2,32,043","2,56,408","2,01,325",33.4%,35.5%,29.4%,"28,231",4.1%,"3,866",0.8%,"24,365",10.5%,12,10,83.3%,
REV-01531,2026,11,Nov,Q4,2026-11-01,United States,USD,Cloud Services,Apex Retail Group,Retail,Time & Material,"14,71,693","14,17,363","14,76,477","8,86,300","8,36,517","8,92,014","5,85,393","5,80,846","5,84,463",39.8%,41.0%,39.6%,"(54,330)",-3.7%,"(49,783)",-5.6%,"(4,547)",-0.8%,15,12,80.0%,
REV-01532,2026,11,Nov,Q4,2026-11-01,United States,USD,Cloud Services,BlueRiver Bank,Banking,Managed Services,"16,34,226","16,16,539","16,90,909","9,91,623","10,12,753","9,90,695","6,42,603","6,03,786","7,00,214",39.3%,37.4%,41.4%,"(17,687)",-1.1%,"21,130",2.1%,"(38,817)",-6.0%,18,14,77.8%,
REV-01533,2026,11,Nov,Q4,2026-11-01,United States,USD,Cloud Services,Crestview Health,Healthcare,Fixed Price,"12,71,586","11,58,994","13,41,751","8,23,931","8,17,236","7,96,534","4,47,655","3,41,758","5,45,217",35.2%,29.5%,40.6%,"(1,12,592)",-8.9%,"(6,695)",-0.8%,"(1,05,897)",-23.7%,13,10,76.9%,
REV-01534,2026,11,Nov,Q4,2026-11-01,United States,USD,Cloud Services,Delta Manufacturing,Manufacturing,Time & Material,"14,71,782","15,39,398","14,51,846","8,95,393","8,71,294","9,31,907","5,76,389","6,68,104","5,19,939",39.2%,43.4%,35.8%,"67,616",4.6%,"(24,099)",-2.7%,"91,715",15.9%,16,13,81.3%,
REV-01535,2026,11,Nov,Q4,2026-11-01,United States,USD,Cloud Services,Evergreen Telecom,Telecommunications,Managed Services,"15,95,733","15,05,919","15,14,641","10,02,127","9,44,093","10,27,608","5,93,606","5,61,826","4,87,033",37.2%,37.3%,32.2%,"(89,814)",-5.6%,"(58,034)",-5.8%,"(31,780)",-5.4%,16,13,81.3%,
REV-01536,2026,11,Nov,Q4,2026-11-01,United States,USD,Data & Analytics,Apex Retail Group,Retail,Time & Material,"13,91,999","14,91,337","13,37,526","8,36,502","8,18,716","8,78,636","5,55,497","6,72,621","4,58,890",39.9%,45.1%,34.3%,"99,338",7.1%,"(17,786)",-2.1%,"1,17,124",21.1%,17,15,88.2%,
REV-01537,2026,11,Nov,Q4,2026-11-01,United States,USD,Data & Analytics,BlueRiver Bank,Banking,Managed Services,"15,85,855","16,05,967","15,75,611","9,65,842","9,80,256","9,08,691","6,20,013","6,25,711","6,66,920",39.1%,39.0%,42.3%,"20,112",1.3%,"14,414",1.5%,"5,698",0.9%,19,16,84.2%,
REV-01538,2026,11,Nov,Q4,2026-11-01,United States,USD,Data & Analytics,Crestview Health,Healthcare,Fixed Price,"12,47,419","12,80,470","13,09,067","7,96,343","8,11,472","7,89,633","4,51,076","4,68,998","5,19,434",36.2%,36.6%,39.7%,"33,051",2.6%,"15,129",1.9%,"17,922",4.0%,14,12,85.7%,
REV-01539,2026,11,Nov,Q4,2026-11-01,United States,USD,Data & Analytics,Delta Manufacturing,Manufacturing,Time & Material,"14,61,543","15,16,951","15,63,941","9,01,090","9,38,789","8,67,536","5,60,453","5,78,162","6,96,405",38.3%,38.1%,44.5%,"55,408",3.8%,"37,699",4.2%,"17,709",3.2%,17,14,82.4%,
REV-01540,2026,11,Nov,Q4,2026-11-01,United States,USD,Data & Analytics,Evergreen Telecom,Telecommunications,Managed Services,"14,65,420","15,57,550","15,07,573","9,08,348","9,07,436","9,36,245","5,57,072","6,50,114","5,71,328",38.0%,41.7%,37.9%,"92,130",6.3%,(912),-0.1%,"93,042",16.7%,18,15,83.3%,
REV-01541,2026,11,Nov,Q4,2026-11-01,United States,USD,Cybersecurity,Apex Retail Group,Retail,Time & Material,"12,81,737","13,18,052","12,84,471","7,78,466","7,75,379","8,10,065","5,03,271","5,42,673","4,74,406",39.3%,41.2%,36.9%,"36,315",2.8%,"(3,087)",-0.4%,"39,402",7.8%,14,11,78.6%,
REV-01542,2026,11,Nov,Q4,2026-11-01,United States,USD,Cybersecurity,BlueRiver Bank,Banking,Managed Services,"15,29,639","14,42,365","14,37,646","9,52,724","9,56,000","9,76,952","5,76,915","4,86,365","4,60,694",37.7%,33.7%,32.0%,"(87,274)",-5.7%,"3,276",0.3%,"(90,550)",-15.7%,19,16,84.2%,
REV-01543,2026,11,Nov,Q4,2026-11-01,United States,USD,Cybersecurity,Crestview Health,Healthcare,Fixed Price,"12,02,978","11,49,467","11,78,252","7,51,374","7,74,275","7,34,480","4,51,604","3,75,192","4,43,772",37.5%,32.6%,37.7%,"(53,511)",-4.4%,"22,901",3.0%,"(76,412)",-16.9%,13,10,76.9%,
REV-01544,2026,11,Nov,Q4,2026-11-01,United States,USD,Cybersecurity,Delta Manufacturing,Manufacturing,Time & Material,"13,74,358","15,13,422","13,06,374","8,53,161","8,36,339","8,90,905","5,21,197","6,77,083","4,15,469",37.9%,44.7%,31.8%,"1,39,064",10.1%,"(16,822)",-2.0%,"1,55,886",29.9%,16,14,87.5%,
REV-01545,2026,11,Nov,Q4,2026-11-01,United States,USD,Cybersecurity,Evergreen Telecom,Telecommunications,Managed Services,"14,46,715","14,57,651","14,93,688","8,96,161","8,98,759","9,13,446","5,50,554","5,58,892","5,80,242",38.1%,38.3%,38.8%,"10,936",0.8%,"2,598",0.3%,"8,338",1.5%,15,12,80.0%,
REV-01546,2026,11,Nov,Q4,2026-11-01,United States,USD,Enterprise Applications,Apex Retail Group,Retail,Time & Material,"12,68,002","11,86,536","13,27,242","7,66,156","7,84,032","8,12,052","5,01,846","4,02,504","5,15,190",39.6%,33.9%,38.8%,"(81,466)",-6.4%,"17,876",2.3%,"(99,342)",-19.8%,14,11,78.6%,
REV-01547,2026,11,Nov,Q4,2026-11-01,United States,USD,Enterprise Applications,BlueRiver Bank,Banking,Managed Services,"14,37,620","13,85,268","14,46,111","8,73,157","8,69,969","8,80,711","5,64,463","5,15,299","5,65,400",39.3%,37.2%,39.1%,"(52,352)",-3.6%,"(3,188)",-0.4%,"(49,164)",-8.7%,15,12,80.0%,
REV-01548,2026,11,Nov,Q4,2026-11-01,United States,USD,Enterprise Applications,Crestview Health,Healthcare,Fixed Price,"11,50,242","12,08,718","11,91,525","7,38,368","7,41,925","6,90,439","4,11,874","4,66,793","5,01,086",35.8%,38.6%,42.1%,"58,476",5.1%,"3,557",0.5%,"54,919",13.3%,12,10,83.3%,
REV-01549,2026,11,Nov,Q4,2026-11-01,United States,USD,Enterprise Applications,Delta Manufacturing,Manufacturing,Time & Material,"13,28,009","13,26,543","13,02,183","8,21,005","8,34,848","8,38,680","5,07,004","4,91,695","4,63,503",38.2%,37.1%,35.6%,"(1,466)",-0.1%,"13,843",1.7%,"(15,309)",-3.0%,16,13,81.3%,
REV-01550,2026,11,Nov,Q4,2026-11-01,United States,USD,Enterprise Applications,Evergreen Telecom,Telecommunications,Managed Services,"14,07,994","14,77,842","14,70,343","8,50,795","8,20,661","8,69,471","5,57,199","6,57,181","6,00,872",39.6%,44.5%,40.9%,"69,848",5.0%,"(30,134)",-3.5%,"99,982",17.9%,17,15,88.2%,
REV-01551,2026,11,Nov,Q4,2026-11-01,United States,USD,Digital Engineering,Apex Retail Group,Retail,Time & Material,"12,78,498","12,53,861","12,12,313","7,83,139","7,62,417","7,51,071","4,95,359","4,91,444","4,61,242",38.7%,39.2%,38.0%,"(24,637)",-1.9%,"(20,722)",-2.6%,"(3,915)",-0.8%,16,13,81.3%,
REV-01552,2026,11,Nov,Q4,2026-11-01,United States,USD,Digital Engineering,BlueRiver Bank,Banking,Managed Services,"15,12,214","16,14,707","15,27,949","9,06,617","8,50,168","8,89,003","6,05,597","7,64,539","6,38,946",40.0%,47.3%,41.8%,"1,02,493",6.8%,"(56,449)",-6.2%,"1,58,942",26.2%,18,16,88.9%,
REV-01553,2026,11,Nov,Q4,2026-11-01,United States,USD,Digital Engineering,Crestview Health,Healthcare,Fixed Price,"11,80,618","11,62,485","12,26,631","7,64,767","7,96,340","7,89,979","4,15,851","3,66,145","4,36,652",35.2%,31.5%,35.6%,"(18,133)",-1.5%,"31,573",4.1%,"(49,706)",-12.0%,14,11,78.6%,
REV-01554,2026,11,Nov,Q4,2026-11-01,United States,USD,Digital Engineering,Delta Manufacturing,Manufacturing,Time & Material,"13,45,420","12,88,653","13,32,623","8,17,459","8,37,139","8,50,842","5,27,961","4,51,514","4,81,781",39.2%,35.0%,36.2%,"(56,767)",-4.2%,"19,680",2.4%,"(76,447)",-14.5%,15,12,80.0%,
REV-01555,2026,11,Nov,Q4,2026-11-01,United States,USD,Digital Engineering,Evergreen Telecom,Telecommunications,Managed Services,"14,02,095","13,06,079","14,44,430","8,59,638","8,44,173","8,30,810","5,42,457","4,61,906","6,13,620",38.7%,35.4%,42.5%,"(96,016)",-6.8%,"(15,465)",-1.8%,"(80,551)",-14.8%,16,12,75.0%,
REV-01556,2026,11,Nov,Q4,2026-11-01,United States,USD,Managed Services,Apex Retail Group,Retail,Time & Material,"10,70,384","9,67,346","11,26,420","7,12,465","6,87,637","7,24,935","3,57,919","2,79,709","4,01,485",33.4%,28.9%,35.6%,"(1,03,038)",-9.6%,"(24,828)",-3.5%,"(78,210)",-21.9%,12,9,75.0%,
REV-01557,2026,11,Nov,Q4,2026-11-01,United States,USD,Managed Services,BlueRiver Bank,Banking,Managed Services,"11,91,153","12,21,199","12,39,492","8,02,937","7,51,865","8,08,234","3,88,216","4,69,334","4,31,258",32.6%,38.4%,34.8%,"30,046",2.5%,"(51,072)",-6.4%,"81,118",20.9%,15,12,80.0%,
REV-01558,2026,11,Nov,Q4,2026-11-01,United States,USD,Managed Services,Crestview Health,Healthcare,Fixed Price,"9,59,754","9,08,526","9,82,695","6,62,962","6,92,005","6,70,823","2,96,792","2,16,521","3,11,872",30.9%,23.8%,31.7%,"(51,228)",-5.3%,"29,043",4.4%,"(80,271)",-27.0%,11,9,81.8%,
REV-01559,2026,11,Nov,Q4,2026-11-01,United States,USD,Managed Services,Delta Manufacturing,Manufacturing,Time & Material,"10,82,665","11,91,845","10,67,427","7,20,244","7,25,606","7,52,764","3,62,421","4,66,239","3,14,663",33.5%,39.1%,29.5%,"1,09,180",10.1%,"5,362",0.7%,"1,03,818",28.6%,11,9,81.8%,
REV-01560,2026,11,Nov,Q4,2026-11-01,United States,USD,Managed Services,Evergreen Telecom,Telecommunications,Managed Services,"11,58,580","12,75,158","11,53,249","7,66,944","7,60,120","7,65,642","3,91,636","5,15,038","3,87,607",33.8%,40.4%,33.6%,"1,16,578",10.1%,"(6,824)",-0.9%,"1,23,402",31.5%,14,12,85.7%,
REV-01561,2026,11,Nov,Q4,2026-11-01,United Kingdom,USD,Cloud Services,Apex Retail Group,Retail,Time & Material,"11,99,904","11,80,209","12,19,120","7,26,716","7,50,766","6,88,125","4,73,188","4,29,443","5,30,995",39.4%,36.4%,43.6%,"(19,695)",-1.6%,"24,050",3.3%,"(43,745)",-9.2%,17,14,82.4%,
REV-01562,2026,11,Nov,Q4,2026-11-01,United Kingdom,USD,Cloud Services,BlueRiver Bank,Banking,Managed Services,"14,33,205","14,47,081","13,82,013","8,74,656","9,16,777","8,97,352","5,58,549","5,30,304","4,84,661",39.0%,36.6%,35.1%,"13,876",1.0%,"42,121",4.8%,"(28,245)",-5.1%,18,14,77.8%,
REV-01563,2026,11,Nov,Q4,2026-11-01,United Kingdom,USD,Cloud Services,Crestview Health,Healthcare,Fixed Price,"10,93,452","11,13,449","11,22,504","7,12,789","7,01,241","7,45,928","3,80,663","4,12,208","3,76,576",34.8%,37.0%,33.5%,"19,997",1.8%,"(11,548)",-1.6%,"31,545",8.3%,14,12,85.7%,
REV-01564,2026,11,Nov,Q4,2026-11-01,United Kingdom,USD,Cloud Services,Delta Manufacturing,Manufacturing,Time & Material,"12,16,281","12,58,698","11,97,232","7,59,028","7,42,994","7,48,157","4,57,253","5,15,704","4,49,075",37.6%,41.0%,37.5%,"42,417",3.5%,"(16,034)",-2.1%,"58,451",12.8%,16,13,81.3%,
REV-01565,2026,11,Nov,Q4,2026-11-01,United Kingdom,USD,Cloud Services,Evergreen Telecom,Telecommunications,Managed Services,"13,13,666","14,31,307","13,66,386","7,94,802","7,78,532","7,93,635","5,18,864","6,52,775","5,72,751",39.5%,45.6%,41.9%,"1,17,641",9.0%,"(16,270)",-2.0%,"1,33,911",25.8%,18,16,88.9%,
REV-01566,2026,11,Nov,Q4,2026-11-01,United Kingdom,USD,Data & Analytics,Apex Retail Group,Retail,Time & Material,"11,19,530","11,10,953","11,36,950","6,77,808","6,71,516","6,98,182","4,41,722","4,39,437","4,38,768",39.5%,39.6%,38.6%,"(8,577)",-0.8%,"(6,292)",-0.9%,"(2,285)",-0.5%,15,12,80.0%,
REV-01567,2026,11,Nov,Q4,2026-11-01,United Kingdom,USD,Data & Analytics,BlueRiver Bank,Banking,Managed Services,"13,29,905","14,26,336","12,36,395","8,24,068","7,95,285","8,71,637","5,05,837","6,31,051","3,64,758",38.0%,44.2%,29.5%,"96,431",7.3%,"(28,783)",-3.5%,"1,25,214",24.8%,20,17,85.0%,
REV-01568,2026,11,Nov,Q4,2026-11-01,United Kingdom,USD,Data & Analytics,Crestview Health,Healthcare,Fixed Price,"10,16,047","9,67,131","9,85,922","6,36,835","6,27,288","6,10,512","3,79,212","3,39,843","3,75,410",37.3%,35.1%,38.1%,"(48,916)",-4.8%,"(9,547)",-1.5%,"(39,369)",-10.4%,15,12,80.0%,
REV-01569,2026,11,Nov,Q4,2026-11-01,United Kingdom,USD,Data & Analytics,Delta Manufacturing,Manufacturing,Time & Material,"11,94,614","12,35,478","12,33,480","7,37,330","6,97,528","7,66,426","4,57,284","5,37,950","4,67,054",38.3%,43.5%,37.9%,"40,864",3.4%,"(39,802)",-5.4%,"80,666",17.6%,16,13,81.3%,
REV-01570,2026,11,Nov,Q4,2026-11-01,United Kingdom,USD,Data & Analytics,Evergreen Telecom,Telecommunications,Managed Services,"12,23,076","11,57,093","13,00,132","7,61,164","7,59,522","8,02,584","4,61,912","3,97,571","4,97,548",37.8%,34.4%,38.3%,"(65,983)",-5.4%,"(1,642)",-0.2%,"(64,341)",-13.9%,18,15,83.3%,
REV-01571,2026,11,Nov,Q4,2026-11-01,United Kingdom,USD,Cybersecurity,Apex Retail Group,Retail,Time & Material,"10,96,654","10,69,913","10,30,085","6,86,305","7,18,168","6,87,873","4,10,349","3,51,745","3,42,212",37.4%,32.9%,33.2%,"(26,741)",-2.4%,"31,863",4.6%,"(58,604)",-14.3%,15,12,80.0%,
REV-01572,2026,11,Nov,Q4,2026-11-01,United Kingdom,USD,Cybersecurity,BlueRiver Bank,Banking,Managed Services,"13,19,161","13,98,597","13,30,027","8,21,873","7,83,855","7,94,262","4,97,288","6,14,742","5,35,765",37.7%,44.0%,40.3%,"79,436",6.0%,"(38,018)",-4.6%,"1,17,454",23.6%,17,15,88.2%,
REV-01573,2026,11,Nov,Q4,2026-11-01,United Kingdom,USD,Cybersecurity,Crestview Health,Healthcare,Fixed Price,"9,89,064","9,43,835","10,42,811","6,19,288","6,07,018","6,35,035","3,69,776","3,36,817","4,07,776",37.4%,35.7%,39.1%,"(45,229)",-4.6%,"(12,270)",-2.0%,"(32,959)",-8.9%,13,10,76.9%,
REV-01574,2026,11,Nov,Q4,2026-11-01,United Kingdom,USD,Cybersecurity,Delta Manufacturing,Manufacturing,Time & Material,"11,77,939","12,51,865","12,03,362","7,05,868","7,39,973","7,21,319","4,72,071","5,11,892","4,82,043",40.1%,40.9%,40.1%,"73,926",6.3%,"34,105",4.8%,"39,821",8.4%,18,15,83.3%,
REV-01575,2026,11,Nov,Q4,2026-11-01,United Kingdom,USD,Cybersecurity,Evergreen Telecom,Telecommunications,Managed Services,"11,93,609","11,42,920","12,26,479","7,35,921","7,41,145","6,99,511","4,57,688","4,01,775","5,26,968",38.3%,35.2%,43.0%,"(50,689)",-4.2%,"5,224",0.7%,"(55,913)",-12.2%,16,12,75.0%,
REV-01576,2026,11,Nov,Q4,2026-11-01,United Kingdom,USD,Enterprise Applications,Apex Retail Group,Retail,Time & Material,"10,06,871","10,53,463","10,19,835","6,12,810","6,59,371","6,41,311","3,94,061","3,94,092","3,78,524",39.1%,37.4%,37.1%,"46,592",4.6%,"46,561",7.6%,31,0.0%,14,12,85.7%,
REV-01577,2026,11,Nov,Q4,2026-11-01,United Kingdom,USD,Enterprise Applications,BlueRiver Bank,Banking,Managed Services,"12,25,111","11,59,534","11,84,470","7,52,942","7,36,359","7,43,342","4,72,169","4,23,175","4,41,128",38.5%,36.5%,37.2%,"(65,577)",-5.4%,"(16,583)",-2.2%,"(48,994)",-10.4%,18,14,77.8%,
REV-01578,2026,11,Nov,Q4,2026-11-01,United Kingdom,USD,Enterprise Applications,Crestview Health,Healthcare,Fixed Price,"9,58,348","9,38,463","9,97,144","6,14,058","6,05,073","5,88,162","3,44,290","3,33,390","4,08,982",35.9%,35.5%,41.0%,"(19,885)",-2.1%,"(8,985)",-1.5%,"(10,900)",-3.2%,14,12,85.7%,
REV-01579,2026,11,Nov,Q4,2026-11-01,United Kingdom,USD,Enterprise Applications,Delta Manufacturing,Manufacturing,Time & Material,"11,01,100","11,78,603","10,75,977","6,65,659","6,53,406","7,00,994","4,35,441","5,25,197","3,74,983",39.5%,44.6%,34.9%,"77,503",7.0%,"(12,253)",-1.8%,"89,756",20.6%,14,11,78.6%,
REV-01580,2026,11,Nov,Q4,2026-11-01,United Kingdom,USD,Enterprise Applications,Evergreen Telecom,Telecommunications,Managed Services,"11,23,273","11,88,857","11,86,284","6,90,913","6,50,295","7,15,674","4,32,360","5,38,562","4,70,610",38.5%,45.3%,39.7%,"65,584",5.8%,"(40,618)",-5.9%,"1,06,202",24.6%,15,12,80.0%,
REV-01581,2026,11,Nov,Q4,2026-11-01,United Kingdom,USD,Digital Engineering,Apex Retail Group,Retail,Time & Material,"10,85,300","10,87,393","11,63,084","6,57,163","6,43,878","6,28,936","4,28,137","4,43,515","5,34,148",39.4%,40.8%,45.9%,"2,093",0.2%,"(13,285)",-2.0%,"15,378",3.6%,15,12,80.0%,
REV-01582,2026,11,Nov,Q4,2026-11-01,United Kingdom,USD,Digital Engineering,BlueRiver Bank,Banking,Managed Services,"12,11,494","11,77,021","12,75,232","7,27,058","7,12,875","7,02,430","4,84,436","4,64,146","5,72,802",40.0%,39.4%,44.9%,"(34,473)",-2.8%,"(14,183)",-2.0%,"(20,290)",-4.2%,17,14,82.4%,
REV-01583,2026,11,Nov,Q4,2026-11-01,United Kingdom,USD,Digital Engineering,Crestview Health,Healthcare,Fixed Price,"9,64,792","8,80,734","9,13,897","6,28,805","6,28,794","6,41,191","3,35,987","2,51,940","2,72,706",34.8%,28.6%,29.8%,"(84,058)",-8.7%,(11),0.0%,"(84,047)",-25.0%,14,11,78.6%,
REV-01584,2026,11,Nov,Q4,2026-11-01,United Kingdom,USD,Digital Engineering,Delta Manufacturing,Manufacturing,Time & Material,"11,37,994","11,50,883","11,54,334","6,81,636","7,03,058","6,53,150","4,56,358","4,47,825","5,01,184",40.1%,38.9%,43.4%,"12,889",1.1%,"21,422",3.1%,"(8,533)",-1.9%,15,13,86.7%,
REV-01585,2026,11,Nov,Q4,2026-11-01,United Kingdom,USD,Digital Engineering,Evergreen Telecom,Telecommunications,Managed Services,"12,03,773","11,32,161","12,19,119","7,42,570","7,71,860","7,63,501","4,61,203","3,60,301","4,55,618",38.3%,31.8%,37.4%,"(71,612)",-5.9%,"29,290",3.9%,"(1,00,902)",-21.9%,16,12,75.0%,
REV-01586,2026,11,Nov,Q4,2026-11-01,United Kingdom,USD,Managed Services,Apex Retail Group,Retail,Time & Material,"8,70,929","9,13,836","8,42,777","5,85,361","6,17,006","5,69,675","2,85,568","2,96,830","2,73,102",32.8%,32.5%,32.4%,"42,907",4.9%,"31,645",5.4%,"11,262",3.9%,12,10,83.3%,
REV-01587,2026,11,Nov,Q4,2026-11-01,United Kingdom,USD,Managed Services,BlueRiver Bank,Banking,Managed Services,"10,05,140","10,39,959","10,65,554","6,59,955","6,49,432","6,34,993","3,45,185","3,90,527","4,30,561",34.3%,37.6%,40.4%,"34,819",3.5%,"(10,523)",-1.6%,"45,342",13.1%,13,11,84.6%,
REV-01588,2026,11,Nov,Q4,2026-11-01,United Kingdom,USD,Managed Services,Crestview Health,Healthcare,Fixed Price,"7,79,545","7,33,287","7,59,396","5,41,454","5,20,780","5,17,854","2,38,091","2,12,507","2,41,542",30.5%,29.0%,31.8%,"(46,258)",-5.9%,"(20,674)",-3.8%,"(25,584)",-10.7%,10,8,80.0%,
REV-01589,2026,11,Nov,Q4,2026-11-01,United Kingdom,USD,Managed Services,Delta Manufacturing,Manufacturing,Time & Material,"9,26,530","9,03,578","9,59,014","6,17,616","6,44,299","6,08,279","3,08,914","2,59,279","3,50,735",33.3%,28.7%,36.6%,"(22,952)",-2.5%,"26,683",4.3%,"(49,635)",-16.1%,12,10,83.3%,
REV-01590,2026,11,Nov,Q4,2026-11-01,United Kingdom,USD,Managed Services,Evergreen Telecom,Telecommunications,Managed Services,"9,55,323","10,50,869","9,86,376","6,32,211","6,46,399","5,92,590","3,23,112","4,04,470","3,93,786",33.8%,38.5%,39.9%,"95,546",10.0%,"14,188",2.2%,"81,358",25.2%,12,10,83.3%,
REV-01591,2026,11,Nov,Q4,2026-11-01,Germany,USD,Cloud Services,Apex Retail Group,Retail,Time & Material,"11,41,349","11,19,267","12,13,169","7,17,478","7,10,393","7,31,709","4,23,871","4,08,874","4,81,460",37.1%,36.5%,39.7%,"(22,082)",-1.9%,"(7,085)",-1.0%,"(14,997)",-3.5%,17,14,82.4%,
REV-01592,2026,11,Nov,Q4,2026-11-01,Germany,USD,Cloud Services,BlueRiver Bank,Banking,Managed Services,"13,40,853","12,56,537","13,77,015","8,25,403","8,40,787","8,01,616","5,15,450","4,15,750","5,75,399",38.4%,33.1%,41.8%,"(84,316)",-6.3%,"15,384",1.9%,"(99,700)",-19.3%,18,14,77.8%,
REV-01593,2026,11,Nov,Q4,2026-11-01,Germany,USD,Cloud Services,Crestview Health,Healthcare,Fixed Price,"10,74,547","10,92,385","10,44,418","6,85,172","6,85,252","6,86,235","3,89,375","4,07,133","3,58,183",36.2%,37.3%,34.3%,"17,838",1.7%,80,0.0%,"17,758",4.6%,15,12,80.0%,
REV-01594,2026,11,Nov,Q4,2026-11-01,Germany,USD,Cloud Services,Delta Manufacturing,Manufacturing,Time & Material,"11,99,505","12,39,981","12,89,485","7,37,811","7,67,439","7,58,804","4,61,694","4,72,542","5,30,681",38.5%,38.1%,41.2%,"40,476",3.4%,"29,628",4.0%,"10,848",2.3%,19,16,84.2%,
REV-01595,2026,11,Nov,Q4,2026-11-01,Germany,USD,Cloud Services,Evergreen Telecom,Telecommunications,Managed Services,"12,21,051","11,05,753","11,84,413","7,52,399","7,26,880","7,57,840","4,68,652","3,78,873","4,26,573",38.4%,34.3%,36.0%,"(1,15,298)",-9.4%,"(25,519)",-3.4%,"(89,779)",-19.2%,18,14,77.8%,
REV-01596,2026,11,Nov,Q4,2026-11-01,Germany,USD,Data & Analytics,Apex Retail Group,Retail,Time & Material,"10,59,131","11,44,891","10,82,855","6,52,176","6,71,813","6,32,331","4,06,955","4,73,078","4,50,524",38.4%,41.3%,41.6%,"85,760",8.1%,"19,637",3.0%,"66,123",16.2%,14,11,78.6%,
REV-01597,2026,11,Nov,Q4,2026-11-01,Germany,USD,Data & Analytics,BlueRiver Bank,Banking,Managed Services,"12,50,556","12,84,360","13,23,414","7,74,019","7,56,431","7,42,729","4,76,537","5,27,929","5,80,685",38.1%,41.1%,43.9%,"33,804",2.7%,"(17,588)",-2.3%,"51,392",10.8%,19,16,84.2%,
REV-01598,2026,11,Nov,Q4,2026-11-01,Germany,USD,Data & Analytics,Crestview Health,Healthcare,Fixed Price,"9,92,868","9,20,527","9,93,504","6,35,163","6,27,162","5,89,878","3,57,705","2,93,365","4,03,626",36.0%,31.9%,40.6%,"(72,341)",-7.3%,"(8,001)",-1.3%,"(64,340)",-18.0%,14,11,78.6%,
REV-01599,2026,11,Nov,Q4,2026-11-01,Germany,USD,Data & Analytics,Delta Manufacturing,Manufacturing,Time & Material,"10,95,513","11,92,074","10,56,370","6,76,967","6,46,742","6,54,590","4,18,546","5,45,332","4,01,780",38.2%,45.7%,38.0%,"96,561",8.8%,"(30,225)",-4.5%,"1,26,786",30.3%,15,12,80.0%,
REV-01600,2026,11,Nov,Q4,2026-11-01,Germany,USD,Data & Analytics,Evergreen Telecom,Telecommunications,Managed Services,"11,46,796","10,96,809","11,07,163","7,07,066","7,44,946","7,33,808","4,39,730","3,51,863","3,73,355",38.3%,32.1%,33.7%,"(49,987)",-4.4%,"37,880",5.4%,"(87,867)",-20.0%,18,14,77.8%,
REV-01601,2026,11,Nov,Q4,2026-11-01,Germany,USD,Cybersecurity,Apex Retail Group,Retail,Time & Material,"10,71,017","10,23,016","10,34,159","6,67,032","6,48,043","6,60,950","4,03,985","3,74,973","3,73,209",37.7%,36.7%,36.1%,"(48,001)",-4.5%,"(18,989)",-2.8%,"(29,012)",-7.2%,17,13,76.5%,
REV-01602,2026,11,Nov,Q4,2026-11-01,Germany,USD,Cybersecurity,BlueRiver Bank,Banking,Managed Services,"12,14,621","11,63,590","11,57,157","7,54,423","7,80,996","7,66,023","4,60,198","3,82,594","3,91,134",37.9%,32.9%,33.8%,"(51,031)",-4.2%,"26,573",3.5%,"(77,604)",-16.9%,19,15,78.9%,
REV-01603,2026,11,Nov,Q4,2026-11-01,Germany,USD,Cybersecurity,Crestview Health,Healthcare,Fixed Price,"9,72,451","9,97,287","10,24,337","6,31,026","6,31,070","6,41,316","3,41,425","3,66,217","3,83,021",35.1%,36.7%,37.4%,"24,836",2.6%,44,0.0%,"24,792",7.3%,14,12,85.7%,
REV-01604,2026,11,Nov,Q4,2026-11-01,Germany,USD,Cybersecurity,Delta Manufacturing,Manufacturing,Time & Material,"10,68,638","11,28,390","10,37,994","6,59,731","6,74,401","6,81,791","4,08,907","4,53,989","3,56,203",38.3%,40.2%,34.3%,"59,752",5.6%,"14,670",2.2%,"45,082",11.0%,15,13,86.7%,
REV-01605,2026,11,Nov,Q4,2026-11-01,Germany,USD,Cybersecurity,Evergreen Telecom,Telecommunications,Managed Services,"11,19,839","12,21,019","10,80,379","6,97,412","7,07,468","6,80,258","4,22,427","5,13,551","4,00,121",37.7%,42.1%,37.0%,"1,01,180",9.0%,"10,056",1.4%,"91,124",21.6%,15,12,80.0%,
REV-01606,2026,11,Nov,Q4,2026-11-01,Germany,USD,Enterprise Applications,Apex Retail Group,Retail,Time & Material,"9,76,380","8,97,831","10,31,090","5,92,371","5,93,636","5,62,146","3,84,009","3,04,195","4,68,944",39.3%,33.9%,45.5%,"(78,549)",-8.0%,"1,265",0.2%,"(79,814)",-20.8%,13,10,76.9%,
REV-01607,2026,11,Nov,Q4,2026-11-01,Germany,USD,Enterprise Applications,BlueRiver Bank,Banking,Managed Services,"11,24,128","11,77,831","10,74,363","6,80,404","6,76,142","6,77,368","4,43,724","5,01,689","3,96,995",39.5%,42.6%,37.0%,"53,703",4.8%,"(4,262)",-0.6%,"57,965",13.1%,16,14,87.5%,
REV-01608,2026,11,Nov,Q4,2026-11-01,Germany,USD,Enterprise Applications,Crestview Health,Healthcare,Fixed Price,"8,93,774","9,24,722","8,15,091","5,56,851","5,65,924","5,44,787","3,36,923","3,58,798","2,70,304",37.7%,38.8%,33.2%,"30,948",3.5%,"9,073",1.6%,"21,875",6.5%,13,11,84.6%,
REV-01609,2026,11,Nov,Q4,2026-11-01,Germany,USD,Enterprise Applications,Delta Manufacturing,Manufacturing,Time & Material,"10,17,824","9,63,726","10,89,490","6,16,448","6,40,305","6,19,248","4,01,376","3,23,421","4,70,242",39.4%,33.6%,43.2%,"(54,098)",-5.3%,"23,857",3.9%,"(77,955)",-19.4%,14,11,78.6%,
REV-01610,2026,11,Nov,Q4,2026-11-01,Germany,USD,Enterprise Applications,Evergreen Telecom,Telecommunications,Managed Services,"10,85,148","10,79,669","10,98,342","6,61,379","6,58,037","6,65,442","4,23,769","4,21,632","4,32,900",39.1%,39.1%,39.4%,"(5,479)",-0.5%,"(3,342)",-0.5%,"(2,137)",-0.5%,15,12,80.0%,
REV-01611,2026,11,Nov,Q4,2026-11-01,Germany,USD,Digital Engineering,Apex Retail Group,Retail,Time & Material,"10,41,834","10,33,546","10,06,292","6,47,478","6,52,027","6,55,351","3,94,356","3,81,519","3,50,941",37.9%,36.9%,34.9%,"(8,288)",-0.8%,"4,549",0.7%,"(12,837)",-3.3%,14,11,78.6%,
REV-01612,2026,11,Nov,Q4,2026-11-01,Germany,USD,Digital Engineering,BlueRiver Bank,Banking,Managed Services,"11,91,850","10,78,306","12,01,691","7,49,306","7,76,305","7,49,309","4,42,544","3,02,001","4,52,382",37.1%,28.0%,37.6%,"(1,13,544)",-9.5%,"26,999",3.6%,"(1,40,543)",-31.8%,16,12,75.0%,
REV-01613,2026,11,Nov,Q4,2026-11-01,Germany,USD,Digital Engineering,Crestview Health,Healthcare,Fixed Price,"9,16,852","9,97,870","9,53,343","5,92,837","6,08,345","5,85,740","3,24,015","3,89,525","3,67,603",35.3%,39.0%,38.6%,"81,018",8.8%,"15,508",2.6%,"65,510",20.2%,14,12,85.7%,
REV-01614,2026,11,Nov,Q4,2026-11-01,Germany,USD,Digital Engineering,Delta Manufacturing,Manufacturing,Time & Material,"11,02,216","11,70,039","10,06,466","6,86,348","6,92,753","7,28,789","4,15,868","4,77,286","2,77,677",37.7%,40.8%,27.6%,"67,823",6.2%,"6,405",0.9%,"61,418",14.8%,15,13,86.7%,
REV-01615,2026,11,Nov,Q4,2026-11-01,Germany,USD,Digital Engineering,Evergreen Telecom,Telecommunications,Managed Services,"11,30,663","11,04,806","11,83,033","6,97,893","6,52,729","6,91,593","4,32,770","4,52,077","4,91,440",38.3%,40.9%,41.5%,"(25,857)",-2.3%,"(45,164)",-6.5%,"19,307",4.5%,15,12,80.0%,
REV-01616,2026,11,Nov,Q4,2026-11-01,Germany,USD,Managed Services,Apex Retail Group,Retail,Time & Material,"8,50,832","8,25,168","8,94,398","5,82,702","5,63,981","5,77,850","2,68,130","2,61,187","3,16,548",31.5%,31.7%,35.4%,"(25,664)",-3.0%,"(18,721)",-3.2%,"(6,943)",-2.6%,11,9,81.8%,
REV-01617,2026,11,Nov,Q4,2026-11-01,Germany,USD,Managed Services,BlueRiver Bank,Banking,Managed Services,"9,58,493","9,22,409","8,89,713","6,39,853","6,35,252","6,26,454","3,18,640","2,87,157","2,63,259",33.2%,31.1%,29.6%,"(36,084)",-3.8%,"(4,601)",-0.7%,"(31,483)",-9.9%,15,12,80.0%,
REV-01618,2026,11,Nov,Q4,2026-11-01,Germany,USD,Managed Services,Crestview Health,Healthcare,Fixed Price,"7,72,540","8,07,498","7,87,783","5,30,701","5,55,435","5,28,120","2,41,839","2,52,063","2,59,663",31.3%,31.2%,33.0%,"34,958",4.5%,"24,734",4.7%,"10,224",4.2%,11,9,81.8%,
REV-01619,2026,11,Nov,Q4,2026-11-01,Germany,USD,Managed Services,Delta Manufacturing,Manufacturing,Time & Material,"8,63,941","7,92,886","8,03,479","5,84,011","5,86,728","5,74,384","2,79,930","2,06,158","2,29,095",32.4%,26.0%,28.5%,"(71,055)",-8.2%,"2,717",0.5%,"(73,772)",-26.4%,12,9,75.0%,
REV-01620,2026,11,Nov,Q4,2026-11-01,Germany,USD,Managed Services,Evergreen Telecom,Telecommunications,Managed Services,"9,40,961","8,65,055","9,20,082","6,20,046","5,93,819","6,27,487","3,20,915","2,71,236","2,92,595",34.1%,31.4%,31.8%,"(75,906)",-8.1%,"(26,227)",-4.2%,"(49,679)",-15.5%,12,10,83.3%,
REV-01621,2026,11,Nov,Q4,2026-11-01,Singapore,USD,Cloud Services,Apex Retail Group,Retail,Time & Material,"10,68,845","9,98,729","9,96,248","6,55,682","6,62,980","6,86,958","4,13,163","3,35,749","3,09,290",38.7%,33.6%,31.0%,"(70,116)",-6.6%,"7,298",1.1%,"(77,414)",-18.7%,15,12,80.0%,
REV-01622,2026,11,Nov,Q4,2026-11-01,Singapore,USD,Cloud Services,BlueRiver Bank,Banking,Managed Services,"12,61,309","13,43,333","11,88,684","7,60,805","7,50,317","7,73,480","5,00,504","5,93,016","4,15,204",39.7%,44.1%,34.9%,"82,024",6.5%,"(10,488)",-1.4%,"92,512",18.5%,19,16,84.2%,
REV-01623,2026,11,Nov,Q4,2026-11-01,Singapore,USD,Cloud Services,Crestview Health,Healthcare,Fixed Price,"10,23,636","11,14,699","10,91,257","6,43,475","6,44,348","6,26,926","3,80,161","4,70,351","4,64,331",37.1%,42.2%,42.6%,"91,063",8.9%,873,0.1%,"90,190",23.7%,15,12,80.0%,
REV-01624,2026,11,Nov,Q4,2026-11-01,Singapore,USD,Cloud Services,Delta Manufacturing,Manufacturing,Time & Material,"11,72,546","11,99,250","12,19,060","7,36,691","7,27,574","7,13,476","4,35,855","4,71,676","5,05,584",37.2%,39.3%,41.5%,"26,704",2.3%,"(9,117)",-1.2%,"35,821",8.2%,16,13,81.3%,
REV-01625,2026,11,Nov,Q4,2026-11-01,Singapore,USD,Cloud Services,Evergreen Telecom,Telecommunications,Managed Services,"11,92,653","11,48,049","12,45,232","7,22,093","7,46,846","7,49,717","4,70,560","4,01,203","4,95,515",39.5%,34.9%,39.8%,"(44,604)",-3.7%,"24,753",3.4%,"(69,357)",-14.7%,16,12,75.0%,
REV-01626,2026,11,Nov,Q4,2026-11-01,Singapore,USD,Data & Analytics,Apex Retail Group,Retail,Time & Material,"10,31,029","9,76,546","9,87,400","6,27,267","6,39,994","6,38,417","4,03,762","3,36,552","3,48,983",39.2%,34.5%,35.3%,"(54,483)",-5.3%,"12,727",2.0%,"(67,210)",-16.6%,15,12,80.0%,
REV-01627,2026,11,Nov,Q4,2026-11-01,Singapore,USD,Data & Analytics,BlueRiver Bank,Banking,Managed Services,"11,90,033","12,02,517","11,02,616","7,36,273","7,09,630","7,12,067","4,53,760","4,92,887","3,90,549",38.1%,41.0%,35.4%,"12,484",1.0%,"(26,643)",-3.6%,"39,127",8.6%,16,13,81.3%,
REV-01628,2026,11,Nov,Q4,2026-11-01,Singapore,USD,Data & Analytics,Crestview Health,Healthcare,Fixed Price,"9,60,283","9,73,984","9,98,664","6,02,167","6,13,351","6,09,500","3,58,116","3,60,633","3,89,164",37.3%,37.0%,39.0%,"13,701",1.4%,"11,184",1.9%,"2,517",0.7%,15,12,80.0%,
REV-01629,2026,11,Nov,Q4,2026-11-01,Singapore,USD,Data & Analytics,Delta Manufacturing,Manufacturing,Time & Material,"10,73,713","10,22,110","10,20,210","6,74,189","6,64,667","6,77,776","3,99,524","3,57,443","3,42,434",37.2%,35.0%,33.6%,"(51,603)",-4.8%,"(9,522)",-1.4%,"(42,081)",-10.5%,17,13,76.5%,
REV-01630,2026,11,Nov,Q4,2026-11-01,Singapore,USD,Data & Analytics,Evergreen Telecom,Telecommunications,Managed Services,"11,13,347","11,12,947","11,50,553","6,72,456","6,53,355","6,61,593","4,40,891","4,59,592","4,88,960",39.6%,41.3%,42.5%,(400),0.0%,"(19,101)",-2.8%,"18,701",4.2%,18,15,83.3%,
REV-01631,2026,11,Nov,Q4,2026-11-01,Singapore,USD,Cybersecurity,Apex Retail Group,Retail,Time & Material,"9,79,232","10,39,122","9,80,640","6,11,617","5,90,301","6,20,777","3,67,615","4,48,821","3,59,863",37.5%,43.2%,36.7%,"59,890",6.1%,"(21,316)",-3.5%,"81,206",22.1%,14,12,85.7%,
REV-01632,2026,11,Nov,Q4,2026-11-01,Singapore,USD,Cybersecurity,BlueRiver Bank,Banking,Managed Services,"11,68,957","12,58,764","11,59,417","7,22,399","7,53,339","6,83,626","4,46,558","5,05,425","4,75,791",38.2%,40.2%,41.0%,"89,807",7.7%,"30,940",4.3%,"58,867",13.2%,19,16,84.2%,
REV-01633,2026,11,Nov,Q4,2026-11-01,Singapore,USD,Cybersecurity,Crestview Health,Healthcare,Fixed Price,"9,31,034","8,36,679","9,64,251","5,85,478","5,77,027","5,66,137","3,45,556","2,59,652","3,98,114",37.1%,31.0%,41.3%,"(94,355)",-10.1%,"(8,451)",-1.4%,"(85,904)",-24.9%,13,10,76.9%,
REV-01634,2026,11,Nov,Q4,2026-11-01,Singapore,USD,Cybersecurity,Delta Manufacturing,Manufacturing,Time & Material,"10,91,055","9,78,235","10,55,622","6,79,927","7,02,933","6,77,104","4,11,128","2,75,302","3,78,518",37.7%,28.1%,35.9%,"(1,12,820)",-10.3%,"23,006",3.4%,"(1,35,826)",-33.0%,17,13,76.5%,
REV-01635,2026,11,Nov,Q4,2026-11-01,Singapore,USD,Cybersecurity,Evergreen Telecom,Telecommunications,Managed Services,"11,12,158","10,49,021","11,69,994","6,97,721","6,89,859","7,16,569","4,14,437","3,59,162","4,53,425",37.3%,34.2%,38.8%,"(63,137)",-5.7%,"(7,862)",-1.1%,"(55,275)",-13.3%,18,15,83.3%,
REV-01636,2026,11,Nov,Q4,2026-11-01,Singapore,USD,Enterprise Applications,Apex Retail Group,Retail,Time & Material,"9,52,825","8,92,567","9,20,021","5,94,284","6,04,944","5,90,979","3,58,541","2,87,623","3,29,042",37.6%,32.2%,35.8%,"(60,258)",-6.3%,"10,660",1.8%,"(70,918)",-19.8%,15,12,80.0%,
REV-01637,2026,11,Nov,Q4,2026-11-01,Singapore,USD,Enterprise Applications,BlueRiver Bank,Banking,Managed Services,"10,93,833","11,31,708","11,73,488","6,59,268","6,77,442","6,54,149","4,34,565","4,54,266","5,19,339",39.7%,40.1%,44.3%,"37,875",3.5%,"18,174",2.8%,"19,701",4.5%,16,13,81.3%,
REV-01638,2026,11,Nov,Q4,2026-11-01,Singapore,USD,Enterprise Applications,Crestview Health,Healthcare,Fixed Price,"8,55,161","9,25,812","8,02,891","5,44,802","5,74,035","5,52,338","3,10,359","3,51,777","2,50,553",36.3%,38.0%,31.2%,"70,651",8.3%,"29,233",5.4%,"41,418",13.3%,13,11,84.6%,
REV-01639,2026,11,Nov,Q4,2026-11-01,Singapore,USD,Enterprise Applications,Delta Manufacturing,Manufacturing,Time & Material,"10,10,432","10,98,122","9,65,846","6,05,164","6,00,268","6,34,097","4,05,268","4,97,854","3,31,749",40.1%,45.3%,34.3%,"87,690",8.7%,"(4,896)",-0.8%,"92,586",22.8%,15,12,80.0%,
REV-01640,2026,11,Nov,Q4,2026-11-01,Singapore,USD,Enterprise Applications,Evergreen Telecom,Telecommunications,Managed Services,"10,54,274","11,15,461","10,92,250","6,61,812","6,42,250","6,41,807","3,92,462","4,73,211","4,50,443",37.2%,42.4%,41.2%,"61,187",5.8%,"(19,562)",-3.0%,"80,749",20.6%,15,12,80.0%,
REV-01641,2026,11,Nov,Q4,2026-11-01,Singapore,USD,Digital Engineering,Apex Retail Group,Retail,Time & Material,"9,80,544","9,03,802","9,63,069","5,90,270","5,94,427","6,09,415","3,90,274","3,09,375","3,53,654",39.8%,34.2%,36.7%,"(76,742)",-7.8%,"4,157",0.7%,"(80,899)",-20.7%,15,12,80.0%,
REV-01642,2026,11,Nov,Q4,2026-11-01,Singapore,USD,Digital Engineering,BlueRiver Bank,Banking,Managed Services,"11,62,227","11,93,782","11,12,177","7,30,824","7,49,885","7,53,144","4,31,403","4,43,897","3,59,033",37.1%,37.2%,32.3%,"31,555",2.7%,"19,061",2.6%,"12,494",2.9%,19,15,78.9%,
REV-01643,2026,11,Nov,Q4,2026-11-01,Singapore,USD,Digital Engineering,Crestview Health,Healthcare,Fixed Price,"8,91,377","8,05,899","8,59,733","5,69,205","5,48,005","5,89,805","3,22,172","2,57,894","2,69,928",36.1%,32.0%,31.4%,"(85,478)",-9.6%,"(21,200)",-3.7%,"(64,278)",-20.0%,14,10,71.4%,
REV-01644,2026,11,Nov,Q4,2026-11-01,Singapore,USD,Digital Engineering,Delta Manufacturing,Manufacturing,Time & Material,"10,29,188","9,22,848","10,17,807","6,35,346","6,46,648","6,23,006","3,93,842","2,76,200","3,94,801",38.3%,29.9%,38.8%,"(1,06,340)",-10.3%,"11,302",1.8%,"(1,17,642)",-29.9%,14,11,78.6%,
REV-01645,2026,11,Nov,Q4,2026-11-01,Singapore,USD,Digital Engineering,Evergreen Telecom,Telecommunications,Managed Services,"10,87,869","11,59,947","10,66,262","6,51,551","6,20,996","6,38,427","4,36,318","5,38,951","4,27,835",40.1%,46.5%,40.1%,"72,078",6.6%,"(30,555)",-4.7%,"1,02,633",23.5%,17,14,82.4%,
REV-01646,2026,11,Nov,Q4,2026-11-01,Singapore,USD,Managed Services,Apex Retail Group,Retail,Time & Material,"8,07,900","8,47,383","7,80,228","5,35,142","5,34,633","5,12,905","2,72,758","3,12,750","2,67,323",33.8%,36.9%,34.3%,"39,483",4.9%,(509),-0.1%,"39,992",14.7%,11,9,81.8%,
REV-01647,2026,11,Nov,Q4,2026-11-01,Singapore,USD,Managed Services,BlueRiver Bank,Banking,Managed Services,"9,34,624","9,66,445","8,82,141","6,27,997","6,10,267","6,70,361","3,06,627","3,56,178","2,11,780",32.8%,36.9%,24.0%,"31,821",3.4%,"(17,730)",-2.8%,"49,551",16.2%,15,12,80.0%,
REV-01648,2026,11,Nov,Q4,2026-11-01,Singapore,USD,Managed Services,Crestview Health,Healthcare,Fixed Price,"7,17,883","6,71,296","7,27,488","4,88,913","5,02,951","5,18,589","2,28,970","1,68,345","2,08,899",31.9%,25.1%,28.7%,"(46,587)",-6.5%,"14,038",2.9%,"(60,625)",-26.5%,11,9,81.8%,
REV-01649,2026,11,Nov,Q4,2026-11-01,Singapore,USD,Managed Services,Delta Manufacturing,Manufacturing,Time & Material,"8,55,120","8,23,667","8,77,175","5,78,051","5,87,521","5,90,737","2,77,069","2,36,146","2,86,438",32.4%,28.7%,32.7%,"(31,453)",-3.7%,"9,470",1.6%,"(40,923)",-14.8%,14,11,78.6%,
REV-01650,2026,11,Nov,Q4,2026-11-01,Singapore,USD,Managed Services,Evergreen Telecom,Telecommunications,Managed Services,"9,17,185","9,08,067","9,57,659","6,23,865","6,26,872","6,31,454","2,93,320","2,81,195","3,26,205",32.0%,31.0%,34.1%,"(9,118)",-1.0%,"3,007",0.5%,"(12,125)",-4.1%,14,11,78.6%,
REV-01651,2026,12,Dec,Q4,2026-12-01,India,USD,Cloud Services,Apex Retail Group,Retail,Time & Material,"8,46,140","8,17,717","7,89,994","5,26,487","5,45,615","5,17,935","3,19,653","2,72,102","2,72,059",37.8%,33.3%,34.4%,"(28,423)",-3.4%,"19,128",3.6%,"(47,551)",-14.9%,18,14,77.8%,
REV-01652,2026,12,Dec,Q4,2026-12-01,India,USD,Cloud Services,BlueRiver Bank,Banking,Managed Services,"10,18,016","9,53,420","9,75,732","6,13,274","6,24,518","6,24,493","4,04,742","3,28,902","3,51,239",39.8%,34.5%,36.0%,"(64,596)",-6.3%,"11,244",1.8%,"(75,840)",-18.7%,18,14,77.8%,
REV-01653,2026,12,Dec,Q4,2026-12-01,India,USD,Cloud Services,Crestview Health,Healthcare,Fixed Price,"8,08,161","7,44,143","7,86,128","5,18,473","5,48,521","5,48,579","2,89,688","1,95,622","2,37,549",35.8%,26.3%,30.2%,"(64,018)",-7.9%,"30,048",5.8%,"(94,066)",-32.5%,15,12,80.0%,
REV-01654,2026,12,Dec,Q4,2026-12-01,India,USD,Cloud Services,Delta Manufacturing,Manufacturing,Time & Material,"9,30,302","9,21,902","9,25,348","5,82,691","5,94,226","5,84,501","3,47,611","3,27,676","3,40,847",37.4%,35.5%,36.8%,"(8,400)",-0.9%,"11,535",2.0%,"(19,935)",-5.7%,18,15,83.3%,
REV-01655,2026,12,Dec,Q4,2026-12-01,India,USD,Cloud Services,Evergreen Telecom,Telecommunications,Managed Services,"9,30,650","10,01,671","9,67,471","5,59,309","5,77,208","5,69,197","3,71,341","4,24,463","3,98,274",39.9%,42.4%,41.2%,"71,021",7.6%,"17,899",3.2%,"53,122",14.3%,19,16,84.2%,
REV-01656,2026,12,Dec,Q4,2026-12-01,India,USD,Data & Analytics,Apex Retail Group,Retail,Time & Material,"8,43,401","7,83,847","9,08,934","5,23,727","5,15,132","5,39,633","3,19,674","2,68,715","3,69,301",37.9%,34.3%,40.6%,"(59,554)",-7.1%,"(8,595)",-1.6%,"(50,959)",-15.9%,15,12,80.0%,
REV-01657,2026,12,Dec,Q4,2026-12-01,India,USD,Data & Analytics,BlueRiver Bank,Banking,Managed Services,"9,77,198","9,23,095","10,48,120","6,09,055","6,53,494","6,19,103","3,68,143","2,69,601","4,29,017",37.7%,29.2%,40.9%,"(54,103)",-5.5%,"44,439",7.3%,"(98,542)",-26.8%,21,17,81.0%,
REV-01658,2026,12,Dec,Q4,2026-12-01,India,USD,Data & Analytics,Crestview Health,Healthcare,Fixed Price,"7,25,032","7,28,090","6,60,570","4,55,087","4,63,792","4,42,563","2,69,945","2,64,298","2,18,007",37.2%,36.3%,33.0%,"3,058",0.4%,"8,705",1.9%,"(5,647)",-2.1%,13,11,84.6%,
REV-01659,2026,12,Dec,Q4,2026-12-01,India,USD,Data & Analytics,Delta Manufacturing,Manufacturing,Time & Material,"8,84,469","9,62,818","9,20,264","5,48,786","5,39,646","5,37,285","3,35,683","4,23,172","3,82,979",38.0%,44.0%,41.6%,"78,349",8.9%,"(9,140)",-1.7%,"87,489",26.1%,18,16,88.9%,
REV-01660,2026,12,Dec,Q4,2026-12-01,India,USD,Data & Analytics,Evergreen Telecom,Telecommunications,Managed Services,"8,79,391","8,19,203","9,07,032","5,32,845","5,29,087","5,41,183","3,46,546","2,90,116","3,65,849",39.4%,35.4%,40.3%,"(60,188)",-6.8%,"(3,758)",-0.7%,"(56,430)",-16.3%,18,13,72.2%,
REV-01661,2026,12,Dec,Q4,2026-12-01,India,USD,Cybersecurity,Apex Retail Group,Retail,Time & Material,"8,16,139","8,91,488","8,27,085","5,10,839","4,90,083","5,25,539","3,05,300","4,01,405","3,01,546",37.4%,45.0%,36.5%,"75,349",9.2%,"(20,756)",-4.1%,"96,105",31.5%,18,16,88.9%,
REV-01662,2026,12,Dec,Q4,2026-12-01,India,USD,Cybersecurity,BlueRiver Bank,Banking,Managed Services,"9,47,720","8,90,040","10,03,822","5,69,736","5,90,965","5,70,228","3,77,984","2,99,075","4,33,594",39.9%,33.6%,43.2%,"(57,680)",-6.1%,"21,229",3.7%,"(78,909)",-20.9%,20,16,80.0%,
REV-01663,2026,12,Dec,Q4,2026-12-01,India,USD,Cybersecurity,Crestview Health,Healthcare,Fixed Price,"7,41,944","7,88,026","6,92,414","4,71,265","4,73,743","4,73,170","2,70,679","3,14,283","2,19,244",36.5%,39.9%,31.7%,"46,082",6.2%,"2,478",0.5%,"43,604",16.1%,13,11,84.6%,
REV-01664,2026,12,Dec,Q4,2026-12-01,India,USD,Cybersecurity,Delta Manufacturing,Manufacturing,Time & Material,"8,59,043","9,40,564","8,93,540","5,25,977","5,36,917","5,43,781","3,33,066","4,03,647","3,49,759",38.8%,42.9%,39.1%,"81,521",9.5%,"10,940",2.1%,"70,581",21.2%,17,15,88.2%,
REV-01665,2026,12,Dec,Q4,2026-12-01,India,USD,Cybersecurity,Evergreen Telecom,Telecommunications,Managed Services,"8,79,851","8,69,005","8,67,799","5,29,899","5,23,263","5,21,666","3,49,952","3,45,742","3,46,133",39.8%,39.8%,39.9%,"(10,846)",-1.2%,"(6,636)",-1.3%,"(4,210)",-1.2%,18,15,83.3%,
REV-01666,2026,12,Dec,Q4,2026-12-01,India,USD,Enterprise Applications,Apex Retail Group,Retail,Time & Material,"7,34,318","7,46,197","6,96,547","4,48,688","4,37,946","4,45,214","2,85,630","3,08,251","2,51,333",38.9%,41.3%,36.1%,"11,879",1.6%,"(10,742)",-2.4%,"22,621",7.9%,13,10,76.9%,
REV-01667,2026,12,Dec,Q4,2026-12-01,India,USD,Enterprise Applications,BlueRiver Bank,Banking,Managed Services,"8,61,022","7,78,565","8,45,907","5,36,392","5,47,501","5,27,826","3,24,630","2,31,064","3,18,081",37.7%,29.7%,37.6%,"(82,457)",-9.6%,"11,109",2.1%,"(93,566)",-28.8%,18,14,77.8%,
REV-01668,2026,12,Dec,Q4,2026-12-01,India,USD,Enterprise Applications,Crestview Health,Healthcare,Fixed Price,"6,65,437","6,71,789","6,52,327","4,16,437","4,09,150","4,18,479","2,49,000","2,62,639","2,33,848",37.4%,39.1%,35.8%,"6,352",1.0%,"(7,287)",-1.7%,"13,639",5.5%,12,10,83.3%,
REV-01669,2026,12,Dec,Q4,2026-12-01,India,USD,Enterprise Applications,Delta Manufacturing,Manufacturing,Time & Material,"7,72,200","7,83,888","7,89,758","4,84,747","4,76,071","4,81,909","2,87,453","3,07,817","3,07,849",37.2%,39.3%,39.0%,"11,688",1.5%,"(8,676)",-1.8%,"20,364",7.1%,15,12,80.0%,
REV-01670,2026,12,Dec,Q4,2026-12-01,India,USD,Enterprise Applications,Evergreen Telecom,Telecommunications,Managed Services,"8,33,800","8,93,212","8,85,263","5,12,053","4,87,258","5,29,975","3,21,747","4,05,954","3,55,288",38.6%,45.4%,40.1%,"59,412",7.1%,"(24,795)",-4.8%,"84,207",26.2%,16,14,87.5%,
REV-01671,2026,12,Dec,Q4,2026-12-01,India,USD,Digital Engineering,Apex Retail Group,Retail,Time & Material,"7,97,056","7,45,340","7,77,213","4,77,565","4,91,070","4,80,533","3,19,491","2,54,270","2,96,680",40.1%,34.1%,38.2%,"(51,716)",-6.5%,"13,505",2.8%,"(65,221)",-20.4%,15,11,73.3%,
REV-01672,2026,12,Dec,Q4,2026-12-01,India,USD,Digital Engineering,BlueRiver Bank,Banking,Managed Services,"9,33,408","8,38,483","9,65,336","5,68,118","5,92,961","5,74,688","3,65,290","2,45,522","3,90,648",39.1%,29.3%,40.5%,"(94,925)",-10.2%,"24,843",4.4%,"(1,19,768)",-32.8%,18,14,77.8%,
REV-01673,2026,12,Dec,Q4,2026-12-01,India,USD,Digital Engineering,Crestview Health,Healthcare,Fixed Price,"7,16,873","7,12,700","7,16,088","4,57,112","4,43,592","4,43,984","2,59,761","2,69,108","2,72,104",36.2%,37.8%,38.0%,"(4,173)",-0.6%,"(13,520)",-3.0%,"9,347",3.6%,15,12,80.0%,
REV-01674,2026,12,Dec,Q4,2026-12-01,India,USD,Digital Engineering,Delta Manufacturing,Manufacturing,Time & Material,"7,89,119","7,18,213","7,23,434","4,93,761","5,19,327","4,67,463","2,95,358","1,98,886","2,55,971",37.4%,27.7%,35.4%,"(70,906)",-9.0%,"25,566",5.2%,"(96,472)",-32.7%,16,13,81.3%,
REV-01675,2026,12,Dec,Q4,2026-12-01,India,USD,Digital Engineering,Evergreen Telecom,Telecommunications,Managed Services,"8,37,045","8,22,076","8,50,905","5,01,042","5,05,749","4,83,393","3,36,003","3,16,327","3,67,512",40.1%,38.5%,43.2%,"(14,969)",-1.8%,"4,707",0.9%,"(19,676)",-5.9%,15,13,86.7%,
REV-01676,2026,12,Dec,Q4,2026-12-01,India,USD,Managed Services,Apex Retail Group,Retail,Time & Material,"6,51,618","6,00,148","6,77,507","4,26,973","4,26,382","4,47,277","2,24,645","1,73,766","2,30,230",34.5%,29.0%,34.0%,"(51,470)",-7.9%,(591),-0.1%,"(50,879)",-22.6%,12,9,75.0%,
REV-01677,2026,12,Dec,Q4,2026-12-01,India,USD,Managed Services,BlueRiver Bank,Banking,Managed Services,"7,36,518","7,02,378","7,63,752","5,00,154","4,97,736","4,82,065","2,36,364","2,04,642","2,81,687",32.1%,29.1%,36.9%,"(34,140)",-4.6%,"(2,418)",-0.5%,"(31,722)",-13.4%,13,11,84.6%,
REV-01678,2026,12,Dec,Q4,2026-12-01,India,USD,Managed Services,Crestview Health,Healthcare,Fixed Price,"5,97,140","6,46,616","5,73,714","4,15,641","4,18,809","4,15,230","1,81,499","2,27,807","1,58,484",30.4%,35.2%,27.6%,"49,476",8.3%,"3,168",0.8%,"46,308",25.5%,11,9,81.8%,
REV-01679,2026,12,Dec,Q4,2026-12-01,India,USD,Managed Services,Delta Manufacturing,Manufacturing,Time & Material,"6,52,001","6,15,598","6,72,474","4,45,754","4,41,518","4,26,944","2,06,247","1,74,080","2,45,530",31.6%,28.3%,36.5%,"(36,403)",-5.6%,"(4,236)",-1.0%,"(32,167)",-15.6%,12,10,83.3%,
REV-01680,2026,12,Dec,Q4,2026-12-01,India,USD,Managed Services,Evergreen Telecom,Telecommunications,Managed Services,"6,87,435","6,17,955","7,19,728","4,63,290","4,75,757","4,45,123","2,24,145","1,42,198","2,74,605",32.6%,23.0%,38.2%,"(69,480)",-10.1%,"12,467",2.7%,"(81,947)",-36.6%,14,11,78.6%,
REV-01681,2026,12,Dec,Q4,2026-12-01,United States,USD,Cloud Services,Apex Retail Group,Retail,Time & Material,"14,79,723","15,77,608","14,08,492","9,15,577","9,58,141","9,21,623","5,64,146","6,19,467","4,86,869",38.1%,39.3%,34.6%,"97,885",6.6%,"42,564",4.6%,"55,321",9.8%,17,14,82.4%,
REV-01682,2026,12,Dec,Q4,2026-12-01,United States,USD,Cloud Services,BlueRiver Bank,Banking,Managed Services,"17,74,245","16,46,477","18,28,244","10,96,701","10,64,458","10,64,557","6,77,544","5,82,019","7,63,687",38.2%,35.3%,41.8%,"(1,27,768)",-7.2%,"(32,243)",-2.9%,"(95,525)",-14.1%,22,18,81.8%,
REV-01683,2026,12,Dec,Q4,2026-12-01,United States,USD,Cloud Services,Crestview Health,Healthcare,Fixed Price,"13,64,935","12,77,782","13,12,978","8,86,144","9,19,348","8,49,944","4,78,791","3,58,434","4,63,034",35.1%,28.1%,35.3%,"(87,153)",-6.4%,"33,204",3.7%,"(1,20,357)",-25.1%,17,14,82.4%,
REV-01684,2026,12,Dec,Q4,2026-12-01,United States,USD,Cloud Services,Delta Manufacturing,Manufacturing,Time & Material,"15,65,841","17,05,366","15,77,159","9,82,638","9,54,606","9,52,152","5,83,203","7,50,760","6,25,007",37.2%,44.0%,39.6%,"1,39,525",8.9%,"(28,032)",-2.9%,"1,67,557",28.7%,17,14,82.4%,
REV-01685,2026,12,Dec,Q4,2026-12-01,United States,USD,Cloud Services,Evergreen Telecom,Telecommunications,Managed Services,"16,35,546","15,57,749","17,24,622","10,07,467","10,44,945","9,93,962","6,28,079","5,12,804","7,30,660",38.4%,32.9%,42.4%,"(77,797)",-4.8%,"37,478",3.7%,"(1,15,275)",-18.4%,18,14,77.8%,
REV-01686,2026,12,Dec,Q4,2026-12-01,United States,USD,Data & Analytics,Apex Retail Group,Retail,Time & Material,"14,32,726","14,71,596","14,12,346","8,79,404","8,85,324","8,55,391","5,53,322","5,86,272","5,56,955",38.6%,39.8%,39.4%,"38,870",2.7%,"5,920",0.7%,"32,950",6.0%,17,15,88.2%,
REV-01687,2026,12,Dec,Q4,2026-12-01,United States,USD,Data & Analytics,BlueRiver Bank,Banking,Managed Services,"16,49,914","16,71,791","16,11,478","10,23,782","11,25,367","10,19,120","6,26,132","5,46,424","5,92,358",37.9%,32.7%,36.8%,"21,877",1.3%,"1,01,585",9.9%,"(79,708)",-12.7%,18,15,83.3%,
REV-01688,2026,12,Dec,Q4,2026-12-01,United States,USD,Data & Analytics,Crestview Health,Healthcare,Fixed Price,"12,81,512","13,69,624","13,22,269","7,98,775","7,50,854","8,16,558","4,82,737","6,18,770","5,05,711",37.7%,45.2%,38.2%,"88,112",6.9%,"(47,921)",-6.0%,"1,36,033",28.2%,16,14,87.5%,
REV-01689,2026,12,Dec,Q4,2026-12-01,United States,USD,Data & Analytics,Delta Manufacturing,Manufacturing,Time & Material,"14,49,810","15,74,128","14,50,680","8,90,680","9,68,497","8,65,943","5,59,130","6,05,631","5,84,737",38.6%,38.5%,40.3%,"1,24,318",8.6%,"77,817",8.7%,"46,501",8.3%,16,14,87.5%,
REV-01690,2026,12,Dec,Q4,2026-12-01,United States,USD,Data & Analytics,Evergreen Telecom,Telecommunications,Managed Services,"16,10,184","16,73,339","14,88,091","9,87,297","10,21,365","10,04,732","6,22,887","6,51,974","4,83,359",38.7%,39.0%,32.5%,"63,155",3.9%,"34,068",3.5%,"29,087",4.7%,19,16,84.2%,
REV-01691,2026,12,Dec,Q4,2026-12-01,United States,USD,Cybersecurity,Apex Retail Group,Retail,Time & Material,"13,80,392","12,36,002","13,18,843","8,39,046","8,44,980","8,66,545","5,41,346","3,91,022","4,52,298",39.2%,31.6%,34.3%,"(1,44,390)",-10.5%,"5,934",0.7%,"(1,50,324)",-27.8%,17,13,76.5%,
REV-01692,2026,12,Dec,Q4,2026-12-01,United States,USD,Cybersecurity,BlueRiver Bank,Banking,Managed Services,"15,73,632","14,62,908","15,59,015","9,68,423","10,14,620","9,72,373","6,05,209","4,48,288","5,86,642",38.5%,30.6%,37.6%,"(1,10,724)",-7.0%,"46,197",4.8%,"(1,56,921)",-25.9%,18,15,83.3%,
REV-01693,2026,12,Dec,Q4,2026-12-01,United States,USD,Cybersecurity,Crestview Health,Healthcare,Fixed Price,"12,88,869","13,48,455","12,73,860","8,13,888","8,20,816","8,65,500","4,74,981","5,27,639","4,08,360",36.9%,39.1%,32.1%,"59,586",4.6%,"6,928",0.9%,"52,658",11.1%,14,11,78.6%,
REV-01694,2026,12,Dec,Q4,2026-12-01,United States,USD,Cybersecurity,Delta Manufacturing,Manufacturing,Time & Material,"14,70,551","16,24,857","13,56,945","8,88,636","9,22,577","8,59,252","5,81,915","7,02,280","4,97,693",39.6%,43.2%,36.7%,"1,54,306",10.5%,"33,941",3.8%,"1,20,365",20.7%,16,14,87.5%,
REV-01695,2026,12,Dec,Q4,2026-12-01,United States,USD,Cybersecurity,Evergreen Telecom,Telecommunications,Managed Services,"14,96,178","14,23,672","15,72,130","9,10,011","9,15,174","8,65,208","5,86,167","5,08,498","7,06,922",39.2%,35.7%,45.0%,"(72,506)",-4.8%,"5,163",0.6%,"(77,669)",-13.3%,15,12,80.0%,
REV-01696,2026,12,Dec,Q4,2026-12-01,United States,USD,Enterprise Applications,Apex Retail Group,Retail,Time & Material,"13,02,531","13,05,687","13,10,833","7,87,980","7,80,228","7,69,199","5,14,551","5,25,459","5,41,634",39.5%,40.2%,41.3%,"3,156",0.2%,"(7,752)",-1.0%,"10,908",2.1%,16,13,81.3%,
REV-01697,2026,12,Dec,Q4,2026-12-01,United States,USD,Enterprise Applications,BlueRiver Bank,Banking,Managed Services,"15,29,418","14,15,143","14,71,400","9,56,669","9,36,127","9,32,553","5,72,749","4,79,016","5,38,847",37.4%,33.8%,36.6%,"(1,14,275)",-7.5%,"(20,542)",-2.1%,"(93,733)",-16.4%,19,15,78.9%,
REV-01698,2026,12,Dec,Q4,2026-12-01,United States,USD,Enterprise Applications,Crestview Health,Healthcare,Fixed Price,"12,04,528","11,33,493","12,52,081","7,87,606","7,82,999","8,01,046","4,16,922","3,50,494","4,51,035",34.6%,30.9%,36.0%,"(71,035)",-5.9%,"(4,607)",-0.6%,"(66,428)",-15.9%,13,10,76.9%,
REV-01699,2026,12,Dec,Q4,2026-12-01,United States,USD,Enterprise Applications,Delta Manufacturing,Manufacturing,Time & Material,"14,02,764","15,20,732","13,15,093","8,80,391","9,24,306","8,73,161","5,22,373","5,96,426","4,41,932",37.2%,39.2%,33.6%,"1,17,968",8.4%,"43,915",5.0%,"74,053",14.2%,15,12,80.0%,
REV-01700,2026,12,Dec,Q4,2026-12-01,United States,USD,Enterprise Applications,Evergreen Telecom,Telecommunications,Managed Services,"14,22,924","13,53,306","15,12,013","8,57,237","8,71,950","8,26,059","5,65,687","4,81,356","6,85,954",39.8%,35.6%,45.4%,"(69,618)",-4.9%,"14,713",1.7%,"(84,331)",-14.9%,15,12,80.0%,
REV-01701,2026,12,Dec,Q4,2026-12-01,United States,USD,Digital Engineering,Apex Retail Group,Retail,Time & Material,"13,43,595","14,10,684","13,56,321","8,05,911","8,26,126","7,95,088","5,37,684","5,84,558","5,61,233",40.0%,41.4%,41.4%,"67,089",5.0%,"20,215",2.5%,"46,874",8.7%,15,12,80.0%,
REV-01702,2026,12,Dec,Q4,2026-12-01,United States,USD,Digital Engineering,BlueRiver Bank,Banking,Managed Services,"15,35,107","15,88,468","16,41,459","9,36,049","10,11,387","9,53,665","5,99,058","5,77,081","6,87,794",39.0%,36.3%,41.9%,"53,361",3.5%,"75,338",8.0%,"(21,977)",-3.7%,18,15,83.3%,
REV-01703,2026,12,Dec,Q4,2026-12-01,United States,USD,Digital Engineering,Crestview Health,Healthcare,Fixed Price,"12,48,138","13,52,124","11,92,053","7,89,061","8,21,391","7,49,438","4,59,077","5,30,733","4,42,615",36.8%,39.3%,37.1%,"1,03,986",8.3%,"32,330",4.1%,"71,656",15.6%,15,13,86.7%,
REV-01704,2026,12,Dec,Q4,2026-12-01,United States,USD,Digital Engineering,Delta Manufacturing,Manufacturing,Time & Material,"14,38,049","13,90,913","15,05,512","8,75,049","8,69,515","8,62,467","5,63,000","5,21,398","6,43,045",39.2%,37.5%,42.7%,"(47,136)",-3.3%,"(5,534)",-0.6%,"(41,602)",-7.4%,18,14,77.8%,
REV-01705,2026,12,Dec,Q4,2026-12-01,United States,USD,Digital Engineering,Evergreen Telecom,Telecommunications,Managed Services,"14,51,269","15,63,342","14,71,988","8,95,665","8,89,166","9,41,259","5,55,604","6,74,176","5,30,729",38.3%,43.1%,36.1%,"1,12,073",7.7%,"(6,499)",-0.7%,"1,18,572",21.3%,17,14,82.4%,
REV-01706,2026,12,Dec,Q4,2026-12-01,United States,USD,Managed Services,Apex Retail Group,Retail,Time & Material,"11,35,011","10,19,506","12,30,527","7,57,936","7,29,272","7,60,945","3,77,075","2,90,234","4,69,582",33.2%,28.5%,38.2%,"(1,15,505)",-10.2%,"(28,664)",-3.8%,"(86,841)",-23.0%,12,9,75.0%,
REV-01707,2026,12,Dec,Q4,2026-12-01,United States,USD,Managed Services,BlueRiver Bank,Banking,Managed Services,"13,00,783","12,76,880","12,57,979","8,82,965","8,39,290","9,10,058","4,17,818","4,37,590","3,47,921",32.1%,34.3%,27.7%,"(23,903)",-1.8%,"(43,675)",-4.9%,"19,772",4.7%,15,12,80.0%,
REV-01708,2026,12,Dec,Q4,2026-12-01,United States,USD,Managed Services,Crestview Health,Healthcare,Fixed Price,"9,90,524","10,64,354","9,46,850","6,74,515","6,93,655","6,92,082","3,16,009","3,70,699","2,54,768",31.9%,34.8%,26.9%,"73,830",7.5%,"19,140",2.8%,"54,690",17.3%,12,10,83.3%,
REV-01709,2026,12,Dec,Q4,2026-12-01,United States,USD,Managed Services,Delta Manufacturing,Manufacturing,Time & Material,"11,76,713","11,51,512","11,81,511","8,05,340","7,71,916","8,02,682","3,71,373","3,79,596","3,78,829",31.6%,33.0%,32.1%,"(25,201)",-2.1%,"(33,424)",-4.2%,"8,223",2.2%,14,11,78.6%,
REV-01710,2026,12,Dec,Q4,2026-12-01,United States,USD,Managed Services,Evergreen Telecom,Telecommunications,Managed Services,"12,54,386","13,83,312","12,40,417","8,38,679","7,96,354","8,39,288","4,15,707","5,86,958","4,01,129",33.1%,42.4%,32.3%,"1,28,926",10.3%,"(42,325)",-5.0%,"1,71,251",41.2%,15,13,86.7%,
REV-01711,2026,12,Dec,Q4,2026-12-01,United Kingdom,USD,Cloud Services,Apex Retail Group,Retail,Time & Material,"12,68,659","12,53,488","12,72,774","7,87,330","8,10,818","8,35,229","4,81,329","4,42,670","4,37,545",37.9%,35.3%,34.4%,"(15,171)",-1.2%,"23,488",3.0%,"(38,659)",-8.0%,17,14,82.4%,
REV-01712,2026,12,Dec,Q4,2026-12-01,United Kingdom,USD,Cloud Services,BlueRiver Bank,Banking,Managed Services,"14,04,032","14,92,632","14,66,552","8,71,395","8,82,555","8,41,733","5,32,637","6,10,077","6,24,819",37.9%,40.9%,42.6%,"88,600",6.3%,"11,160",1.3%,"77,440",14.5%,18,15,83.3%,
REV-01713,2026,12,Dec,Q4,2026-12-01,United Kingdom,USD,Cloud Services,Crestview Health,Healthcare,Fixed Price,"11,42,993","11,13,502","12,00,983","7,32,528","6,99,226","7,56,910","4,10,465","4,14,276","4,44,073",35.9%,37.2%,37.0%,"(29,491)",-2.6%,"(33,302)",-4.5%,"3,811",0.9%,15,11,73.3%,
REV-01714,2026,12,Dec,Q4,2026-12-01,United Kingdom,USD,Cloud Services,Delta Manufacturing,Manufacturing,Time & Material,"13,16,310","11,89,066","12,82,345","7,92,008","7,77,631","7,64,168","5,24,302","4,11,435","5,18,177",39.8%,34.6%,40.4%,"(1,27,244)",-9.7%,"(14,377)",-1.8%,"(1,12,867)",-21.5%,19,15,78.9%,
REV-01715,2026,12,Dec,Q4,2026-12-01,United Kingdom,USD,Cloud Services,Evergreen Telecom,Telecommunications,Managed Services,"14,07,524","14,11,074","14,28,226","8,62,451","8,26,184","8,83,190","5,45,073","5,84,890","5,45,036",38.7%,41.4%,38.2%,"3,550",0.3%,"(36,267)",-4.2%,"39,817",7.3%,19,15,78.9%,
REV-01716,2026,12,Dec,Q4,2026-12-01,United Kingdom,USD,Data & Analytics,Apex Retail Group,Retail,Time & Material,"12,15,671","12,81,077","11,18,995","7,40,860","7,62,144","7,27,210","4,74,811","5,18,933","3,91,785",39.1%,40.5%,35.0%,"65,406",5.4%,"21,284",2.9%,"44,122",9.3%,16,13,81.3%,
REV-01717,2026,12,Dec,Q4,2026-12-01,United Kingdom,USD,Data & Analytics,BlueRiver Bank,Banking,Managed Services,"13,85,925","14,51,603","14,14,869","8,38,978","8,18,011","8,16,660","5,46,947","6,33,592","5,98,209",39.5%,43.6%,42.3%,"65,678",4.7%,"(20,967)",-2.5%,"86,645",15.8%,20,17,85.0%,
REV-01718,2026,12,Dec,Q4,2026-12-01,United Kingdom,USD,Data & Analytics,Crestview Health,Healthcare,Fixed Price,"11,05,875","9,98,392","11,14,813","7,18,765","7,68,744","7,33,183","3,87,110","2,29,648","3,81,630",35.0%,23.0%,34.2%,"(1,07,483)",-9.7%,"49,979",7.0%,"(1,57,462)",-40.7%,16,12,75.0%,
REV-01719,2026,12,Dec,Q4,2026-12-01,United Kingdom,USD,Data & Analytics,Delta Manufacturing,Manufacturing,Time & Material,"12,18,276","11,82,147","12,45,267","7,34,757","7,93,778","7,54,571","4,83,519","3,88,369","4,90,696",39.7%,32.9%,39.4%,"(36,129)",-3.0%,"59,021",8.0%,"(95,150)",-19.7%,17,14,82.4%,
REV-01720,2026,12,Dec,Q4,2026-12-01,United Kingdom,USD,Data & Analytics,Evergreen Telecom,Telecommunications,Managed Services,"12,89,222","13,05,563","13,53,176","7,72,277","7,66,805","7,46,777","5,16,945","5,38,758","6,06,399",40.1%,41.3%,44.8%,"16,341",1.3%,"(5,472)",-0.7%,"21,813",4.2%,17,14,82.4%,
REV-01721,2026,12,Dec,Q4,2026-12-01,United Kingdom,USD,Cybersecurity,Apex Retail Group,Retail,Time & Material,"11,53,067","12,55,675","11,82,307","7,13,424","7,02,534","7,25,047","4,39,643","5,53,141","4,57,260",38.1%,44.1%,38.7%,"1,02,608",8.9%,"(10,890)",-1.5%,"1,13,498",25.8%,17,15,88.2%,
REV-01722,2026,12,Dec,Q4,2026-12-01,United Kingdom,USD,Cybersecurity,BlueRiver Bank,Banking,Managed Services,"13,41,588","14,71,009","14,68,749","8,32,207","8,56,346","8,21,442","5,09,381","6,14,663","6,47,307",38.0%,41.8%,44.1%,"1,29,421",9.6%,"24,139",2.9%,"1,05,282",20.7%,19,16,84.2%,
REV-01723,2026,12,Dec,Q4,2026-12-01,United Kingdom,USD,Cybersecurity,Crestview Health,Healthcare,Fixed Price,"10,63,946","10,92,125","10,78,271","6,95,650","7,13,961","7,33,997","3,68,296","3,78,164","3,44,274",34.6%,34.6%,31.9%,"28,179",2.6%,"18,311",2.6%,"9,868",2.7%,15,12,80.0%,
REV-01724,2026,12,Dec,Q4,2026-12-01,United Kingdom,USD,Cybersecurity,Delta Manufacturing,Manufacturing,Time & Material,"12,36,097","11,06,686","13,11,426","7,68,090","7,68,982","7,70,294","4,68,007","3,37,704","5,41,132",37.9%,30.5%,41.3%,"(1,29,411)",-10.5%,892,0.1%,"(1,30,303)",-27.8%,16,12,75.0%,
REV-01725,2026,12,Dec,Q4,2026-12-01,United Kingdom,USD,Cybersecurity,Evergreen Telecom,Telecommunications,Managed Services,"12,43,287","12,95,143","12,68,463","7,78,945","7,54,244","7,88,523","4,64,342","5,40,899","4,79,940",37.3%,41.8%,37.8%,"51,856",4.2%,"(24,701)",-3.2%,"76,557",16.5%,17,14,82.4%,
REV-01726,2026,12,Dec,Q4,2026-12-01,United Kingdom,USD,Enterprise Applications,Apex Retail Group,Retail,Time & Material,"11,11,964","11,30,105","11,26,633","6,79,632","7,05,803","6,95,403","4,32,332","4,24,302","4,31,230",38.9%,37.5%,38.3%,"18,141",1.6%,"26,171",3.9%,"(8,030)",-1.9%,16,13,81.3%,
REV-01727,2026,12,Dec,Q4,2026-12-01,United Kingdom,USD,Enterprise Applications,BlueRiver Bank,Banking,Managed Services,"12,72,397","12,85,114","12,09,586","7,87,951","8,13,228","7,86,554","4,84,446","4,71,886","4,23,032",38.1%,36.7%,35.0%,"12,717",1.0%,"25,277",3.2%,"(12,560)",-2.6%,19,15,78.9%,
REV-01728,2026,12,Dec,Q4,2026-12-01,United Kingdom,USD,Enterprise Applications,Crestview Health,Healthcare,Fixed Price,"10,05,451","10,06,655","9,88,716","6,29,201","6,49,261","6,30,978","3,76,250","3,57,394","3,57,738",37.4%,35.5%,36.2%,"1,204",0.1%,"20,060",3.2%,"(18,856)",-5.0%,13,11,84.6%,
REV-01729,2026,12,Dec,Q4,2026-12-01,United Kingdom,USD,Enterprise Applications,Delta Manufacturing,Manufacturing,Time & Material,"11,53,408","12,04,769","12,18,380","7,17,658","7,48,358","7,14,299","4,35,750","4,56,411","5,04,081",37.8%,37.9%,41.4%,"51,361",4.5%,"30,700",4.3%,"20,661",4.7%,15,12,80.0%,
REV-01730,2026,12,Dec,Q4,2026-12-01,United Kingdom,USD,Enterprise Applications,Evergreen Telecom,Telecommunications,Managed Services,"11,55,222","10,69,092","11,37,064","7,24,891","7,59,448","7,44,940","4,30,331","3,09,644","3,92,124",37.3%,29.0%,34.5%,"(86,130)",-7.5%,"34,557",4.8%,"(1,20,687)",-28.0%,17,13,76.5%,
REV-01731,2026,12,Dec,Q4,2026-12-01,United Kingdom,USD,Digital Engineering,Apex Retail Group,Retail,Time & Material,"10,81,163","11,11,833","9,84,626","6,78,554","6,79,513","7,03,617","4,02,609","4,32,320","2,81,009",37.2%,38.9%,28.5%,"30,670",2.8%,959,0.1%,"29,711",7.4%,14,12,85.7%,
REV-01732,2026,12,Dec,Q4,2026-12-01,United Kingdom,USD,Digital Engineering,BlueRiver Bank,Banking,Managed Services,"12,84,447","13,71,969","12,24,970","7,91,940","7,56,589","7,80,157","4,92,507","6,15,380","4,44,813",38.3%,44.9%,36.3%,"87,522",6.8%,"(35,351)",-4.5%,"1,22,873",24.9%,16,13,81.3%,
REV-01733,2026,12,Dec,Q4,2026-12-01,United Kingdom,USD,Digital Engineering,Crestview Health,Healthcare,Fixed Price,"10,59,052","10,02,986","11,41,176","6,66,558","6,58,697","6,70,441","3,92,494","3,44,289","4,70,735",37.1%,34.3%,41.2%,"(56,066)",-5.3%,"(7,861)",-1.2%,"(48,205)",-12.3%,16,12,75.0%,
REV-01734,2026,12,Dec,Q4,2026-12-01,United Kingdom,USD,Digital Engineering,Delta Manufacturing,Manufacturing,Time & Material,"11,57,184","10,55,851","11,61,710","7,26,520","7,44,360","7,38,021","4,30,664","3,11,491","4,23,689",37.2%,29.5%,36.5%,"(1,01,333)",-8.8%,"17,840",2.5%,"(1,19,173)",-27.7%,14,11,78.6%,
REV-01735,2026,12,Dec,Q4,2026-12-01,United Kingdom,USD,Digital Engineering,Evergreen Telecom,Telecommunications,Managed Services,"12,35,159","12,00,479","11,61,495","7,73,420","7,33,108","7,70,209","4,61,739","4,67,371","3,91,286",37.4%,38.9%,33.7%,"(34,680)",-2.8%,"(40,312)",-5.2%,"5,632",1.2%,16,12,75.0%,
REV-01736,2026,12,Dec,Q4,2026-12-01,United Kingdom,USD,Managed Services,Apex Retail Group,Retail,Time & Material,"9,09,643","9,52,023","9,72,226","5,96,293","6,35,558","5,83,458","3,13,350","3,16,465","3,88,768",34.4%,33.2%,40.0%,"42,380",4.7%,"39,265",6.6%,"3,115",1.0%,12,10,83.3%,
REV-01737,2026,12,Dec,Q4,2026-12-01,United Kingdom,USD,Managed Services,BlueRiver Bank,Banking,Managed Services,"10,70,116","11,59,920","10,39,271","7,27,009","7,73,832","7,11,139","3,43,107","3,86,088","3,28,132",32.1%,33.3%,31.6%,"89,804",8.4%,"46,823",6.4%,"42,981",12.5%,15,13,86.7%,
REV-01738,2026,12,Dec,Q4,2026-12-01,United Kingdom,USD,Managed Services,Crestview Health,Healthcare,Fixed Price,"8,58,225","8,88,874","8,60,869","5,86,187","6,01,663","6,03,651","2,72,038","2,87,211","2,57,218",31.7%,32.3%,29.9%,"30,649",3.6%,"15,476",2.6%,"15,173",5.6%,13,11,84.6%,
REV-01739,2026,12,Dec,Q4,2026-12-01,United Kingdom,USD,Managed Services,Delta Manufacturing,Manufacturing,Time & Material,"9,77,555","10,53,976","10,34,360","6,52,913","6,43,160","6,36,792","3,24,642","4,10,816","3,97,568",33.2%,39.0%,38.4%,"76,421",7.8%,"(9,753)",-1.5%,"86,174",26.5%,14,12,85.7%,
REV-01740,2026,12,Dec,Q4,2026-12-01,United Kingdom,USD,Managed Services,Evergreen Telecom,Telecommunications,Managed Services,"10,21,974","10,56,770","10,01,620","6,80,208","6,58,694","6,68,359","3,41,766","3,98,076","3,33,261",33.4%,37.7%,33.3%,"34,796",3.4%,"(21,514)",-3.2%,"56,310",16.5%,13,11,84.6%,
REV-01741,2026,12,Dec,Q4,2026-12-01,Germany,USD,Cloud Services,Apex Retail Group,Retail,Time & Material,"11,83,713","11,23,478","12,12,233","7,19,207","7,14,414","7,52,882","4,64,506","4,09,064","4,59,351",39.2%,36.4%,37.9%,"(60,235)",-5.1%,"(4,793)",-0.7%,"(55,442)",-11.9%,17,13,76.5%,
REV-01742,2026,12,Dec,Q4,2026-12-01,Germany,USD,Cloud Services,BlueRiver Bank,Banking,Managed Services,"14,03,481","14,70,771","15,36,905","8,40,828","8,54,511","8,14,199","5,62,653","6,16,260","7,22,706",40.1%,41.9%,47.0%,"67,290",4.8%,"13,683",1.6%,"53,607",9.5%,20,16,80.0%,
REV-01743,2026,12,Dec,Q4,2026-12-01,Germany,USD,Cloud Services,Crestview Health,Healthcare,Fixed Price,"10,79,149","11,07,439","10,28,887","7,04,414","6,84,025","6,76,983","3,74,735","4,23,414","3,51,904",34.7%,38.2%,34.2%,"28,290",2.6%,"(20,389)",-2.9%,"48,679",13.0%,15,12,80.0%,
REV-01744,2026,12,Dec,Q4,2026-12-01,Germany,USD,Cloud Services,Delta Manufacturing,Manufacturing,Time & Material,"12,12,738","12,12,044","12,72,785","7,44,082","7,28,623","7,52,325","4,68,656","4,83,421","5,20,460",38.6%,39.9%,40.9%,(694),-0.1%,"(15,459)",-2.1%,"14,765",3.2%,18,14,77.8%,
REV-01745,2026,12,Dec,Q4,2026-12-01,Germany,USD,Cloud Services,Evergreen Telecom,Telecommunications,Managed Services,"13,39,534","13,66,870","13,58,586","8,33,384","8,04,376","8,29,094","5,06,150","5,62,494","5,29,492",37.8%,41.2%,39.0%,"27,336",2.0%,"(29,008)",-3.5%,"56,344",11.1%,20,16,80.0%,
REV-01746,2026,12,Dec,Q4,2026-12-01,Germany,USD,Data & Analytics,Apex Retail Group,Retail,Time & Material,"10,85,186","10,42,205","11,60,365","6,72,106","6,82,282","6,27,705","4,13,080","3,59,923","5,32,660",38.1%,34.5%,45.9%,"(42,981)",-4.0%,"10,176",1.5%,"(53,157)",-12.9%,14,11,78.6%,
REV-01747,2026,12,Dec,Q4,2026-12-01,Germany,USD,Data & Analytics,BlueRiver Bank,Banking,Managed Services,"13,42,984","12,36,990","13,85,090","8,12,912","8,36,531","8,12,741","5,30,072","4,00,459","5,72,349",39.5%,32.4%,41.3%,"(1,05,994)",-7.9%,"23,619",2.9%,"(1,29,613)",-24.5%,20,15,75.0%,
REV-01748,2026,12,Dec,Q4,2026-12-01,Germany,USD,Data & Analytics,Crestview Health,Healthcare,Fixed Price,"10,59,571","9,82,683","11,01,623","6,60,944","6,34,539","6,67,051","3,98,627","3,48,144","4,34,572",37.6%,35.4%,39.4%,"(76,888)",-7.3%,"(26,405)",-4.0%,"(50,483)",-12.7%,15,11,73.3%,
REV-01749,2026,12,Dec,Q4,2026-12-01,Germany,USD,Data & Analytics,Delta Manufacturing,Manufacturing,Time & Material,"11,99,902","12,16,341","11,55,417","7,31,338","7,24,014","7,08,972","4,68,564","4,92,327","4,46,445",39.1%,40.5%,38.6%,"16,439",1.4%,"(7,324)",-1.0%,"23,763",5.1%,18,15,83.3%,
REV-01750,2026,12,Dec,Q4,2026-12-01,Germany,USD,Data & Analytics,Evergreen Telecom,Telecommunications,Managed Services,"12,42,724","12,14,510","11,87,338","7,78,428","7,96,999","7,67,232","4,64,296","4,17,511","4,20,106",37.4%,34.4%,35.4%,"(28,214)",-2.3%,"18,571",2.4%,"(46,785)",-10.1%,17,13,76.5%,
REV-01751,2026,12,Dec,Q4,2026-12-01,Germany,USD,Cybersecurity,Apex Retail Group,Retail,Time & Material,"11,01,231","11,21,180","11,22,302","6,73,797","7,06,483","6,37,328","4,27,434","4,14,697","4,84,974",38.8%,37.0%,43.2%,"19,949",1.8%,"32,686",4.9%,"(12,737)",-3.0%,15,13,86.7%,
REV-01752,2026,12,Dec,Q4,2026-12-01,Germany,USD,Cybersecurity,BlueRiver Bank,Banking,Managed Services,"12,49,837","12,03,520","12,80,538","7,82,545","8,12,139","7,78,446","4,67,292","3,91,381","5,02,092",37.4%,32.5%,39.2%,"(46,317)",-3.7%,"29,594",3.8%,"(75,911)",-16.2%,17,14,82.4%,
REV-01753,2026,12,Dec,Q4,2026-12-01,Germany,USD,Cybersecurity,Crestview Health,Healthcare,Fixed Price,"9,97,913","10,75,152","9,86,382","6,38,518","6,38,607","5,92,361","3,59,395","4,36,545","3,94,021",36.0%,40.6%,39.9%,"77,239",7.7%,89,0.0%,"77,150",21.5%,15,12,80.0%,
REV-01754,2026,12,Dec,Q4,2026-12-01,Germany,USD,Cybersecurity,Delta Manufacturing,Manufacturing,Time & Material,"11,53,609","11,65,437","11,68,102","7,00,607","7,20,415","6,97,824","4,53,002","4,45,022","4,70,278",39.3%,38.2%,40.3%,"11,828",1.0%,"19,808",2.8%,"(7,980)",-1.8%,15,12,80.0%,
REV-01755,2026,12,Dec,Q4,2026-12-01,Germany,USD,Cybersecurity,Evergreen Telecom,Telecommunications,Managed Services,"11,82,318","12,14,700","11,95,416","7,18,166","6,63,945","6,98,202","4,64,152","5,50,755","4,97,214",39.3%,45.3%,41.6%,"32,382",2.7%,"(54,221)",-7.5%,"86,603",18.7%,18,15,83.3%,
REV-01756,2026,12,Dec,Q4,2026-12-01,Germany,USD,Enterprise Applications,Apex Retail Group,Retail,Time & Material,"10,54,926","9,76,187","10,42,257","6,47,747","6,47,115","6,18,897","4,07,179","3,29,072","4,23,360",38.6%,33.7%,40.6%,"(78,739)",-7.5%,(632),-0.1%,"(78,107)",-19.2%,16,13,81.3%,
REV-01757,2026,12,Dec,Q4,2026-12-01,Germany,USD,Enterprise Applications,BlueRiver Bank,Banking,Managed Services,"11,50,809","12,62,211","11,53,656","7,10,178","6,82,660","6,86,136","4,40,631","5,79,551","4,67,520",38.3%,45.9%,40.5%,"1,11,402",9.7%,"(27,518)",-3.9%,"1,38,920",31.5%,17,14,82.4%,
REV-01758,2026,12,Dec,Q4,2026-12-01,Germany,USD,Enterprise Applications,Crestview Health,Healthcare,Fixed Price,"9,37,516","9,68,065","9,64,701","6,04,454","5,99,818","6,28,787","3,33,062","3,68,247","3,35,914",35.5%,38.0%,34.8%,"30,549",3.3%,"(4,636)",-0.8%,"35,185",10.6%,13,11,84.6%,
REV-01759,2026,12,Dec,Q4,2026-12-01,Germany,USD,Enterprise Applications,Delta Manufacturing,Manufacturing,Time & Material,"10,67,559","11,72,204","10,94,418","6,56,197","6,76,748","6,60,778","4,11,362","4,95,456","4,33,640",38.5%,42.3%,39.6%,"1,04,645",9.8%,"20,551",3.1%,"84,094",20.4%,14,12,85.7%,
REV-01760,2026,12,Dec,Q4,2026-12-01,Germany,USD,Enterprise Applications,Evergreen Telecom,Telecommunications,Managed Services,"11,61,383","12,57,800","11,78,625","7,05,563","7,25,482","7,22,276","4,55,820","5,32,318","4,56,349",39.2%,42.3%,38.7%,"96,417",8.3%,"19,919",2.8%,"76,498",16.8%,16,14,87.5%,
REV-01761,2026,12,Dec,Q4,2026-12-01,Germany,USD,Digital Engineering,Apex Retail Group,Retail,Time & Material,"10,38,080","10,88,388","10,50,600","6,24,600","6,42,293","5,90,450","4,13,480","4,46,095","4,60,150",39.8%,41.0%,43.8%,"50,308",4.8%,"17,693",2.8%,"32,615",7.9%,13,11,84.6%,
REV-01762,2026,12,Dec,Q4,2026-12-01,Germany,USD,Digital Engineering,BlueRiver Bank,Banking,Managed Services,"12,60,959","12,78,260","11,69,963","7,83,187","8,32,593","7,66,645","4,77,772","4,45,667","4,03,318",37.9%,34.9%,34.5%,"17,301",1.4%,"49,406",6.3%,"(32,105)",-6.7%,17,13,76.5%,
REV-01763,2026,12,Dec,Q4,2026-12-01,Germany,USD,Digital Engineering,Crestview Health,Healthcare,Fixed Price,"9,52,663","8,69,392","9,94,127","6,03,879","6,01,693","6,02,113","3,48,784","2,67,699","3,92,014",36.6%,30.8%,39.4%,"(83,271)",-8.7%,"(2,186)",-0.4%,"(81,085)",-23.2%,13,10,76.9%,
REV-01764,2026,12,Dec,Q4,2026-12-01,Germany,USD,Digital Engineering,Delta Manufacturing,Manufacturing,Time & Material,"11,29,399","11,71,795","10,71,490","6,81,446","6,51,137","7,14,759","4,47,953","5,20,658","3,56,731",39.7%,44.4%,33.3%,"42,396",3.8%,"(30,309)",-4.4%,"72,705",16.2%,18,15,83.3%,
REV-01765,2026,12,Dec,Q4,2026-12-01,Germany,USD,Digital Engineering,Evergreen Telecom,Telecommunications,Managed Services,"11,97,011","11,18,686","12,16,764","7,26,109","6,95,207","6,96,888","4,70,902","4,23,479","5,19,876",39.3%,37.9%,42.7%,"(78,325)",-6.5%,"(30,902)",-4.3%,"(47,423)",-10.1%,16,13,81.3%,
REV-01766,2026,12,Dec,Q4,2026-12-01,Germany,USD,Managed Services,Apex Retail Group,Retail,Time & Material,"8,97,121","9,54,146","9,08,177","5,90,716","5,72,123","5,66,797","3,06,405","3,82,023","3,41,380",34.2%,40.0%,37.6%,"57,025",6.4%,"(18,593)",-3.1%,"75,618",24.7%,14,12,85.7%,
REV-01767,2026,12,Dec,Q4,2026-12-01,Germany,USD,Managed Services,BlueRiver Bank,Banking,Managed Services,"10,07,266","10,99,423","10,29,681","6,86,047","6,94,766","6,61,730","3,21,219","4,04,657","3,67,951",31.9%,36.8%,35.7%,"92,157",9.1%,"8,719",1.3%,"83,438",26.0%,14,12,85.7%,
REV-01768,2026,12,Dec,Q4,2026-12-01,Germany,USD,Managed Services,Crestview Health,Healthcare,Fixed Price,"8,25,802","7,58,255","8,20,899","5,83,375","6,25,496","6,02,813","2,42,427","1,32,759","2,18,086",29.4%,17.5%,26.6%,"(67,547)",-8.2%,"42,121",7.2%,"(1,09,668)",-45.2%,12,9,75.0%,
REV-01769,2026,12,Dec,Q4,2026-12-01,Germany,USD,Managed Services,Delta Manufacturing,Manufacturing,Time & Material,"8,93,529","8,28,580","8,61,798","5,95,514","5,94,654","5,76,761","2,98,015","2,33,926","2,85,037",33.4%,28.2%,33.1%,"(64,949)",-7.3%,(860),-0.1%,"(64,089)",-21.5%,13,10,76.9%,
REV-01770,2026,12,Dec,Q4,2026-12-01,Germany,USD,Managed Services,Evergreen Telecom,Telecommunications,Managed Services,"9,56,970","9,06,133","10,24,899","6,39,374","6,58,286","6,55,617","3,17,596","2,47,847","3,69,282",33.2%,27.4%,36.0%,"(50,837)",-5.3%,"18,912",3.0%,"(69,749)",-22.0%,14,11,78.6%,
REV-01771,2026,12,Dec,Q4,2026-12-01,Singapore,USD,Cloud Services,Apex Retail Group,Retail,Time & Material,"11,78,664","12,10,862","11,02,610","7,26,390","7,36,157","7,51,647","4,52,274","4,74,705","3,50,963",38.4%,39.2%,31.8%,"32,198",2.7%,"9,767",1.3%,"22,431",5.0%,18,15,83.3%,
REV-01772,2026,12,Dec,Q4,2026-12-01,Singapore,USD,Cloud Services,BlueRiver Bank,Banking,Managed Services,"13,51,041","12,10,996","12,92,500","8,33,125","8,54,471","8,02,856","5,17,916","3,56,525","4,89,644",38.3%,29.4%,37.9%,"(1,40,045)",-10.4%,"21,346",2.6%,"(1,61,391)",-31.2%,20,15,75.0%,
REV-01773,2026,12,Dec,Q4,2026-12-01,Singapore,USD,Cloud Services,Crestview Health,Healthcare,Fixed Price,"10,52,334","11,50,500","10,97,388","6,74,368","7,26,142","6,33,250","3,77,966","4,24,358","4,64,138",35.9%,36.9%,42.3%,"98,166",9.3%,"51,774",7.7%,"46,392",12.3%,15,13,86.7%,
REV-01774,2026,12,Dec,Q4,2026-12-01,Singapore,USD,Cloud Services,Delta Manufacturing,Manufacturing,Time & Material,"12,02,120","12,83,439","11,64,598","7,21,254","7,09,058","7,37,395","4,80,866","5,74,381","4,27,203",40.0%,44.8%,36.7%,"81,319",6.8%,"(12,196)",-1.7%,"93,515",19.4%,18,15,83.3%,
REV-01775,2026,12,Dec,Q4,2026-12-01,Singapore,USD,Cloud Services,Evergreen Telecom,Telecommunications,Managed Services,"12,58,633","11,56,979","11,66,127","7,79,725","7,60,502","7,48,213","4,78,908","3,96,477","4,17,914",38.0%,34.3%,35.8%,"(1,01,654)",-8.1%,"(19,223)",-2.5%,"(82,431)",-17.2%,19,15,78.9%,
REV-01776,2026,12,Dec,Q4,2026-12-01,Singapore,USD,Data & Analytics,Apex Retail Group,Retail,Time & Material,"11,03,331","10,03,697","11,08,678","6,65,637","6,76,286","6,97,374","4,37,694","3,27,411","4,11,304",39.7%,32.6%,37.1%,"(99,634)",-9.0%,"10,649",1.6%,"(1,10,283)",-25.2%,17,13,76.5%,
REV-01777,2026,12,Dec,Q4,2026-12-01,Singapore,USD,Data & Analytics,BlueRiver Bank,Banking,Managed Services,"12,66,565","11,49,820","13,11,747","7,79,836","8,06,842","8,02,792","4,86,729","3,42,978","5,08,955",38.4%,29.8%,38.8%,"(1,16,745)",-9.2%,"27,006",3.5%,"(1,43,751)",-29.5%,20,15,75.0%,
REV-01778,2026,12,Dec,Q4,2026-12-01,Singapore,USD,Data & Analytics,Crestview Health,Healthcare,Fixed Price,"10,02,436","9,35,737","10,62,267","6,49,601","7,02,468","6,51,168","3,52,835","2,33,269","4,11,099",35.2%,24.9%,38.7%,"(66,699)",-6.7%,"52,867",8.1%,"(1,19,566)",-33.9%,14,11,78.6%,
REV-01779,2026,12,Dec,Q4,2026-12-01,Singapore,USD,Data & Analytics,Delta Manufacturing,Manufacturing,Time & Material,"11,40,849","12,29,102","10,92,386","7,05,913","6,91,117","6,93,148","4,34,936","5,37,985","3,99,238",38.1%,43.8%,36.5%,"88,253",7.7%,"(14,796)",-2.1%,"1,03,049",23.7%,19,16,84.2%,
REV-01780,2026,12,Dec,Q4,2026-12-01,Singapore,USD,Data & Analytics,Evergreen Telecom,Telecommunications,Managed Services,"11,85,369","12,05,284","11,37,800","7,33,683","7,32,665","7,71,900","4,51,686","4,72,619","3,65,900",38.1%,39.2%,32.2%,"19,915",1.7%,"(1,018)",-0.1%,"20,933",4.6%,18,14,77.8%,
REV-01781,2026,12,Dec,Q4,2026-12-01,Singapore,USD,Cybersecurity,Apex Retail Group,Retail,Time & Material,"10,67,955","11,52,764","11,50,263","6,64,710","6,85,881","6,58,139","4,03,245","4,66,883","4,92,124",37.8%,40.5%,42.8%,"84,809",7.9%,"21,171",3.2%,"63,638",15.8%,16,14,87.5%,
REV-01782,2026,12,Dec,Q4,2026-12-01,Singapore,USD,Cybersecurity,BlueRiver Bank,Banking,Managed Services,"12,48,327","12,23,233","12,14,093","7,69,622","7,53,141","7,74,634","4,78,705","4,70,092","4,39,459",38.3%,38.4%,36.2%,"(25,094)",-2.0%,"(16,481)",-2.1%,"(8,613)",-1.8%,19,15,78.9%,
REV-01783,2026,12,Dec,Q4,2026-12-01,Singapore,USD,Cybersecurity,Crestview Health,Healthcare,Fixed Price,"9,74,567","9,91,251","9,85,858","6,26,301","6,29,278","6,08,203","3,48,266","3,61,973","3,77,655",35.7%,36.5%,38.3%,"16,684",1.7%,"2,977",0.5%,"13,707",3.9%,15,12,80.0%,
REV-01784,2026,12,Dec,Q4,2026-12-01,Singapore,USD,Cybersecurity,Delta Manufacturing,Manufacturing,Time & Material,"11,00,451","10,02,899","11,55,440","6,87,295","6,76,124","6,87,257","4,13,156","3,26,775","4,68,183",37.5%,32.6%,40.5%,"(97,552)",-8.9%,"(11,171)",-1.6%,"(86,381)",-20.9%,15,11,73.3%,
REV-01785,2026,12,Dec,Q4,2026-12-01,Singapore,USD,Cybersecurity,Evergreen Telecom,Telecommunications,Managed Services,"11,58,751","11,17,076","11,98,993","7,09,968","7,46,088","7,27,751","4,48,783","3,70,988","4,71,242",38.7%,33.2%,39.3%,"(41,675)",-3.6%,"36,120",5.1%,"(77,795)",-17.3%,16,12,75.0%,
REV-01786,2026,12,Dec,Q4,2026-12-01,Singapore,USD,Enterprise Applications,Apex Retail Group,Retail,Time & Material,"9,97,983","10,32,785","10,23,202","6,16,794","5,92,733","6,47,106","3,81,189","4,40,052","3,76,096",38.2%,42.6%,36.8%,"34,802",3.5%,"(24,061)",-3.9%,"58,863",15.4%,13,11,84.6%,
REV-01787,2026,12,Dec,Q4,2026-12-01,Singapore,USD,Enterprise Applications,BlueRiver Bank,Banking,Managed Services,"11,72,346","12,58,696","11,04,536","7,30,383","7,08,588","6,91,399","4,41,963","5,50,108","4,13,137",37.7%,43.7%,37.4%,"86,350",7.4%,"(21,795)",-3.0%,"1,08,145",24.5%,19,16,84.2%,
REV-01788,2026,12,Dec,Q4,2026-12-01,Singapore,USD,Enterprise Applications,Crestview Health,Healthcare,Fixed Price,"8,80,506","7,98,263","8,92,666","5,62,597","5,50,332","5,81,584","3,17,909","2,47,931","3,11,082",36.1%,31.1%,34.8%,"(82,243)",-9.3%,"(12,265)",-2.2%,"(69,978)",-22.0%,13,10,76.9%,
REV-01789,2026,12,Dec,Q4,2026-12-01,Singapore,USD,Enterprise Applications,Delta Manufacturing,Manufacturing,Time & Material,"10,11,275","10,31,057","9,90,656","6,10,278","5,92,122","6,49,191","4,00,997","4,38,935","3,41,465",39.7%,42.6%,34.5%,"19,782",2.0%,"(18,156)",-3.0%,"37,938",9.5%,15,13,86.7%,
REV-01790,2026,12,Dec,Q4,2026-12-01,Singapore,USD,Enterprise Applications,Evergreen Telecom,Telecommunications,Managed Services,"10,92,376","11,94,012","11,05,711","6,85,763","7,02,228","6,85,684","4,06,613","4,91,784","4,20,027",37.2%,41.2%,38.0%,"1,01,636",9.3%,"16,465",2.4%,"85,171",20.9%,17,15,88.2%,
REV-01791,2026,12,Dec,Q4,2026-12-01,Singapore,USD,Digital Engineering,Apex Retail Group,Retail,Time & Material,"10,26,692","11,04,896","9,94,558","6,43,537","6,36,077","6,64,459","3,83,155","4,68,819","3,30,099",37.3%,42.4%,33.2%,"78,204",7.6%,"(7,460)",-1.2%,"85,664",22.4%,15,12,80.0%,
REV-01792,2026,12,Dec,Q4,2026-12-01,Singapore,USD,Digital Engineering,BlueRiver Bank,Banking,Managed Services,"11,61,691","11,96,176","12,13,964","7,30,043","7,79,424","7,35,650","4,31,648","4,16,752","4,78,314",37.2%,34.8%,39.4%,"34,485",3.0%,"49,381",6.8%,"(14,896)",-3.5%,16,13,81.3%,
REV-01793,2026,12,Dec,Q4,2026-12-01,Singapore,USD,Digital Engineering,Crestview Health,Healthcare,Fixed Price,"9,22,374","9,77,834","8,98,884","5,79,579","6,25,209","5,64,556","3,42,795","3,52,625","3,34,328",37.2%,36.1%,37.2%,"55,460",6.0%,"45,630",7.9%,"9,830",2.9%,14,12,85.7%,
REV-01794,2026,12,Dec,Q4,2026-12-01,Singapore,USD,Digital Engineering,Delta Manufacturing,Manufacturing,Time & Material,"10,74,407","11,17,553","10,87,613","6,68,880","7,25,215","6,97,029","4,05,527","3,92,338","3,90,584",37.7%,35.1%,35.9%,"43,146",4.0%,"56,335",8.4%,"(13,189)",-3.3%,15,13,86.7%,
REV-01795,2026,12,Dec,Q4,2026-12-01,Singapore,USD,Digital Engineering,Evergreen Telecom,Telecommunications,Managed Services,"11,12,516","10,14,966","10,94,497","6,90,230","6,78,313","7,08,933","4,22,286","3,36,653","3,85,564",38.0%,33.2%,35.2%,"(97,550)",-8.8%,"(11,917)",-1.7%,"(85,633)",-20.3%,18,14,77.8%,
REV-01796,2026,12,Dec,Q4,2026-12-01,Singapore,USD,Managed Services,Apex Retail Group,Retail,Time & Material,"8,32,453","7,95,883","8,68,499","5,56,854","5,76,102","5,49,925","2,75,599","2,19,781","3,18,574",33.1%,27.6%,36.7%,"(36,570)",-4.4%,"19,248",3.5%,"(55,818)",-20.3%,11,9,81.8%,
REV-01797,2026,12,Dec,Q4,2026-12-01,Singapore,USD,Managed Services,BlueRiver Bank,Banking,Managed Services,"9,94,993","10,25,338","9,71,002","6,48,482","6,50,310","6,48,099","3,46,511","3,75,028","3,22,903",34.8%,36.6%,33.3%,"30,345",3.0%,"1,828",0.3%,"28,517",8.2%,15,13,86.7%,
REV-01798,2026,12,Dec,Q4,2026-12-01,Singapore,USD,Managed Services,Crestview Health,Healthcare,Fixed Price,"7,44,810","7,50,364","7,34,802","5,04,456","5,09,332","4,82,330","2,40,354","2,41,032","2,52,472",32.3%,32.1%,34.4%,"5,554",0.7%,"4,876",1.0%,678,0.3%,12,10,83.3%,
REV-01799,2026,12,Dec,Q4,2026-12-01,Singapore,USD,Managed Services,Delta Manufacturing,Manufacturing,Time & Material,"8,90,111","9,72,506","8,43,119","5,88,863","5,93,013","5,63,074","3,01,248","3,79,493","2,80,045",33.8%,39.0%,33.2%,"82,395",9.3%,"4,150",0.7%,"78,245",26.0%,14,12,85.7%,
REV-01800,2026,12,Dec,Q4,2026-12-01,Singapore,USD,Managed Services,Evergreen Telecom,Telecommunications,Managed Services,"8,99,163","8,93,644","8,68,544","6,10,253","6,16,026","5,97,412","2,88,910","2,77,618","2,71,132",32.1%,31.1%,31.2%,"(5,519)",-0.6%,"5,773",0.9%,"(11,292)",-3.9%,12,10,83.3%,
